scenario,comparator,metric,care_score_mean,comparator_mean,mean_diff,ci_low,ci_high,verdict
S1,latest,median_wait_vulnerable,9.47703017999183,53.727256794708325,-44.25022661471646,-46.40548217508465,-42.03038099480047,win
S1,latest,unserved_frac_vulnerable,0.06734140187478953,0.5743703239471253,-0.5070289220723357,-0.5159567319062752,-0.49814654861815266,win
S1,latest,fully_staffed_frac_vulnerable,0.9197716134541629,0.28952471195497137,0.6302469014991912,0.621682953935317,0.6384813609007968,win
S1,latest,wait_gap_vulnerable,-32.84308729249003,-11.789960668759482,-21.05312662373056,-23.365013112646235,-18.749397620916987,win
S1,latest,median_wait_severe,10.738437591859114,59.20534809275204,-48.466910500892915,-50.262183957267155,-46.60329686752256,win
S1,latest,unserved_frac_severe,0.0710096686756947,0.6173079922640287,-0.5462983235883346,-0.5563450679178068,-0.536537129636298,win
S1,latest,fully_staffed_frac_severe,0.9198035496271405,0.2530194437910547,0.6667841058360858,0.6578172611722225,0.6757443565203066,win
S1,latest,wait_gap_severe,-22.649282660591876,-5.615493769738878,-17.033788890853003,-18.910223146122053,-15.120604831354838,win
S1,latest,invalid_claim_frac,0,0.6181276415063863,-0.6181276415063863,-0.6215557010661173,-0.6147833116236201,win
S1,latest,gini,0.49465348841896173,0.7230810281441622,-0.2284275397252003,-0.2313343647104389,-0.22560011681939515,win
S1,latest,mean_commute_min,18.07496871788701,19.870248764297695,-1.7952800464106902,-1.9062838139071527,-1.6892584914473288,win
S1,nearest,median_wait_vulnerable,9.47703017999183,64.6459214087344,-55.16889122874259,-55.4446842878503,-54.90055532959113,win
S1,nearest,unserved_frac_vulnerable,0.06734140187478953,0.9535269848045899,-0.8861855829298009,-0.8909928960536733,-0.8812142156491625,win
S1,nearest,fully_staffed_frac_vulnerable,0.9197716134541629,0.041014582526825036,0.8787570309273383,0.8735019266218349,0.8837684944013506,win
S1,nearest,wait_gap_vulnerable,-32.84308729249003,-1.696622589687375,-31.14646470280266,-31.845030364048494,-30.465694203180227,win
S1,nearest,median_wait_severe,10.738437591859114,65.62587309646047,-54.887435504601335,-55.21980214771172,-54.53545517401202,win
S1,nearest,unserved_frac_severe,0.0710096686756947,0.9484601835120636,-0.8774505148363682,-0.8832991375971272,-0.8714526666622225,win
S1,nearest,fully_staffed_frac_severe,0.9198035496271405,0.046335580777983186,0.8734679688491565,0.8676309318161136,0.8795706543184149,win
S1,nearest,wait_gap_severe,-22.649282660591876,-0.3150220645678971,-22.334260596023995,-23.08448557470673,-21.643455670905063,win
S1,nearest,invalid_claim_frac,0,0.9360401896893639,-0.9360401896893639,-0.9374173378904453,-0.9346895219609261,win
S1,nearest,gini,0.49465348841896173,0.9631143634195413,-0.4684608750005797,-0.47022662859928216,-0.4667706131740375,win
S1,nearest,mean_commute_min,18.07496871788701,5.188064609472453,12.886904108414566,12.58583080100016,13.200809705368858,baseline_better
S1,attention,median_wait_vulnerable,9.47703017999183,44.977083837969055,-35.500053657977226,-36.830428405705526,-34.210822518405585,win
S1,attention,unserved_frac_vulnerable,0.06734140187478953,0.4834876554387797,-0.41614625356399,-0.42533566259656724,-0.4076654794123121,win
S1,attention,fully_staffed_frac_vulnerable,0.9197716134541629,0.29998115392426955,0.6197904595298933,0.6113226871046776,0.6283056591605692,win
S1,attention,wait_gap_vulnerable,-32.84308729249003,29.003463411523263,-61.8465507040133,-63.254502563223504,-60.34800643204116,win
S1,attention,median_wait_severe,10.738437591859114,25.582845701229797,-14.844408109370688,-16.26317301682315,-13.468781905141112,win
S1,attention,unserved_frac_severe,0.0710096686756947,0.3604541973300626,-0.289444528654368,-0.2997185944915242,-0.279133515339376,win
S1,attention,fully_staffed_frac_severe,0.9198035496271405,0.4138217961585228,0.5059817534686172,0.4952268811528144,0.5164093765283538,win
S1,attention,wait_gap_severe,-22.649282660591876,5.9173255008814,-28.566608161473297,-30.382603614456034,-26.88811976193124,win
S1,attention,invalid_claim_frac,0,0.3173683277916501,-0.3173683277916501,-0.3212168292304663,-0.3137478235975155,win
S1,attention,gini,0.49465348841896173,0.5120180862651984,-0.017364597846237066,-0.020312009077583442,-0.01428399145849627,win
S1,attention,mean_commute_min,18.07496871788701,19.796216679044267,-1.721247961157259,-1.81090999130271,-1.6350188241223251,win
S1,random,median_wait_vulnerable,9.47703017999183,13.485730044975634,-4.008699864983792,-4.414514247614728,-3.621656778205839,win
S1,random,unserved_frac_vulnerable,0.06734140187478953,0.1894164959416962,-0.12207509406690675,-0.12867832785813937,-0.1151345477975519,win
S1,random,fully_staffed_frac_vulnerable,0.9197716134541629,0.5015493319213756,0.4182222815327878,0.4099974383144692,0.42662544415372095,win
S1,random,wait_gap_vulnerable,-32.84308729249003,0.1855809281347683,-33.028668220624816,-33.83751645465392,-32.22070247235132,win
S1,random,median_wait_severe,10.738437591859114,13.978911725629771,-3.24047413377066,-3.793281057952149,-2.7130467752504472,win
S1,random,unserved_frac_severe,0.0710096686756947,0.1782878618982627,-0.10727819322256797,-0.11551078068426913,-0.09907408679958218,win
S1,random,fully_staffed_frac_severe,0.9198035496271405,0.5096569666953877,0.41014658293175205,0.3996992170592766,0.42042898308476606,win
S1,random,wait_gap_severe,-22.649282660591876,0.7809520584235349,-23.430234719015413,-24.323343532861315,-22.5306970191623,win
S1,random,invalid_claim_frac,0,0.16571937937796385,-0.16571937937796385,-0.16794950335807632,-0.16335901609370382,win
S1,random,gini,0.49465348841896173,0.3699441029870357,0.12470938543192595,0.12178260901813254,0.12744171108048755,baseline_better
S1,random,mean_commute_min,18.07496871788701,19.828057883994678,-1.7530891661076695,-1.8262305660164686,-1.6760436590283645,win
S1,coordinated_latest,median_wait_vulnerable,9.47703017999183,10.309272642980682,-0.8322424629888447,-1.841087752001667,0.16167690287375597,ci_includes_zero
S1,coordinated_latest,unserved_frac_vulnerable,0.06734140187478953,0.2339941178607166,-0.16665271598592696,-0.1735722406943426,-0.15952026412748926,win
S1,coordinated_latest,fully_staffed_frac_vulnerable,0.9197716134541629,0.7478624871966739,0.17190912625749008,0.16430641852939337,0.17960040112501224,win
S1,coordinated_latest,wait_gap_vulnerable,-32.84308729249003,-14.394782055656433,-18.448305236833598,-19.935059025096123,-16.928850194504662,win
S1,coordinated_latest,median_wait_severe,10.738437591859114,20.086726806078705,-9.348289214219582,-10.95936916605477,-7.7581156556568995,win
S1,coordinated_latest,unserved_frac_severe,0.0710096686756947,0.27484514310103736,-0.20383547442534267,-0.2138660563819747,-0.1942981969899755,win
S1,coordinated_latest,fully_staffed_frac_severe,0.9198035496271405,0.7035634545239441,0.21624009510319595,0.20654312451958914,0.22671659070164926,win
S1,coordinated_latest,wait_gap_severe,-22.649282660591876,-0.9406262572815155,-21.708656403310354,-23.663789364126483,-19.779418674411517,win
S1,coordinated_latest,invalid_claim_frac,0,0,0,0,0,ci_includes_zero
S1,coordinated_latest,gini,0.49465348841896173,0.4909526049641199,0.0037008834548417926,0.0017891716741137728,0.0056361935021762765,baseline_better
S1,coordinated_latest,mean_commute_min,18.07496871788701,19.846496811223016,-1.7715280933359987,-1.849708442967181,-1.698253271327233,win
S1,coordinated_nearest,median_wait_vulnerable,9.47703017999183,27.239020967722375,-17.761990787730557,-18.646539065876926,-16.916460916728724,win
S1,coordinated_nearest,unserved_frac_vulnerable,0.06734140187478953,0.3017685137381923,-0.23442711186340284,-0.24140672242334374,-0.22717249036236045,win
S1,coordinated_nearest,fully_staffed_frac_vulnerable,0.9197716134541629,0.6954174668893667,0.2243541465647964,0.2170828138584681,0.23182571349228995,win
S1,coordinated_nearest,wait_gap_vulnerable,-32.84308729249003,-0.5229613226018873,-32.32012596988816,-33.47499319810517,-31.148933529853664,win
S1,coordinated_nearest,median_wait_severe,10.738437591859114,29.266264376740693,-18.527826784881576,-19.692963043730813,-17.413666834396995,win
S1,coordinated_nearest,unserved_frac_severe,0.0710096686756947,0.30970460034547365,-0.23869493166977923,-0.24700484357157862,-0.22967450071284057,win
S1,coordinated_nearest,fully_staffed_frac_severe,0.9198035496271405,0.6872594680533859,0.2325440815737538,0.22346871377387056,0.241263896924547,win
S1,coordinated_nearest,wait_gap_severe,-22.649282660591876,2.1690521651208687,-24.81833482571273,-26.260839114318394,-23.438092978799464,win
S1,coordinated_nearest,invalid_claim_frac,0,0,0,0,0,ci_includes_zero
S1,coordinated_nearest,gini,0.49465348841896173,0.4992687207456972,-0.0046152323267357204,-0.006417664110747237,-0.002814705312088124,win
S1,coordinated_nearest,mean_commute_min,18.07496871788701,15.778168716816435,2.296800001070596,2.2170776067298963,2.375146979611279,baseline_better
S1,care_score_uncoordinated,median_wait_vulnerable,9.47703017999183,62.8483043322376,-53.37127415224582,-53.64427748970432,-53.09764444019968,win
S1,care_score_uncoordinated,unserved_frac_vulnerable,0.06734140187478953,0.836984557483753,-0.7696431556089625,-0.7748490949951923,-0.7643428057375856,win
S1,care_score_uncoordinated,fully_staffed_frac_vulnerable,0.9197716134541629,0.14134572301705978,0.7784258904371028,0.7730511833781255,0.7836615638784152,win
S1,care_score_uncoordinated,wait_gap_vulnerable,-32.84308729249003,-3.7920503677948463,-29.051036924695193,-29.751928209219873,-28.361052489586843,win
S1,care_score_uncoordinated,median_wait_severe,10.738437591859114,64.12336100761003,-53.38492341575091,-53.72897725225815,-53.03954003510274,win
S1,care_score_uncoordinated,unserved_frac_severe,0.0710096686756947,0.8381528026527494,-0.7671431339770549,-0.7741280936191921,-0.7604643928558352,win
S1,care_score_uncoordinated,fully_staffed_frac_severe,0.9198035496271405,0.1406383873829721,0.7791651622441674,0.7724348451069893,0.7857924814529778,win
S1,care_score_uncoordinated,wait_gap_severe,-22.649282660591876,-1.9793015993396308,-20.66998106125226,-21.412679460748524,-19.967802560953587,win
S1,care_score_uncoordinated,invalid_claim_frac,0,0.9270990389092496,-0.9270990389092496,-0.9287319735254234,-0.9255604359468111,win
S1,care_score_uncoordinated,gini,0.49465348841896173,0.9592330507334875,-0.46457956231452546,-0.4664265158763367,-0.4628212725480545,win
S1,care_score_uncoordinated,mean_commute_min,18.07496871788701,19.992145567581648,-1.9171768496946209,-2.2435078189398343,-1.6047280642882862,win
S1,care_score_full_compliance,median_wait_vulnerable,9.47703017999183,7.69904212543596,1.7779880545558808,1.628379738084475,1.9251922114755056,baseline_better
S1,care_score_full_compliance,unserved_frac_vulnerable,0.06734140187478953,0.038442858685348955,0.028898543189440642,0.025129302352437353,0.03269091380802075,baseline_better
S1,care_score_full_compliance,fully_staffed_frac_vulnerable,0.9197716134541629,0.9558697061533644,-0.03609809269920089,-0.03999804012405996,-0.03187791409555257,baseline_better
S1,care_score_full_compliance,wait_gap_vulnerable,-32.84308729249003,-38.50490587049172,5.661818578001665,5.031183185924439,6.238927852926346,baseline_better
S1,care_score_full_compliance,median_wait_severe,10.738437591859114,9.046596346422591,1.691841245436524,1.495093021263852,1.885742288572343,baseline_better
S1,care_score_full_compliance,unserved_frac_severe,0.0710096686756947,0.046552323014609764,0.0244573456610849,0.020095633158689542,0.028765626426733058,baseline_better
S1,care_score_full_compliance,fully_staffed_frac_severe,0.9198035496271405,0.9449148639541659,-0.025111314327026246,-0.02989971013786482,-0.020554919539780864,baseline_better
S1,care_score_full_compliance,wait_gap_severe,-22.649282660591876,-24.935834258647642,2.286551598055763,1.6886635260170615,2.8888507577498777,baseline_better
S1,care_score_full_compliance,invalid_claim_frac,0,0,0,0,0,ci_includes_zero
S1,care_score_full_compliance,gini,0.49465348841896173,0.49343172002857716,0.0012217683903843473,-0.0001810910545290545,0.0026152639037690145,ci_includes_zero
S1,care_score_full_compliance,mean_commute_min,18.07496871788701,19.860203572050168,-1.785234854163153,-1.8441070102783015,-1.7280720668889809,win
S2,latest,median_wait_vulnerable,13.984707594536761,61.80316083625693,-47.81845324172022,-48.69797957067955,-46.74277009189621,win
S2,latest,unserved_frac_vulnerable,0.20852464385378822,0.6357185943258549,-0.4271939504720678,-0.43642415320151734,-0.4179881476041159,win
S2,latest,fully_staffed_frac_vulnerable,0.7714823699603782,0.23364384633633578,0.5378385236240429,0.5288704904555916,0.5469015230694502,win
S2,latest,wait_gap_vulnerable,-46.50482587170166,-4.215131891717851,-42.28969397998383,-43.21352011016661,-41.19807458539745,win
S2,latest,median_wait_severe,15.68218572283376,64.480718098937,-48.79853237610324,-49.3751581441703,-48.13323906045843,win
S2,latest,unserved_frac_severe,0.17531772519914043,0.6784461427964983,-0.5031284175973579,-0.5144855850326228,-0.4911674618815836,win
S2,latest,fully_staffed_frac_severe,0.8030275874830459,0.19934535623636404,0.6036822312466815,0.5922846632525752,0.6142914901370501,win
S2,latest,wait_gap_severe,-42.47254022316844,-0.9547395987532186,-41.517800624415244,-42.17947068462418,-40.784688631699986,win
S2,latest,invalid_claim_frac,0,0.5700914015897379,-0.5700914015897379,-0.5739297179414325,-0.5662148448068722,win
S2,latest,gini,0.6361009567590817,0.7623924663632647,-0.12629150960418292,-0.1293924264729628,-0.12315672860639187,win
S2,latest,mean_commute_min,17.167405737123666,19.900581525985714,-2.7331757888620514,-2.87379636664693,-2.597424999523581,win
S2,nearest,median_wait_vulnerable,13.984707594536761,64.72626167269097,-50.741554078154216,-51.07853752048865,-50.401778843147056,win
S2,nearest,unserved_frac_vulnerable,0.20852464385378822,0.9582545588188109,-0.7497299149650228,-0.755638874006725,-0.7435732066885518,win
S2,nearest,fully_staffed_frac_vulnerable,0.7714823699603782,0.03657148808738204,0.7349108818729961,0.7284164152093987,0.7412288611354217,win
S2,nearest,wait_gap_vulnerable,-46.50482587170166,-1.6590137606696416,-44.84581211103203,-45.26500087088146,-44.42836192983189,win
S2,nearest,median_wait_severe,15.68218572283376,65.67086685877338,-49.98868113593961,-50.462604945366635,-49.43959865529136,win
S2,nearest,unserved_frac_severe,0.17531772519914043,0.9515485599281784,-0.7762308347290372,-0.7843918082940645,-0.7678562756332737,win
S2,nearest,fully_staffed_frac_severe,0.8030275874830459,0.04313703713371712,0.7598905503493281,0.7513038854541619,0.7683842341420318,win
S2,nearest,wait_gap_severe,-42.47254022316844,-0.3266098629590052,-42.145930360209434,-42.712556887266174,-41.54545342875869,win
S2,nearest,invalid_claim_frac,0,0.9189028679845679,-0.9189028679845679,-0.9207188535555091,-0.9170263292308893,win
S2,nearest,gini,0.6361009567590817,0.9664141945932347,-0.330313237834153,-0.33209147260675137,-0.32849128883751466,win
S2,nearest,mean_commute_min,17.167405737123666,4.972637492163262,12.194768244960402,11.918794975207856,12.49110028077885,baseline_better
S2,attention,median_wait_vulnerable,13.984707594536761,55.051121706949296,-41.06641411241251,-41.64136273839412,-40.43474020709457,win
S2,attention,unserved_frac_vulnerable,0.20852464385378822,0.5767438452839395,-0.3682192014301516,-0.37746122143473165,-0.3591444457932034,win
S2,attention,fully_staffed_frac_vulnerable,0.7714823699603782,0.2236816604194623,0.5478007095409163,0.5399334988240555,0.5559511248335129,win
S2,attention,wait_gap_vulnerable,-46.50482587170166,28.45388849471077,-74.95871436641244,-76.00876445860611,-73.8392179300852,win
S2,attention,median_wait_severe,15.68218572283376,41.47873926593384,-25.796553543100057,-27.378079619930585,-24.24567322810351,win
S2,attention,unserved_frac_severe,0.17531772519914043,0.4578880655282403,-0.2825703403291001,-0.2935140859846914,-0.2708240192558337,win
S2,attention,fully_staffed_frac_severe,0.8030275874830459,0.32342976301179704,0.47959782447124827,0.4685835002796493,0.49042554948032707,win
S2,attention,wait_gap_severe,-42.47254022316844,3.836846967645315,-46.30938719081376,-48.35203485812063,-44.25010031989874,win
S2,attention,invalid_claim_frac,0,0.24112004448673266,-0.24112004448673266,-0.24509194996351663,-0.2372232294697964,win
S2,attention,gini,0.6361009567590817,0.5751431577023485,0.060957799056733264,0.05773807450655775,0.06423885136200955,baseline_better
S2,attention,mean_commute_min,17.167405737123666,19.840489414175853,-2.6730836770522037,-2.7902589247599643,-2.563776509505574,win
S2,random,median_wait_vulnerable,13.984707594536761,22.104117064891206,-8.11940947035443,-8.965571398370647,-7.3041210933809175,win
S2,random,unserved_frac_vulnerable,0.20852464385378822,0.31376668984086653,-0.10524204598707863,-0.11352542663958687,-0.09649167542346905,win
S2,random,fully_staffed_frac_vulnerable,0.7714823699603782,0.3692683980634846,0.4022139718968932,0.39308339080323873,0.4110767807353631,win
S2,random,wait_gap_vulnerable,-46.50482587170166,2.0141611658361898,-48.51898703753785,-49.52506082009717,-47.53817066565732,win
S2,random,median_wait_severe,15.68218572283376,22.30620967436077,-6.624023951526987,-7.756468472601504,-5.526605877377421,win
S2,random,unserved_frac_severe,0.17531772519914043,0.30188031281746097,-0.1265625876183208,-0.13960833443306073,-0.11348405301781239,win
S2,random,fully_staffed_frac_severe,0.8030275874830459,0.3809952519826627,0.42203233550038266,0.4091902427515545,0.43395757558804915,win
S2,random,wait_gap_severe,-42.47254022316844,2.0778983755651907,-44.55043859873362,-45.83641115245533,-43.38392495284353,win
S2,random,invalid_claim_frac,0,0.11464826210305105,-0.11464826210305105,-0.11720762747790413,-0.11225802771874735,win
S2,random,gini,0.6361009567590817,0.44483067829108874,0.19127027846799302,0.18813977856214636,0.19455729354867793,baseline_better
S2,random,mean_commute_min,17.167405737123666,19.841773895362223,-2.674368158238551,-2.779415783767634,-2.566226664836562,win
S2,coordinated_latest,median_wait_vulnerable,13.984707594536761,31.034382241409325,-17.04967464687254,-19.168764212881104,-15.067109813155612,win
S2,coordinated_latest,unserved_frac_vulnerable,0.20852464385378822,0.40811227452041715,-0.19958763066662924,-0.20889908010599967,-0.1906670174081032,win
S2,coordinated_latest,fully_staffed_frac_vulnerable,0.7714823699603782,0.5630832215135636,0.2083991484468145,0.19855663591894795,0.21797094394356936,win
S2,coordinated_latest,wait_gap_vulnerable,-46.50482587170166,-30.347054031335823,-16.157771840365854,-18.709529981970505,-13.764220755484363,win
S2,coordinated_latest,median_wait_severe,15.68218572283376,47.20487642179156,-31.522690698957813,-33.87341914319268,-29.13141479495817,win
S2,coordinated_latest,unserved_frac_severe,0.17531772519914043,0.46388297266337875,-0.2885652474642385,-0.3007473132759339,-0.27650751645637217,win
S2,coordinated_latest,fully_staffed_frac_severe,0.8030275874830459,0.5038331018193218,0.2991944856637238,0.28696095734076543,0.3115932759758298,win
S2,coordinated_latest,wait_gap_severe,-42.47254022316844,-8.272843559351072,-34.199696663817356,-37.06158451847173,-31.32086945773964,win
S2,coordinated_latest,invalid_claim_frac,0,0,0,0,0,ci_includes_zero
S2,coordinated_latest,gini,0.6361009567590817,0.6262938062642011,0.00980715049488026,0.007541422558469979,0.012155198026123833,baseline_better
S2,coordinated_latest,mean_commute_min,17.167405737123666,19.86307128498065,-2.695665547856982,-2.809327650238747,-2.5844967347235452,win
S2,coordinated_nearest,median_wait_vulnerable,13.984707594536761,51.344951286546156,-37.360243692009426,-38.16441975184379,-36.51399787391833,win
S2,coordinated_nearest,unserved_frac_vulnerable,0.20852464385378822,0.49933424901639695,-0.2908096051626086,-0.29873040296037434,-0.28254124174575335,win
S2,coordinated_nearest,fully_staffed_frac_vulnerable,0.7714823699603782,0.49745470913213646,0.27402766082824137,0.2655207933647186,0.28192595864082826,win
S2,coordinated_nearest,wait_gap_vulnerable,-46.50482587170166,-3.3252869618634793,-43.17953890983822,-44.153565069744275,-42.18626477427726,win
S2,coordinated_nearest,median_wait_severe,15.68218572283376,50.616506608497815,-34.93432088566409,-36.09487350703648,-33.80306107628809,win
S2,coordinated_nearest,unserved_frac_severe,0.17531772519914043,0.4992483218002759,-0.3239305966011358,-0.33545204773289666,-0.3122463594354006,win
S2,coordinated_nearest,fully_staffed_frac_severe,0.8030275874830459,0.4987322235922778,0.3042953638907684,0.29256851055876365,0.31568995234208935,win
S2,coordinated_nearest,wait_gap_severe,-42.47254022316844,-3.668753331934308,-38.80378689123416,-40.06634898658469,-37.52261678200913,win
S2,coordinated_nearest,invalid_claim_frac,0,0,0,0,0,ci_includes_zero
S2,coordinated_nearest,gini,0.6361009567590817,0.6424618552391118,-0.006360898480029712,-0.008472362581960345,-0.004230804886808476,win
S2,coordinated_nearest,mean_commute_min,17.167405737123666,13.1115394301225,4.055866307001154,3.92239700154164,4.191244500235891,baseline_better
S2,care_score_uncoordinated,median_wait_vulnerable,13.984707594536761,63.01994101117724,-49.03523341664048,-49.38507813882382,-48.68977896635873,win
S2,care_score_uncoordinated,unserved_frac_vulnerable,0.20852464385378822,0.8478135427499756,-0.6392888988961868,-0.6451677756358987,-0.6332245722020688,win
S2,care_score_uncoordinated,fully_staffed_frac_vulnerable,0.7714823699603782,0.13021991598734817,0.6412624539730296,0.6351074935362392,0.646951832494521,win
S2,care_score_uncoordinated,wait_gap_vulnerable,-46.50482587170166,-3.642021044708008,-42.86280482699366,-43.28142676675537,-42.44631043445096,win
S2,care_score_uncoordinated,median_wait_severe,15.68218572283376,64.34358212154156,-48.661396398707836,-49.1369319034197,-48.131903603144295,win
S2,care_score_uncoordinated,unserved_frac_severe,0.17531772519914043,0.8494621638411461,-0.6741444386420067,-0.6828593787231534,-0.6654666037420023,win
S2,care_score_uncoordinated,fully_staffed_frac_severe,0.8030275874830459,0.13056173853211536,0.67246584895093,0.664057974371058,0.6807741111399525,win
S2,care_score_uncoordinated,wait_gap_severe,-42.47254022316844,-1.7919885259918555,-40.68055169717659,-41.247432030817144,-40.06381049960452,win
S2,care_score_uncoordinated,invalid_claim_frac,0,0.9070295011644174,-0.9070295011644174,-0.9090838127229479,-0.9050169321565152,win
S2,care_score_uncoordinated,gini,0.6361009567590817,0.9625187100937003,-0.3264177533346198,-0.3283107849111264,-0.32460860374736256,win
S2,care_score_uncoordinated,mean_commute_min,17.167405737123666,19.941503979239144,-2.7740982421154987,-3.1256233893749314,-2.4469104621112745,win
S2,care_score_full_compliance,median_wait_vulnerable,13.984707594536761,11.46363329312305,2.521074301413712,2.3283984401047007,2.716243590577159,baseline_better
S2,care_score_full_compliance,unserved_frac_vulnerable,0.20852464385378822,0.14731466844079294,0.0612099754129951,0.0562044878697996,0.06642631042108109,baseline_better
S2,care_score_full_compliance,fully_staffed_frac_vulnerable,0.7714823699603782,0.831057067130497,-0.05957469717011844,-0.06482726446438306,-0.05445757334890009,baseline_better
S2,care_score_full_compliance,wait_gap_vulnerable,-46.50482587170166,-49.805708386719324,3.3008825150176384,3.0751098586951207,3.5417801874058,baseline_better
S2,care_score_full_compliance,median_wait_severe,15.68218572283376,13.002404134586264,2.6797815882475073,2.3883799903335006,3.0158587384802917,baseline_better
S2,care_score_full_compliance,unserved_frac_severe,0.17531772519914043,0.1299811038309055,0.04533662136823503,0.03907077416673049,0.05151483140961013,baseline_better
S2,care_score_full_compliance,fully_staffed_frac_severe,0.8030275874830459,0.8578557411020724,-0.05482815361902696,-0.06146087980815455,-0.04818364513508221,baseline_better
S2,care_score_full_compliance,wait_gap_severe,-42.47254022316844,-45.837614354854374,3.3650741316859336,3.02766868276448,3.7356076361689246,baseline_better
S2,care_score_full_compliance,invalid_claim_frac,0,0,0,0,0,ci_includes_zero
S2,care_score_full_compliance,gini,0.6361009567590817,0.6358045447982971,0.0002964119607846372,-0.0012219187539605522,0.0017563677696977168,ci_includes_zero
S2,care_score_full_compliance,mean_commute_min,17.167405737123666,19.907213551486873,-2.739807814363234,-2.836275006880951,-2.6489162958222727,win
S3,latest,median_wait_vulnerable,5.675051921092932,33.012062061703745,-27.33701014061081,-30.718317857116823,-24.089714484538817,win
S3,latest,unserved_frac_vulnerable,0.000470994471833353,0.5081858125931732,-0.50771481812134,-0.5155701452107405,-0.4998712122130627,win
S3,latest,fully_staffed_frac_vulnerable,0.9990551401226302,0.35790473331399925,0.6411504068086306,0.6337584224869511,0.6484995023491295,win
S3,latest,wait_gap_vulnerable,-12.729543305454477,-29.53471860001825,16.805175294563764,13.181565206053412,20.387728678843665,baseline_better
S3,latest,median_wait_severe,6.751585375519198,48.39669975622909,-41.645114380709906,-44.60390801083678,-38.6701766212293,win
S3,latest,unserved_frac_severe,0.0004223416965352449,0.5581384874593457,-0.5577161457628105,-0.5673523425079721,-0.5478544687192305,win
S3,latest,fully_staffed_frac_severe,0.9986031403672532,0.30914637839256803,0.6894567619746852,0.6801418700775009,0.6979691862757204,win
S3,latest,wait_gap_severe,-10.191665240696379,-12.265406409581031,2.0737411688846508,-1.2107838772694668,5.305312482292654,ci_includes_zero
S3,latest,invalid_claim_frac,0,0.6701098778066423,-0.6701098778066423,-0.6728729864918958,-0.6673151221482704,win
S3,latest,gini,0.28639272504633195,0.6781119867966249,-0.3917192617502929,-0.3946483024635982,-0.38863207256036847,win
S3,latest,mean_commute_min,19.833804476498152,19.902443789760408,-0.06863931326224122,-0.16025931970022472,0.018943626715223677,ci_includes_zero
S3,nearest,median_wait_vulnerable,5.675051921092932,64.59072107378695,-58.915669152694036,-59.117064257116375,-58.69962339899337,win
S3,nearest,unserved_frac_vulnerable,0.000470994471833353,0.9487743733600873,-0.9483033788882541,-0.9513214908565033,-0.9452561273491034,win
S3,nearest,fully_staffed_frac_vulnerable,0.9990551401226302,0.04388850982703279,0.9551666302955972,0.9523078229185387,0.9579086482910735,win
S3,nearest,wait_gap_vulnerable,-12.729543305454477,-1.671410182976283,-11.058133122478193,-11.289478389757617,-10.813155623658288,win
S3,nearest,median_wait_severe,6.751585375519198,65.51880358324537,-58.76721820772613,-59.03587658077075,-58.49099406363557,win
S3,nearest,unserved_frac_severe,0.0004223416965352449,0.9416182156934987,-0.9411958739969636,-0.9456131621974236,-0.9370365734859769,win
S3,nearest,fully_staffed_frac_severe,0.9986031403672532,0.0516197321754267,0.946983408191827,0.9429471799231709,0.9512231834551524,win
S3,nearest,wait_gap_severe,-10.191665240696379,-0.3607727749155618,-9.830892465780824,-10.129313767474683,-9.540671448370988,win
S3,nearest,invalid_claim_frac,0,0.9504858300988798,-0.9504858300988798,-0.9515031092410139,-0.9494688910614415,win
S3,nearest,gini,0.28639272504633195,0.9593131219148059,-0.6729203968684737,-0.6743444466619842,-0.6714437423965356,win
S3,nearest,mean_commute_min,19.833804476498152,5.379716983780457,14.454087492717694,14.117555865474355,14.799783865946102,baseline_better
S3,attention,median_wait_vulnerable,5.675051921092932,25.448490316807696,-19.773438395714756,-20.878328659853487,-18.64213537896325,win
S3,attention,unserved_frac_vulnerable,0.000470994471833353,0.3717067225811327,-0.37123572810929933,-0.37827581976036856,-0.3641202583203782,win
S3,attention,fully_staffed_frac_vulnerable,0.9990551401226302,0.39755865604066365,0.6014964840819654,0.5942008090260348,0.6088617820029657,win
S3,attention,wait_gap_vulnerable,-12.729543305454477,14.784938878148528,-27.514482183603032,-28.67407838208091,-26.369863872723467,win
S3,attention,median_wait_severe,6.751585375519198,14.76628993515821,-8.014704559639005,-8.766792951362644,-7.290211321941762,win
S3,attention,unserved_frac_severe,0.0004223416965352449,0.25700802173181936,-0.25658568003528404,-0.26549725412109837,-0.24761758564589062,win
S3,attention,fully_staffed_frac_severe,0.9986031403672532,0.5291238724718503,0.46947926789540306,0.4599699491285429,0.47914589925569545,win
S3,attention,wait_gap_severe,-10.191665240696379,2.1100191014908556,-12.30168434218724,-13.10032638118482,-11.549134065193464,win
S3,attention,invalid_claim_frac,0,0.4120678003033345,-0.4120678003033345,-0.41500756260782673,-0.40934631104568936,win
S3,attention,gini,0.28639272504633195,0.44936766641302067,-0.16297494136668864,-0.16537426864333946,-0.1603476305871447,win
S3,attention,mean_commute_min,19.833804476498152,19.810116374985046,0.0236881015131131,-0.028455885208227935,0.07687277008889329,ci_includes_zero
S3,random,median_wait_vulnerable,5.675051921092932,9.103408531537452,-3.4283566104445184,-3.6942753180477528,-3.15252272353368,win
S3,random,unserved_frac_vulnerable,0.000470994471833353,0.08033791075981825,-0.07986691628798491,-0.08388032808284998,-0.0759218664038764,win
S3,random,fully_staffed_frac_vulnerable,0.9990551401226302,0.6738785113220755,0.3251766288005539,0.31751650567050904,0.3325260986446426,win
S3,random,wait_gap_vulnerable,-12.729543305454477,0.1607787626790557,-12.890322068133523,-13.221160042540795,-12.550889535009231,win
S3,random,median_wait_severe,6.751585375519198,9.327801120498808,-2.576215744979611,-2.913790677547899,-2.231706666935391,win
S3,random,unserved_frac_severe,0.0004223416965352449,0.0764864460556211,-0.07606410435908587,-0.08140945068982472,-0.070954540784985,win
S3,random,fully_staffed_frac_severe,0.9986031403672532,0.681467069488046,0.31713607087920676,0.30870780450223473,0.3256903147806936,win
S3,random,wait_gap_severe,-10.191665240696379,0.40321098140465045,-10.594876222101034,-10.987888399438939,-10.219929527776968,win
S3,random,invalid_claim_frac,0,0.2505074200020388,-0.2505074200020388,-0.25245208255399154,-0.2485336775218108,win
S3,random,gini,0.28639272504633195,0.31238479080041964,-0.025992065754087208,-0.027905870652106077,-0.02409458147599536,win
S3,random,mean_commute_min,19.833804476498152,19.831072602119754,0.0027318743784072613,-0.03284801960144901,0.03729685171672125,ci_includes_zero
S3,coordinated_latest,median_wait_vulnerable,5.675051921092932,3.1841901524897382,2.4908617686031946,1.9361050995521687,3.0199986834640904,baseline_better
S3,coordinated_latest,unserved_frac_vulnerable,0.000470994471833353,0.001352994243034023,-0.0008819997712006698,-0.001481512606827698,-0.0003106364943293413,win
S3,coordinated_latest,fully_staffed_frac_vulnerable,0.9990551401226302,0.9967431153722295,0.002312024750400904,0.0013882818546813935,0.003323995428059669,win
S3,coordinated_latest,wait_gap_vulnerable,-12.729543305454477,-6.419521819733412,-6.310021485721055,-7.240528047936036,-5.393296647687628,win
S3,coordinated_latest,median_wait_severe,6.751585375519198,8.045354101771881,-1.293768726252679,-2.155572402114321,-0.44328471071252856,win
S3,coordinated_latest,unserved_frac_severe,0.0004223416965352449,0.0019621721967857334,-0.001539830500250489,-0.002577550858884694,-0.0005671191063930503,win
S3,coordinated_latest,fully_staffed_frac_severe,0.9986031403672532,0.9964540958041954,0.0021490445630578583,0.0008045832730367837,0.0034327007548022857,win
S3,coordinated_latest,wait_gap_severe,-10.191665240696379,1.6409937686233698,-11.832659009319757,-12.984983098637056,-10.705976758980324,win
S3,coordinated_latest,invalid_claim_frac,0,0,0,0,0,ci_includes_zero
S3,coordinated_latest,gini,0.28639272504633195,0.28592796919262536,0.0004647558537070847,0.00015222299389115493,0.0007743256256889372,baseline_better
S3,coordinated_latest,mean_commute_min,19.833804476498152,19.837264829341272,-0.003460352843119399,-0.005283021009828523,-0.00199651147495441,win
S3,coordinated_nearest,median_wait_vulnerable,5.675051921092932,14.324072782624548,-8.649020861531598,-8.991215814876803,-8.305018115429482,win
S3,coordinated_nearest,unserved_frac_vulnerable,0.000470994471833353,0.004086029399091158,-0.003615034927257806,-0.004656167822407645,-0.002566402389974821,win
S3,coordinated_nearest,fully_staffed_frac_vulnerable,0.9990551401226302,0.9936333766025064,0.005421763520123981,0.0041730840883350655,0.006683638440463593,win
S3,coordinated_nearest,wait_gap_vulnerable,-12.729543305454477,-1.4489182602100195,-11.28062504524445,-11.699264673889761,-10.869778909568657,win
S3,coordinated_nearest,median_wait_severe,6.751585375519198,15.142386087426218,-8.390800711907017,-8.846307461359187,-7.943257348126763,win
S3,coordinated_nearest,unserved_frac_severe,0.0004223416965352449,0.005002713766922016,-0.004580372070386771,-0.005993034125185244,-0.0030827139016799893,win
S3,coordinated_nearest,fully_staffed_frac_severe,0.9986031403672532,0.9916298370198302,0.00697330334742319,0.005133215477875897,0.008874500230409291,win
S3,coordinated_nearest,wait_gap_severe,-10.191665240696379,-0.22258483376141386,-9.969080406934976,-10.45741645468141,-9.467092206287205,win
S3,coordinated_nearest,invalid_claim_frac,0,0,0,0,0,ci_includes_zero
S3,coordinated_nearest,gini,0.28639272504633195,0.2872207393776442,-0.0008280143313119252,-0.0011557627299635948,-0.000500669841527679,win
S3,coordinated_nearest,mean_commute_min,19.833804476498152,19.83159612138056,0.0022083551175911195,0.0014969398127884996,0.0030021893216715984,baseline_better
S3,care_score_uncoordinated,median_wait_vulnerable,5.675051921092932,62.56337198991912,-56.888320068826275,-57.10414175337275,-56.66766122635203,win
S3,care_score_uncoordinated,unserved_frac_vulnerable,0.000470994471833353,0.8217933095502868,-0.8213223150784535,-0.8254670978545753,-0.8172156657127446,win
S3,care_score_uncoordinated,fully_staffed_frac_vulnerable,0.9990551401226302,0.15464908977690286,0.8444060503457274,0.8405800938153155,0.8482091593640949,win
S3,care_score_uncoordinated,wait_gap_vulnerable,-12.729543305454477,-4.046456418703974,-8.683086886750496,-8.935774982011973,-8.41361425941674,win
S3,care_score_uncoordinated,median_wait_severe,6.751585375519198,63.919681806620744,-57.16809643110151,-57.42549337391271,-56.89847991663516,win
S3,care_score_uncoordinated,unserved_frac_severe,0.0004223416965352449,0.8253441805301007,-0.8249218388335655,-0.8309011803240043,-0.8187857415482834,win
S3,care_score_uncoordinated,fully_staffed_frac_severe,0.9986031403672532,0.1525967390931282,0.846006401274125,0.8406260184836692,0.8516165765196813,win
S3,care_score_uncoordinated,wait_gap_severe,-10.191665240696379,-2.1304934455895745,-8.061171795106816,-8.347937399822412,-7.77541153453707,win
S3,care_score_uncoordinated,invalid_claim_frac,0,0.9437007584963396,-0.9437007584963396,-0.9448497872233276,-0.9425756834095993,win
S3,care_score_uncoordinated,gini,0.28639272504633195,0.9548297397396998,-0.6684370146933682,-0.6698927237530192,-0.6668490060800266,win
S3,care_score_uncoordinated,mean_commute_min,19.833804476498152,19.89640301419551,-0.06259853769736792,-0.3678502783965593,0.23265246431184067,ci_includes_zero
S3,care_score_full_compliance,median_wait_vulnerable,5.675051921092932,4.575621139708467,1.0994307813844675,0.98720476485059,1.207383922181515,baseline_better
S3,care_score_full_compliance,unserved_frac_vulnerable,0.000470994471833353,0.00041773350770371706,0.00005326096412963592,-0.0003016725464959373,0.00041155468980897265,ci_includes_zero
S3,care_score_full_compliance,fully_staffed_frac_vulnerable,0.9990551401226302,0.9989486458111522,0.00010649431147821205,-0.0004643902389802083,0.0006741554912531586,ci_includes_zero
S3,care_score_full_compliance,wait_gap_vulnerable,-12.729543305454477,-13.977288757459347,1.2477454520048659,1.0940891235241876,1.397746077633186,baseline_better
S3,care_score_full_compliance,median_wait_severe,6.751585375519198,5.57049405597839,1.181091319540808,1.0279565197416773,1.336009409057195,baseline_better
S3,care_score_full_compliance,unserved_frac_severe,0.0004223416965352449,0.0004487967229902714,-0.000026455026455026476,-0.00046825396825396823,0.0003994708994708994,ci_includes_zero
S3,care_score_full_compliance,fully_staffed_frac_severe,0.9986031403672532,0.9983957655892262,0.00020737477802695156,-0.00041192533312098565,0.0008995140326662061,ci_includes_zero
S3,care_score_full_compliance,wait_gap_severe,-10.191665240696379,-11.261387012472845,1.0697217717764629,0.8806305709555766,1.2596463861144265,baseline_better
S3,care_score_full_compliance,invalid_claim_frac,0,0,0,0,0,ci_includes_zero
S3,care_score_full_compliance,gini,0.28639272504633195,0.2859078708538675,0.0004848541924647661,0.0002382409333554921,0.000738992172053261,baseline_better
S3,care_score_full_compliance,mean_commute_min,19.833804476498152,19.836568515209912,-0.0027640387117636206,-0.004044030039540345,-0.0017055416062407799,win
S4,latest,median_wait_vulnerable,1.1602669684361466,2.9007790490932,-1.7405120806570498,-3.0380953088249996,-0.5150094394412269,win
S4,latest,unserved_frac_vulnerable,0,0.3819860752742835,-0.3819860752742835,-0.3894039657133535,-0.37455821269855716,win
S4,latest,fully_staffed_frac_vulnerable,1,0.4941837973556314,0.5058162026443686,0.4985940116001541,0.5133898538494254,win
S4,latest,wait_gap_vulnerable,-6.11342474560252,-2.9728303288046156,-3.140594416797903,-5.4418360193401,-0.7108580864395879,win
S4,latest,median_wait_severe,1.6724985029615034,10.903311456371636,-9.230812953410132,-11.711174364548524,-6.833195164955945,win
S4,latest,unserved_frac_severe,0,0.4253051771931876,-0.4253051771931876,-0.4345504939623956,-0.41624659891978877,win
S4,latest,fully_staffed_frac_severe,1,0.44415239947886015,0.5558476005211397,0.5462560565110351,0.5650472867688277,win
S4,latest,wait_gap_severe,-4.668415093772453,8.604006747530024,-13.272421841302494,-16.059799173522283,-10.570718312115748,win
S4,latest,invalid_claim_frac,0,0.7688186908493626,-0.7688186908493626,-0.7707067276851135,-0.7670212445355673,win
S4,latest,gini,0.28450407117898585,0.5890848104114325,-0.3045807392324465,-0.3075812183158143,-0.3015395064874438,win
S4,latest,mean_commute_min,19.837053147716045,19.87273688861959,-0.035683740903535766,-0.10363833077874995,0.02905219341815504,ci_includes_zero
S4,nearest,median_wait_vulnerable,1.1602669684361466,64.41491975270628,-63.2546527842701,-63.393522270750545,-63.105121712158436,win
S4,nearest,unserved_frac_vulnerable,0,0.9380910885841113,-0.9380910885841113,-0.9412892895301966,-0.9347916695754149,win
S4,nearest,fully_staffed_frac_vulnerable,1,0.05455980307576511,0.9454401969242348,0.9423827398862358,0.9484975588359966,win
S4,nearest,wait_gap_vulnerable,-6.11342474560252,-1.665430305158803,-4.447994440443709,-4.627483597947937,-4.255484168639681,win
S4,nearest,median_wait_severe,1.6724985029615034,65.34919572740812,-63.676697224446556,-63.844570051158456,-63.5105202080219,win
S4,nearest,unserved_frac_severe,0,0.9307461183666703,-0.9307461183666703,-0.9353032844090567,-0.926022801868075,win
S4,nearest,fully_staffed_frac_severe,1,0.06239641887623231,0.9376035811237678,0.9329621714230223,0.9421676496676675,win
S4,nearest,wait_gap_severe,-4.668415093772453,-0.3382699847697767,-4.3301451090026735,-4.542195443243191,-4.133800991262251,win
S4,nearest,invalid_claim_frac,0,0.9692895453213922,-0.9692895453213922,-0.9699368117531816,-0.9686544357051847,win
S4,nearest,gini,0.28450407117898585,0.9503303422537596,-0.6658262710747741,-0.6673218301529632,-0.66429785549937,win
S4,nearest,mean_commute_min,19.837053147716045,5.894059751935789,13.942993395780261,13.610520718389912,14.287356490466406,baseline_better
S4,attention,median_wait_vulnerable,1.1602669684361466,9.54965688127832,-8.389389912842173,-8.668984088983507,-8.107760186891351,win
S4,attention,unserved_frac_vulnerable,0,0.18210090856384872,-0.18210090856384872,-0.18809893299180483,-0.176135065914516,win
S4,attention,fully_staffed_frac_vulnerable,1,0.6170342004660984,0.38296579953390075,0.37565626517861067,0.39019706606342197,win
S4,attention,wait_gap_vulnerable,-6.11342474560252,4.261828709531729,-10.375253455134247,-10.679654119996053,-10.062820007740505,win
S4,attention,median_wait_severe,1.6724985029615034,6.520274574162898,-4.84777607120139,-5.103265886226871,-4.593222868240132,win
S4,attention,unserved_frac_severe,0,0.11562504779245268,-0.11562504779245268,-0.12228784623585286,-0.10921779396840416,win
S4,attention,fully_staffed_frac_severe,1,0.7350334469644524,0.26496655303554806,0.25694782906970826,0.2732901910639893,win
S4,attention,wait_gap_severe,-4.668415093772453,0.4624611651765603,-5.130876258949015,-5.423026623726139,-4.841421383628236,win
S4,attention,invalid_claim_frac,0,0.606123102282701,-0.606123102282701,-0.6076519694926934,-0.6046078244012982,win
S4,attention,gini,0.28450407117898585,0.35606564847380073,-0.07156157729481476,-0.07354765136782578,-0.0694505934188801,win
S4,attention,mean_commute_min,19.837053147716045,19.840201879290042,-0.0031487315739945686,-0.03635272925509762,0.029175276082976265,ci_includes_zero
S4,random,median_wait_vulnerable,1.1602669684361466,4.477501219978112,-3.3172342515419664,-3.4217791030888542,-3.2128091866226036,win
S4,random,unserved_frac_vulnerable,0,0.003207681896172172,-0.003207681896172172,-0.0040855030279362756,-0.0024028983577946907,win
S4,random,fully_staffed_frac_vulnerable,1,0.9524565118866472,0.04754348811335317,0.0441176367805496,0.0509021915101928,win
S4,random,wait_gap_vulnerable,-6.11342474560252,-0.0541086237017691,-6.059316121900746,-6.207124937776872,-5.911646952779357,win
S4,random,median_wait_severe,1.6724985029615034,4.528922040742176,-2.8564235377806755,-3.00884722560738,-2.7067397770972836,win
S4,random,unserved_frac_severe,0,0.0022506646977911346,-0.0022506646977911346,-0.003216352704858452,-0.0013472939277536981,win
S4,random,fully_staffed_frac_severe,1,0.9606818691716282,0.03931813082837269,0.03554720238370248,0.04323749415588562,win
S4,random,wait_gap_severe,-4.668415093772453,0.01578253197454589,-4.6841976257469975,-4.872231600729785,-4.500196358837617,win
S4,random,invalid_claim_frac,0,0.5134823759126176,-0.5134823759126176,-0.514043179430903,-0.5128977764252374,win
S4,random,gini,0.28450407117898585,0.2814645450512293,0.003039526127756449,0.0025142421887516466,0.0035250002979998925,baseline_better
S4,random,mean_commute_min,19.837053147716045,19.832122029596476,0.00493111811957713,-0.005828588098347455,0.015849352338767133,ci_includes_zero
S4,coordinated_latest,median_wait_vulnerable,1.1602669684361466,0.5354203182007751,0.6248466502353714,0.5484325975503967,0.7025870321866092,baseline_better
S4,coordinated_latest,unserved_frac_vulnerable,0,0,0,0,0,ci_includes_zero
S4,coordinated_latest,fully_staffed_frac_vulnerable,1,1,0,0,0,ci_includes_zero
S4,coordinated_latest,wait_gap_vulnerable,-6.11342474560252,-0.0715459563726486,-6.041878789229864,-6.158953528567714,-5.920761384781009,win
S4,coordinated_latest,median_wait_severe,1.6724985029615034,0.8776765815115711,0.794821921449932,0.6149462546726596,0.9711214248108619,baseline_better
S4,coordinated_latest,unserved_frac_severe,0,0,0,0,0,ci_includes_zero
S4,coordinated_latest,fully_staffed_frac_severe,1,1,0,0,0,ci_includes_zero
S4,coordinated_latest,wait_gap_severe,-4.668415093772453,0.3303304609978391,-4.998745554770285,-5.202595771333775,-4.801883697423371,win
S4,coordinated_latest,invalid_claim_frac,0,0,0,0,0,ci_includes_zero
S4,coordinated_latest,gini,0.28450407117898585,0.28450407117898585,0,0,0,ci_includes_zero
S4,coordinated_latest,mean_commute_min,19.837053147716045,19.83705314771604,-1.0954200509634878e-15,-3.552713678800501e-15,1.3737159558028603e-15,ci_includes_zero
S4,coordinated_nearest,median_wait_vulnerable,1.1602669684361466,3.996010075655463,-2.8357431072193187,-3.005469326163921,-2.6649758267281567,win
S4,coordinated_nearest,unserved_frac_vulnerable,0,0,0,0,0,ci_includes_zero
S4,coordinated_nearest,fully_staffed_frac_vulnerable,1,1,0,0,0,ci_includes_zero
S4,coordinated_nearest,wait_gap_vulnerable,-6.11342474560252,-1.5013647265317398,-4.612060019070774,-4.820312024811132,-4.406030275678786,win
S4,coordinated_nearest,median_wait_severe,1.6724985029615034,4.892757728337134,-3.2202592253756293,-3.4328788560186285,-2.9989617698150237,win
S4,coordinated_nearest,unserved_frac_severe,0,0,0,0,0,ci_includes_zero
S4,coordinated_nearest,fully_staffed_frac_severe,1,1,0,0,0,ci_includes_zero
S4,coordinated_nearest,wait_gap_severe,-4.668415093772453,-0.24104753058804704,-4.427367563184409,-4.666955550959348,-4.180877699437505,win
S4,coordinated_nearest,invalid_claim_frac,0,0,0,0,0,ci_includes_zero
S4,coordinated_nearest,gini,0.28450407117898585,0.28450407117898585,0,0,0,ci_includes_zero
S4,coordinated_nearest,mean_commute_min,19.837053147716045,19.837053147716038,-1.0480505352461477e-15,-3.084939711091768e-15,1.0598929141754828e-15,ci_includes_zero
S4,care_score_uncoordinated,median_wait_vulnerable,1.1602669684361466,61.95274254233087,-60.79247557389472,-60.97851882465538,-60.601776031447336,win
S4,care_score_uncoordinated,unserved_frac_vulnerable,0,0.7962854672521966,-0.7962854672521966,-0.8010419901011849,-0.7914679927449325,win
S4,care_score_uncoordinated,fully_staffed_frac_vulnerable,1,0.17827161922952278,0.8217283807704772,0.8177201695247204,0.8256568139049828,win
S4,care_score_uncoordinated,wait_gap_vulnerable,-6.11342474560252,-4.559719901024918,-1.553704844577599,-1.7801711219860508,-1.3253850537792589,win
S4,care_score_uncoordinated,median_wait_severe,1.6724985029615034,63.30516490101554,-61.63266639805401,-61.83449663613165,-61.41933023463013,win
S4,care_score_uncoordinated,unserved_frac_severe,0,0.7996649141418886,-0.7996649141418886,-0.8061065566375863,-0.7929555698185256,win
S4,care_score_uncoordinated,fully_staffed_frac_severe,1,0.1760520768401044,0.8239479231598951,0.8177132998510266,0.8302588043941487,win
S4,care_score_uncoordinated,wait_gap_severe,-4.668415093772453,-2.6058618248971617,-2.062553268875292,-2.295197114521793,-1.809595655887129,win
S4,care_score_uncoordinated,invalid_claim_frac,0,0.9662694223109825,-0.9662694223109825,-0.9669319856926125,-0.9656169643021278,win
S4,care_score_uncoordinated,gini,0.28450407117898585,0.9459891674402049,-0.6614850962612202,-0.663099406273935,-0.6598227500170321,win
S4,care_score_uncoordinated,mean_commute_min,19.837053147716045,19.814500761433017,0.022552386283025184,-0.25372143237570544,0.3004735290845473,ci_includes_zero
S4,care_score_full_compliance,median_wait_vulnerable,1.1602669684361466,0.873990745940693,0.2862762224954533,0.2402638255867709,0.3346576481731907,baseline_better
S4,care_score_full_compliance,unserved_frac_vulnerable,0,0,0,0,0,ci_includes_zero
S4,care_score_full_compliance,fully_staffed_frac_vulnerable,1,1,0,0,0,ci_includes_zero
S4,care_score_full_compliance,wait_gap_vulnerable,-6.11342474560252,-6.87884406875844,0.7654193231559296,0.6847534173065158,0.8401382825216915,baseline_better
S4,care_score_full_compliance,median_wait_severe,1.6724985029615034,1.2526433261792058,0.4198551767822977,0.3464221922914934,0.49167496184960263,baseline_better
S4,care_score_full_compliance,unserved_frac_severe,0,0,0,0,0,ci_includes_zero
S4,care_score_full_compliance,fully_staffed_frac_severe,1,1,0,0,0,ci_includes_zero
S4,care_score_full_compliance,wait_gap_severe,-4.668415093772453,-5.601765620777166,0.9333505270047184,0.8298360163210357,1.035113088010955,baseline_better
S4,care_score_full_compliance,invalid_claim_frac,0,0,0,0,0,ci_includes_zero
S4,care_score_full_compliance,gini,0.28450407117898585,0.28450407117898585,0,0,0,ci_includes_zero
S4,care_score_full_compliance,mean_commute_min,19.837053147716045,19.83705314771605,9.000207986294603e-16,-7.697546304067752e-16,2.4040029226550055e-15,ci_includes_zero
S5,latest,median_wait_vulnerable,8.708120680091653,53.72173999305817,-45.01361931296651,-47.20371467000786,-42.783814026337055,win
S5,latest,unserved_frac_vulnerable,0.05255780518830936,0.5743703239471253,-0.521812518758816,-0.5306128055072719,-0.5128781514386376,win
S5,latest,fully_staffed_frac_vulnerable,0.9167399730058187,0.28952471195497137,0.6272152610508469,0.6190836065947543,0.6355890372114857,win
S5,latest,wait_gap_vulnerable,-17.512791629419585,-11.795477470409637,-5.717314159009956,-8.00293157237506,-3.42672695400453,win
S5,latest,median_wait_severe,9.662572483100504,59.20704474297833,-49.54447225987785,-51.312303414605985,-47.636401693391626,win
S5,latest,unserved_frac_severe,0.05458716055814605,0.6173079922640287,-0.5627208317058826,-0.5728384783193539,-0.5526649078545928,win
S5,latest,fully_staffed_frac_severe,0.9206718031762472,0.2530194437910547,0.6676523593851936,0.6586758601998226,0.676941877190548,win
S5,latest,wait_gap_severe,-12.464443574701116,-5.613797119512574,-6.850646455188542,-8.707585126746368,-4.968089503500441,win
S5,latest,invalid_claim_frac,0,0.6181276415063863,-0.6181276415063863,-0.6215557010661173,-0.6147833116236201,win
S5,latest,gini,0.4563559798924926,0.7230810281441622,-0.2667250482516698,-0.26987224461673837,-0.2636587388121043,win
S5,latest,mean_commute_min,14.79819864695956,19.339575860606733,-4.541377213647177,-4.666222275623402,-4.414680741064776,win
S5,nearest,median_wait_vulnerable,8.708120680091653,31.65844762544034,-22.950326945348696,-24.512887748589662,-21.408514963611744,win
S5,nearest,unserved_frac_vulnerable,0.05255780518830936,0.41670165107607493,-0.3641438458877655,-0.37314051239227575,-0.35527359941053,win
S5,nearest,fully_staffed_frac_vulnerable,0.9167399730058187,0.3723544160737212,0.5443855569320973,0.5363339731122724,0.5530427109210039,win
S5,nearest,wait_gap_vulnerable,-17.512791629419585,2.554116358492431,-20.066907987912032,-21.92268054067806,-18.184209087045158,win
S5,nearest,median_wait_severe,9.662572483100504,31.17987447616272,-21.517301993062254,-23.237870204355293,-19.77702225419477,win
S5,nearest,unserved_frac_severe,0.05458716055814605,0.40902144530231654,-0.35443428474417077,-0.3653313158251976,-0.343346342324407,win
S5,nearest,fully_staffed_frac_severe,0.9206718031762472,0.379723237884154,0.5409485652920929,0.5295596545828355,0.5519537312352369,win
S5,nearest,wait_gap_severe,-12.464443574701116,1.4037087596482218,-13.868152334349345,-15.82960320356477,-11.86859498633617,win
S5,nearest,invalid_claim_frac,0,0.39212302198367077,-0.39212302198367077,-0.3979304079558964,-0.3860576937126217,win
S5,nearest,gini,0.4563559798924926,0.56096860645074,-0.10461262655824803,-0.10856198521873194,-0.10070732420644925,win
S5,nearest,mean_commute_min,14.79819864695956,2.967192848415144,11.831005798544417,11.726376394547925,11.929272337587152,baseline_better
S5,attention,median_wait_vulnerable,8.708120680091653,44.972920526321644,-36.26479984622999,-37.633810804747,-35.00250066506569,win
S5,attention,unserved_frac_vulnerable,0.05255780518830936,0.48355672250028864,-0.4309989173119793,-0.439610727004446,-0.42290355620208514,win
S5,attention,fully_staffed_frac_vulnerable,0.9167399730058187,0.2999889230209526,0.6167510499848655,0.6082080536007743,0.6250839488685214,win
S5,attention,wait_gap_vulnerable,-17.512791629419585,29.009040108693867,-46.52183173811339,-47.913045235027354,-45.21051977868479,win
S5,attention,median_wait_severe,9.662572483100504,25.587970848284417,-15.925398365183947,-17.372323469820284,-14.54021874634791,win
S5,attention,unserved_frac_severe,0.05458716055814605,0.3604053985312638,-0.3058182379731178,-0.31603628226873215,-0.2962072077248417,win
S5,attention,fully_staffed_frac_severe,0.9206718031762472,0.41402007202059177,0.5066517311556558,0.49604414069423103,0.5174529816800829,win
S5,attention,wait_gap_severe,-12.464443574701116,5.9572931340575215,-18.421736708758637,-20.05572789719944,-16.8519142690654,win
S5,attention,invalid_claim_frac,0,0.3173683277916501,-0.3173683277916501,-0.3212168292304663,-0.3137478235975155,win
S5,attention,gini,0.4563559798924926,0.5121206173508498,-0.05576463745835801,-0.05884532353227984,-0.05264004240086894,win
S5,attention,mean_commute_min,14.79819864695956,19.336082997953465,-4.537884350993916,-4.640124634539885,-4.438935770062665,win
S5,random,median_wait_vulnerable,8.708120680091653,13.4871449901705,-4.779024310078845,-5.147514879199198,-4.419360158504611,win
S5,random,unserved_frac_vulnerable,0.05255780518830936,0.1893668413863008,-0.1368090361979916,-0.14341243308338789,-0.1302535637301586,win
S5,random,fully_staffed_frac_vulnerable,0.9167399730058187,0.5015122034593725,0.41522776954644625,0.40729664566352886,0.42343968785868147,win
S5,random,wait_gap_vulnerable,-17.512791629419585,0.1925927093549402,-17.705384338774525,-18.374960421987108,-17.056160655498616,win
S5,random,median_wait_severe,9.662572483100504,13.98187238651262,-4.319299903412125,-4.855254307933366,-3.8126438949133754,win
S5,random,unserved_frac_severe,0.05458716055814605,0.1784326147251013,-0.12384545416695524,-0.13201709978528103,-0.11515040336735098,win
S5,random,fully_staffed_frac_severe,0.9206718031762472,0.5099900681673173,0.4106817350089302,0.39955690024927404,0.42109317304709487,win
S5,random,wait_gap_severe,-12.464443574701116,0.7922813163219236,-13.256724891023039,-13.925311010590859,-12.604098228933024,win
S5,random,invalid_claim_frac,0,0.16571937937796385,-0.16571937937796385,-0.16794950335807632,-0.16335901609370382,win
S5,random,gini,0.4563559798924926,0.3699919579375209,0.08636402195497143,0.08325345062983805,0.08928085423282152,baseline_better
S5,random,mean_commute_min,14.79819864695956,19.325237211840715,-4.527038564881161,-4.624125467324865,-4.431581795461309,win
S5,coordinated_latest,median_wait_vulnerable,8.708120680091653,10.287128607200879,-1.5790079271092248,-2.567784270762158,-0.6051334940355285,win
S5,coordinated_latest,unserved_frac_vulnerable,0.05255780518830936,0.23413267113965305,-0.18157486595134367,-0.18826424355554952,-0.17482186985021644,win
S5,coordinated_latest,fully_staffed_frac_vulnerable,0.9167399730058187,0.7478824753478799,0.16885749765793961,0.16151073015226686,0.17639994977375764,win
S5,coordinated_latest,wait_gap_vulnerable,-17.512791629419585,-14.380952345025687,-3.131839284393912,-4.626305095502358,-1.5832187955236463,win
S5,coordinated_latest,median_wait_severe,9.662572483100504,20.059752553836116,-10.397180070735612,-12.045063832585035,-8.820102791557437,win
S5,coordinated_latest,unserved_frac_severe,0.05458716055814605,0.27451650984357856,-0.21992934928543265,-0.22976432702133365,-0.21026024843106472,win
S5,coordinated_latest,fully_staffed_frac_severe,0.9206718031762472,0.703843451967474,0.21682835120877356,0.20663203255394846,0.22747149500005345,win
S5,coordinated_latest,wait_gap_severe,-12.464443574701116,-0.9199564435563139,-11.544487131144804,-13.428645086089828,-9.647764941558037,win
S5,coordinated_latest,invalid_claim_frac,0,0,0,0,0,ci_includes_zero
S5,coordinated_latest,gini,0.4563559798924926,0.4909279905802826,-0.03457201068778996,-0.03686524532956651,-0.03235972913400211,win
S5,coordinated_latest,mean_commute_min,14.79819864695956,19.325124227830212,-4.52692558087064,-4.61832982003306,-4.437483940222731,win
S5,coordinated_nearest,median_wait_vulnerable,8.708120680091653,15.532715776730493,-6.824595096638825,-7.327210400458333,-6.324309720192173,win
S5,coordinated_nearest,unserved_frac_vulnerable,0.05255780518830936,0.2137405744832778,-0.1611827692949685,-0.16765780012603632,-0.15455331191192423,win
S5,coordinated_nearest,fully_staffed_frac_vulnerable,0.9167399730058187,0.6661573559218842,0.25058261708393403,0.24293785872702575,0.25842826373812944,win
S5,coordinated_nearest,wait_gap_vulnerable,-17.512791629419585,-0.024451768320174476,-17.488339861099437,-18.284790942456407,-16.70081427701977,win
S5,coordinated_nearest,median_wait_severe,9.662572483100504,16.30542698482199,-6.642854501721476,-7.358372589966346,-5.984057320935121,win
S5,coordinated_nearest,unserved_frac_severe,0.05458716055814605,0.20915985469923185,-0.15457269414108588,-0.16382435103360798,-0.1451756434905303,win
S5,coordinated_nearest,fully_staffed_frac_severe,0.9206718031762472,0.6725881033271417,0.2480836998491058,0.23792275182631048,0.2580870879181445,win
S5,coordinated_nearest,wait_gap_severe,-12.464443574701116,0.8528896142693759,-13.317333188970498,-14.14972806119621,-12.569587313260293,win
S5,coordinated_nearest,invalid_claim_frac,0,0,0,0,0,ci_includes_zero
S5,coordinated_nearest,gini,0.4563559798924926,0.43619169750818154,0.020164282384310634,0.017627951851048252,0.022653106909688567,baseline_better
S5,coordinated_nearest,mean_commute_min,14.79819864695956,5.75318352352551,9.045015123434048,8.895895087415362,9.191549218348941,baseline_better
S5,care_score_uncoordinated,median_wait_vulnerable,8.708120680091653,62.84875476107411,-54.1406340809825,-54.379714504535535,-53.88630641174146,win
S5,care_score_uncoordinated,unserved_frac_vulnerable,0.05255780518830936,0.8370410546588942,-0.7844832494705847,-0.7893389843500425,-0.7797887763731907,win
S5,care_score_uncoordinated,fully_staffed_frac_vulnerable,0.9167399730058187,0.14128922584191853,0.7754507471639005,0.7705009101715189,0.7809039703369123,win
S5,care_score_uncoordinated,wait_gap_vulnerable,-17.512791629419585,-3.791599938958336,-13.721191690461247,-14.306242761029553,-13.127359052104149,win
S5,care_score_uncoordinated,median_wait_severe,9.662572483100504,64.12335824618454,-54.460785763084004,-54.7954547553291,-54.14296775951352,win
S5,care_score_uncoordinated,unserved_frac_severe,0.05458716055814605,0.8381528026527494,-0.7835656420946038,-0.7901451163859834,-0.7765172067570065,win
S5,care_score_uncoordinated,fully_staffed_frac_severe,0.9206718031762472,0.1406383873829721,0.7800334157932757,0.7732752455021464,0.7868303058911817,win
S5,care_score_uncoordinated,wait_gap_severe,-12.464443574701116,-1.979304360765111,-10.485139213936003,-10.959509954938504,-10.030451338295146,win
S5,care_score_uncoordinated,invalid_claim_frac,0,0.9270990389092496,-0.9270990389092496,-0.9287319735254234,-0.9255604359468111,win
S5,care_score_uncoordinated,gini,0.4563559798924926,0.9592348502503956,-0.5028788703579036,-0.5049895029681712,-0.500822511190947,win
S5,care_score_uncoordinated,mean_commute_min,14.79819864695956,19.395276925669016,-4.597078278709451,-4.855573454698924,-4.347229377646077,win
S5,care_score_full_compliance,median_wait_vulnerable,8.708120680091653,7.683661662138391,1.0244590179532584,0.8751940780435128,1.1738383646052841,baseline_better
S5,care_score_full_compliance,unserved_frac_vulnerable,0.05255780518830936,0.03836878461127488,0.014189020577034457,0.01063351693067715,0.01767455296914754,baseline_better
S5,care_score_full_compliance,fully_staffed_frac_vulnerable,0.9167399730058187,0.9558502768880336,-0.03911030388221458,-0.042786379127090636,-0.03490987529999496,baseline_better
S5,care_score_full_compliance,wait_gap_vulnerable,-17.512791629419585,-38.514053876039675,21.001262246620104,20.36637744756986,21.63663785156138,baseline_better
S5,care_score_full_compliance,median_wait_severe,9.662572483100504,9.014055454199056,0.6485170289014518,0.4457992840678612,0.8621654070170276,baseline_better
S5,care_score_full_compliance,unserved_frac_severe,0.05458716055814605,0.046457084919371665,0.008130075638774398,0.003659705142397993,0.012709769816498304,baseline_better
S5,care_score_full_compliance,fully_staffed_frac_severe,0.9206718031762472,0.9450025832524115,-0.02433078007616421,-0.02891880232559764,-0.019928277511560177,baseline_better
S5,care_score_full_compliance,wait_gap_severe,-12.464443574701116,-24.97197093039045,12.50752735568934,11.80202624881787,13.2387421227888,baseline_better
S5,care_score_full_compliance,invalid_claim_frac,0,0,0,0,0,ci_includes_zero
S5,care_score_full_compliance,gini,0.4563559798924926,0.4932792511682675,-0.03692327127577536,-0.03849611907628132,-0.0353655818684394,win
S5,care_score_full_compliance,mean_commute_min,14.79819864695956,19.27698327873079,-4.478784631771228,-4.567557517107446,-4.393046980046112,win
S6,latest,median_wait_vulnerable,2.0567324620381076,14.29462012553469,-12.237887663496586,-15.083135684983265,-9.46950956422539,win
S6,latest,unserved_frac_vulnerable,0,0.45179890539510476,-0.45179890539510476,-0.4594358185369555,-0.4437148371924932,win
S6,latest,fully_staffed_frac_vulnerable,1,0.42019468731116066,0.5798053126888392,0.5728030673329356,0.5870005961002751,win
S6,latest,wait_gap_vulnerable,-5.623250770759889,6.736890584489823,-12.360141355249713,-15.852610200663193,-8.709940378121717,win
S6,latest,median_wait_severe,2.225116203142656,20.23136891960024,-18.00625271645757,-21.18467280405274,-15.084548213722226,win
S6,latest,unserved_frac_severe,0,0.45590726062267056,-0.45590726062267056,-0.46504791529980155,-0.44724155270023896,win
S6,latest,fully_staffed_frac_severe,1,0.41509346587912344,0.5849065341208762,0.574955962619227,0.5947967702337857,win
S6,latest,wait_gap_severe,-4.712856910290476,12.486178553677934,-17.19903546396843,-21.05599477683797,-13.306659392530523,win
S6,latest,invalid_claim_frac,0,0.779302509737004,-0.779302509737004,-0.7810249555391467,-0.7775075093722394,win
S6,latest,gini,0.28450407117898585,0.6048879050628215,-0.3203838338838355,-0.32353828807348295,-0.3172715269540636,win
S6,latest,mean_commute_min,19.837053147716045,19.849797689255333,-0.012744541539282016,-0.08634817007530887,0.05604159411577591,ci_includes_zero
S6,nearest,median_wait_vulnerable,2.0567324620381076,66.16133347545606,-64.10460101341796,-64.22265382241363,-63.976192903331004,win
S6,nearest,unserved_frac_vulnerable,0,0.9356855277979145,-0.9356855277979145,-0.9390156302873967,-0.9323389102823887,win
S6,nearest,fully_staffed_frac_vulnerable,1,0.05601986788093099,0.9439801321190687,0.9408842558295005,0.9471228949588854,win
S6,nearest,wait_gap_vulnerable,-5.623250770759889,0.05044742701201592,-5.673698197771899,-5.823948421551218,-5.505986024356438,win
S6,nearest,median_wait_severe,2.225116203142656,65.9260787265053,-63.70096252336265,-63.86177220785458,-63.54119702807871,win
S6,nearest,unserved_frac_severe,0,0.9323443792471598,-0.9323443792471598,-0.9368910316662871,-0.9278681308644131,win
S6,nearest,fully_staffed_frac_severe,1,0.060155395230275084,0.9398446047697258,0.9354185668558841,0.9443232503210148,win
S6,nearest,wait_gap_severe,-4.712856910290476,-0.24471799529916297,-4.46813891499131,-4.662513135879613,-4.282197592974794,win
S6,nearest,invalid_claim_frac,0,0.9697405179891644,-0.9697405179891644,-0.9704011156410042,-0.969116305545592,win
S6,nearest,gini,0.28450407117898585,0.9509579747529151,-0.66645390357393,-0.6679547455167264,-0.6648616063373464,win
S6,nearest,mean_commute_min,19.837053147716045,5.824133785055409,14.012919362660636,13.682232527845153,14.353658426193654,baseline_better
S6,attention,median_wait_vulnerable,2.0567324620381076,6.166776057044479,-4.110043595006367,-4.274861562658985,-3.9478024125684463,win
S6,attention,unserved_frac_vulnerable,0,0.0933793126283133,-0.0933793126283133,-0.09745405044593182,-0.08898931867505236,win
S6,attention,fully_staffed_frac_vulnerable,1,0.7681124203846074,0.23188757961539233,0.22601914068487924,0.23830365192487227,win
S6,attention,wait_gap_vulnerable,-5.623250770759889,0.02329359747036908,-5.646544368230257,-5.855994071765336,-5.427409007242449,win
S6,attention,median_wait_severe,2.225116203142656,6.432437234954809,-4.20732103181215,-4.420707730188006,-3.9761906504215183,win
S6,attention,unserved_frac_severe,0,0.09678815179905928,-0.09678815179905928,-0.10251155854493839,-0.09125853558673903,win
S6,attention,fully_staffed_frac_severe,1,0.7629270599565198,0.23707294004347995,0.22920924010204702,0.24500157151577626,win
S6,attention,wait_gap_severe,-4.712856910290476,0.3405032864090603,-5.053360196699535,-5.315340238905775,-4.777149144179665,win
S6,attention,invalid_claim_frac,0,0.5989970636594667,-0.5989970636594667,-0.6005887330228056,-0.5973391664022121,win
S6,attention,gini,0.28450407117898585,0.34672779231092465,-0.06222372113193861,-0.06406033667068045,-0.06037588113781101,win
S6,attention,mean_commute_min,19.837053147716045,19.83063638462102,0.006416763095052668,-0.024353546106341516,0.03676655943056731,ci_includes_zero
S6,random,median_wait_vulnerable,2.0567324620381076,4.7904849861852306,-2.733752524147122,-2.863426813567167,-2.6078694941521277,win
S6,random,unserved_frac_vulnerable,0,0.0027476757343225713,-0.0027476757343225713,-0.0035425886207411613,-0.0019807611016382106,win
S6,random,fully_staffed_frac_vulnerable,1,0.9615962428895978,0.038403757110402156,0.03555326559064773,0.04145074720544389,win
S6,random,wait_gap_vulnerable,-5.623250770759889,0.04880384053224552,-5.672054611292137,-5.841479415536531,-5.500158314052955,win
S6,random,median_wait_severe,2.225116203142656,4.736370953515231,-2.511254750372577,-2.686192061566322,-2.3374246658695585,win
S6,random,unserved_frac_severe,0,0.0026708509113286196,-0.0026708509113286196,-0.003681725109915042,-0.001732644414944924,win
S6,random,fully_staffed_frac_severe,1,0.9618108993584059,0.03818910064159466,0.034493945087071404,0.04209044476565697,win
S6,random,wait_gap_severe,-4.712856910290476,-0.01031996115483107,-4.702536949135646,-4.907518213056759,-4.4963621391021436,win
S6,random,invalid_claim_frac,0,0.512936106944508,-0.512936106944508,-0.5134753755975873,-0.5124276795334076,win
S6,random,gini,0.28450407117898585,0.281532023594722,0.002972047584263652,0.002465236281104608,0.0034899747405718194,baseline_better
S6,random,mean_commute_min,19.837053147716045,19.84064087589756,-0.003587728181513275,-0.014044294168789122,0.006596257909962245,ci_includes_zero
S6,coordinated_latest,median_wait_vulnerable,2.0567324620381076,0.9591013344511221,1.0976311275869854,0.9336187587722018,1.2480415961429376,baseline_better
S6,coordinated_latest,unserved_frac_vulnerable,0,0,0,0,0,ci_includes_zero
S6,coordinated_latest,fully_staffed_frac_vulnerable,1,1,0,0,0,ci_includes_zero
S6,coordinated_latest,wait_gap_vulnerable,-5.623250770759889,0.324391646325384,-5.947642417085273,-6.131720178802983,-5.760020471980755,win
S6,coordinated_latest,median_wait_severe,2.225116203142656,1.2017261832860189,1.0233900198566366,0.8262501234525306,1.2323700840213418,baseline_better
S6,coordinated_latest,unserved_frac_severe,0,0,0,0,0,ci_includes_zero
S6,coordinated_latest,fully_staffed_frac_severe,1,1,0,0,0,ci_includes_zero
S6,coordinated_latest,wait_gap_severe,-4.712856910290476,0.6004675418078878,-5.313324452098359,-5.538857599866572,-5.0877167637844245,win
S6,coordinated_latest,invalid_claim_frac,0,0,0,0,0,ci_includes_zero
S6,coordinated_latest,gini,0.28450407117898585,0.28450407117898585,0,0,0,ci_includes_zero
S6,coordinated_latest,mean_commute_min,19.837053147716045,19.83705314771604,-1.3381888190148553e-15,-3.611925573447176e-15,9.592326932761353e-16,ci_includes_zero
S6,coordinated_nearest,median_wait_vulnerable,2.0567324620381076,5.741907320444917,-3.6851748584068114,-3.8485269215944684,-3.509408961558043,win
S6,coordinated_nearest,unserved_frac_vulnerable,0,0,0,0,0,ci_includes_zero
S6,coordinated_nearest,fully_staffed_frac_vulnerable,1,1,0,0,0,ci_includes_zero
S6,coordinated_nearest,wait_gap_vulnerable,-5.623250770759889,-0.014923484760819991,-5.608327285999066,-5.812041579887855,-5.3958383692792715,win
S6,coordinated_nearest,median_wait_severe,2.225116203142656,5.586932240943024,-3.3618160378003665,-3.5737104250666865,-3.152237341792586,win
S6,coordinated_nearest,unserved_frac_severe,0,0,0,0,0,ci_includes_zero
S6,coordinated_nearest,fully_staffed_frac_severe,1,1,0,0,0,ci_includes_zero
S6,coordinated_nearest,wait_gap_severe,-4.712856910290476,-0.17326899412248245,-4.5395879161679895,-4.776640084845171,-4.306171843959315,win
S6,coordinated_nearest,invalid_claim_frac,0,0,0,0,0,ci_includes_zero
S6,coordinated_nearest,gini,0.28450407117898585,0.28450407117898585,0,0,0,ci_includes_zero
S6,coordinated_nearest,mean_commute_min,19.837053147716045,19.837053147716038,-1.5335880713488828e-15,-3.606004383982508e-15,7.105427357601002e-16,ci_includes_zero
S6,care_score_uncoordinated,median_wait_vulnerable,2.0567324620381076,64.26815012999398,-62.211417667955814,-62.35910659029016,-62.060326772631704,win
S6,care_score_uncoordinated,unserved_frac_vulnerable,0,0.7986110025510788,-0.7986110025510788,-0.8029272386373655,-0.7942633330379982,win
S6,care_score_uncoordinated,fully_staffed_frac_vulnerable,1,0.17477054242973933,0.8252294575702602,0.8213644696267601,0.8289975537208178,win
S6,care_score_uncoordinated,wait_gap_vulnerable,-5.623250770759889,-2.3012938501466365,-3.321956920613248,-3.5084009395782347,-3.1335495009611973,win
S6,care_score_uncoordinated,median_wait_severe,2.225116203142656,64.08941280236549,-61.86429659922276,-62.046842988784334,-61.66342371524886,win
S6,care_score_uncoordinated,unserved_frac_severe,0,0.8084620544268645,-0.8084620544268645,-0.8149978615842765,-0.8018510425040467,win
S6,care_score_uncoordinated,fully_staffed_frac_severe,1,0.16736534416937474,0.8326346558306251,0.8267252205905684,0.8385552770953133,win
S6,care_score_uncoordinated,wait_gap_severe,-4.712856910290476,-2.2702070115985515,-2.442649898691919,-2.6520416967777383,-2.204883734453322,win
S6,care_score_uncoordinated,invalid_claim_frac,0,0.9678950350736094,-0.9678950350736094,-0.9685510468774451,-0.967284042631141,win
S6,care_score_uncoordinated,gini,0.28450407117898585,0.9485777771618962,-0.6640737059829106,-0.6656170212670027,-0.6624552208601971,win
S6,care_score_uncoordinated,mean_commute_min,19.837053147716045,19.82520759078251,0.011845556933542778,-0.26290642146454596,0.2841523103646628,ci_includes_zero
S6,care_score_full_compliance,median_wait_vulnerable,2.0567324620381076,1.5419110103568179,0.5148214516812893,0.45149073218405517,0.5802095869716996,baseline_better
S6,care_score_full_compliance,unserved_frac_vulnerable,0,0,0,0,0,ci_includes_zero
S6,care_score_full_compliance,fully_staffed_frac_vulnerable,1,1,0,0,0,ci_includes_zero
S6,care_score_full_compliance,wait_gap_vulnerable,-5.623250770759889,-6.614691334479676,0.9914405637197855,0.8952643576500725,1.0847514020781246,baseline_better
S6,care_score_full_compliance,median_wait_severe,2.225116203142656,1.6904175996685842,0.5346986034740712,0.45069617588394273,0.6176596491426389,baseline_better
S6,care_score_full_compliance,unserved_frac_severe,0,0,0,0,0,ci_includes_zero
S6,care_score_full_compliance,fully_staffed_frac_severe,1,1,0,0,0,ci_includes_zero
S6,care_score_full_compliance,wait_gap_severe,-4.712856910290476,-5.692797956682401,0.9799410463919287,0.8720803976929956,1.083485832714996,baseline_better
S6,care_score_full_compliance,invalid_claim_frac,0,0,0,0,0,ci_includes_zero
S6,care_score_full_compliance,gini,0.28450407117898585,0.28450407117898585,0,0,0,ci_includes_zero
S6,care_score_full_compliance,mean_commute_min,19.837053147716045,19.83705314771605,8.763360407707903e-16,-7.815970093361102e-16,2.457293627837013e-15,ci_includes_zero
S7,latest,median_wait_vulnerable,12.743515785553363,53.727256794708325,-40.98374100915496,-43.14769427571624,-38.74449679228795,win
S7,latest,unserved_frac_vulnerable,0.12711852720446634,0.5743703239471253,-0.4472517967426588,-0.45680441848388664,-0.43775442928568103,win
S7,latest,fully_staffed_frac_vulnerable,0.8611036009704858,0.28952471195497137,0.5715788890155142,0.5623445425665679,0.5806857048754082,win
S7,latest,wait_gap_vulnerable,-26.154760274968947,-11.789960668759482,-14.364799606209436,-16.64738771272696,-11.97439773731736,win
S7,latest,median_wait_severe,14.021119341383619,59.20534809275204,-45.18422875136839,-46.97444396835662,-43.32598177268802,win
S7,latest,unserved_frac_severe,0.11050765403832796,0.6173079922640287,-0.5068003382257016,-0.5176115306353972,-0.49619859311889625,win
S7,latest,fully_staffed_frac_severe,0.8732319705637298,0.2530194437910547,0.6202125267726754,0.6105743127248022,0.629716884161961,win
S7,latest,wait_gap_severe,-16.66693840378841,-5.615493769738878,-11.051444634049522,-13.002768222966722,-9.06981514682423,win
S7,latest,invalid_claim_frac,0,0.6181276415063863,-0.6181276415063863,-0.6215557010661173,-0.6147833116236201,win
S7,latest,gini,0.4969196077190918,0.7230810281441622,-0.22616142042506993,-0.2291575392168268,-0.22317306627880484,win
S7,latest,mean_commute_min,16.900408271011955,19.870248764297695,-2.9698404932857536,-3.0938770982967387,-2.849761946614265,win
S7,nearest,median_wait_vulnerable,12.743515785553363,64.6459214087344,-51.902405623181096,-52.20120276209373,-51.6013143413107,win
S7,nearest,unserved_frac_vulnerable,0.12711852720446634,0.9535269848045899,-0.8264084576001238,-0.831936765676197,-0.820450798442725,win
S7,nearest,fully_staffed_frac_vulnerable,0.8611036009704858,0.041014582526825036,0.8200890184436609,0.8139758626201936,0.8258710355687996,win
S7,nearest,wait_gap_vulnerable,-26.154760274968947,-1.696622589687375,-24.458137685281585,-25.24225193635716,-23.714607889841332,win
S7,nearest,median_wait_severe,14.021119341383619,65.62587309646047,-51.60475375507683,-52.04234215796794,-51.14602416683417,win
S7,nearest,unserved_frac_severe,0.11050765403832796,0.9484601835120636,-0.837952529473735,-0.8448739666018047,-0.8312678629326657,win
S7,nearest,fully_staffed_frac_severe,0.8732319705637298,0.046335580777983186,0.8268963897857463,0.8197139572384994,0.833566248537509,win
S7,nearest,wait_gap_severe,-16.66693840378841,-0.3150220645678971,-16.35191633922052,-17.14802724105056,-15.552190029245876,win
S7,nearest,invalid_claim_frac,0,0.9360401896893639,-0.9360401896893639,-0.9374173378904453,-0.9346895219609261,win
S7,nearest,gini,0.4969196077190918,0.9631143634195413,-0.46619475570044905,-0.46779956353532837,-0.4646216096204245,win
S7,nearest,mean_commute_min,16.900408271011955,5.188064609472453,11.712343661539506,11.421950748981114,12.03031860811755,baseline_better
S7,attention,median_wait_vulnerable,12.743515785553363,44.977083837969055,-32.23356805241567,-33.58850937755779,-30.928610208814202,win
S7,attention,unserved_frac_vulnerable,0.12711852720446634,0.4834876554387797,-0.35636912823431327,-0.36564458591244675,-0.34751328427206307,win
S7,attention,fully_staffed_frac_vulnerable,0.8611036009704858,0.29998115392426955,0.5611224470462156,0.5518608510912122,0.5705288020352636,win
S7,attention,wait_gap_vulnerable,-26.154760274968947,29.003463411523263,-55.15822368649215,-56.61392211127983,-53.69574320748357,win
S7,attention,median_wait_severe,14.021119341383619,25.582845701229797,-11.561726359846201,-12.984604891230784,-10.10597877316584,win
S7,attention,unserved_frac_severe,0.11050765403832796,0.3604541973300626,-0.249946543291735,-0.2611030629718499,-0.23873895222795308,win
S7,attention,fully_staffed_frac_severe,0.8732319705637298,0.4138217961585228,0.4594101744052071,0.44788311599684744,0.4709026448668004,win
S7,attention,wait_gap_severe,-16.66693840378841,5.9173255008814,-22.58426390466982,-24.327126623792477,-20.853025981132248,win
S7,attention,invalid_claim_frac,0,0.3173683277916501,-0.3173683277916501,-0.3212168292304663,-0.3137478235975155,win
S7,attention,gini,0.4969196077190918,0.5120180862651984,-0.01509847854610656,-0.01792956018415984,-0.012123606815912203,win
S7,attention,mean_commute_min,16.900408271011955,19.796216679044267,-2.895808408032321,-2.990846600080516,-2.8038834653684392,win
S7,random,median_wait_vulnerable,12.743515785553363,13.485730044975634,-0.7422142594222646,-1.1672310048706522,-0.3406097035733374,win
S7,random,unserved_frac_vulnerable,0.12711852720446634,0.1894164959416962,-0.06229796873723,-0.06972088565138077,-0.05471459024389741,win
S7,random,fully_staffed_frac_vulnerable,0.8611036009704858,0.5015493319213756,0.3595542690491099,0.3510562601522286,0.36836099682658047,win
S7,random,wait_gap_vulnerable,-26.154760274968947,0.1855809281347683,-26.34034120310371,-27.158769141814176,-25.48773565428068,win
S7,random,median_wait_severe,14.021119341383619,13.978911725629771,0.04220761575383938,-0.5621263354048172,0.6450431641854061,ci_includes_zero
S7,random,unserved_frac_severe,0.11050765403832796,0.1782878618982627,-0.0677802078599347,-0.07685969388286137,-0.05876998059163384,win
S7,random,fully_staffed_frac_severe,0.8732319705637298,0.5096569666953877,0.3635750038683424,0.35198948378143097,0.3746893467412394,win
S7,random,wait_gap_severe,-16.66693840378841,0.7809520584235349,-17.447890462211934,-18.396657160974595,-16.535576372509944,win
S7,random,invalid_claim_frac,0,0.16571937937796385,-0.16571937937796385,-0.16794950335807632,-0.16335901609370382,win
S7,random,gini,0.4969196077190918,0.3699441029870357,0.12697550473205638,0.12427316034823922,0.12971488142902254,baseline_better
S7,random,mean_commute_min,16.900408271011955,19.828057883994678,-2.927649612982729,-3.016383524144055,-2.841645726952383,win
S7,coordinated_latest,median_wait_vulnerable,12.743515785553363,10.309272642980682,2.4342431425726843,1.4202876287392563,3.443060906525599,baseline_better
S7,coordinated_latest,unserved_frac_vulnerable,0.12711852720446634,0.2339941178607166,-0.10687559065625028,-0.11461475084645938,-0.09881570017221875,win
S7,coordinated_latest,fully_staffed_frac_vulnerable,0.8611036009704858,0.7478624871966739,0.11324111377381224,0.10487115651123136,0.12196493283800486,win
S7,coordinated_latest,wait_gap_vulnerable,-26.154760274968947,-14.394782055656433,-11.7599782193125,-13.194944160491966,-10.245666597883208,win
S7,coordinated_latest,median_wait_severe,14.021119341383619,20.086726806078705,-6.065607464695089,-7.659737349172416,-4.425334702501152,win
S7,coordinated_latest,unserved_frac_severe,0.11050765403832796,0.27484514310103736,-0.1643374890627095,-0.17536467294399918,-0.15385963344361564,win
S7,coordinated_latest,fully_staffed_frac_severe,0.8732319705637298,0.7035634545239441,0.16966851603978578,0.15903943286546737,0.18065055923954462,win
S7,coordinated_latest,wait_gap_severe,-16.66693840378841,-0.9406262572815155,-15.72631214650688,-17.67584961522923,-13.80184755602407,win
S7,coordinated_latest,invalid_claim_frac,0,0,0,0,0,ci_includes_zero
S7,coordinated_latest,gini,0.4969196077190918,0.4909526049641199,0.005967002754972285,0.0039799639337852605,0.00800559809576279,baseline_better
S7,coordinated_latest,mean_commute_min,16.900408271011955,19.846496811223016,-2.94608854021106,-3.0351235904336615,-2.863603052847216,win
S7,coordinated_nearest,median_wait_vulnerable,12.743515785553363,27.239020967722375,-14.495505182169026,-15.329471951655057,-13.676926688785988,win
S7,coordinated_nearest,unserved_frac_vulnerable,0.12711852720446634,0.3017685137381923,-0.17464998653372624,-0.1814358491529028,-0.16750832294593435,win
S7,coordinated_nearest,fully_staffed_frac_vulnerable,0.8611036009704858,0.6954174668893667,0.16568613408111843,0.15872931996418405,0.17245195746020664,win
S7,coordinated_nearest,wait_gap_vulnerable,-26.154760274968947,-0.5229613226018873,-25.631798952367053,-26.66599307417889,-24.58673930324373,win
S7,coordinated_nearest,median_wait_severe,14.021119341383619,29.266264376740693,-15.245145035357087,-16.345311494272824,-14.1712533014444,win
S7,coordinated_nearest,unserved_frac_severe,0.11050765403832796,0.30970460034547365,-0.19919694630714593,-0.2078657735161654,-0.19014498979789038,win
S7,coordinated_nearest,fully_staffed_frac_severe,0.8732319705637298,0.6872594680533859,0.18597250251034375,0.17732124056265575,0.19437026204253263,win
S7,coordinated_nearest,wait_gap_severe,-16.66693840378841,2.1690521651208687,-18.835990568909267,-20.145816829686392,-17.51516027112634,win
S7,coordinated_nearest,invalid_claim_frac,0,0,0,0,0,ci_includes_zero
S7,coordinated_nearest,gini,0.4969196077190918,0.4992687207456972,-0.0023491130266052275,-0.0037865538286364587,-0.0008731006283781821,win
S7,coordinated_nearest,mean_commute_min,16.900408271011955,15.778168716816435,1.1222395541955335,1.0735756729983157,1.1703222540162954,baseline_better
S7,care_score_uncoordinated,median_wait_vulnerable,12.743515785553363,62.8483043322376,-50.104788546684276,-50.40501263331916,-49.79742017996308,win
S7,care_score_uncoordinated,unserved_frac_vulnerable,0.12711852720446634,0.836984557483753,-0.7098660302792865,-0.715751774228989,-0.7039323314572373,win
S7,care_score_uncoordinated,fully_staffed_frac_vulnerable,0.8611036009704858,0.14134572301705978,0.7197578779534256,0.7139467749017903,0.7254456713379043,win
S7,care_score_uncoordinated,wait_gap_vulnerable,-26.154760274968947,-3.7920503677948463,-22.362709907174075,-23.172996006253612,-21.589190618600554,win
S7,care_score_uncoordinated,median_wait_severe,14.021119341383619,64.12336100761003,-50.1022416662264,-50.53801280006038,-49.64841543473952,win
S7,care_score_uncoordinated,unserved_frac_severe,0.11050765403832796,0.8381528026527494,-0.7276451486144222,-0.7352992992228906,-0.7200112410257227,win
S7,care_score_uncoordinated,fully_staffed_frac_severe,0.8732319705637298,0.1406383873829721,0.7325935831807575,0.725233376722599,0.7395182713765994,win
S7,care_score_uncoordinated,wait_gap_severe,-16.66693840378841,-1.9793015993396308,-14.687636804448763,-15.497692655305215,-13.892997962221262,win
S7,care_score_uncoordinated,invalid_claim_frac,0,0.9270990389092496,-0.9270990389092496,-0.9287319735254234,-0.9255604359468111,win
S7,care_score_uncoordinated,gini,0.4969196077190918,0.9592330507334875,-0.4623134430143952,-0.4639802639424981,-0.4606878963700757,win
S7,care_score_uncoordinated,mean_commute_min,16.900408271011955,19.992145567581648,-3.0917372965696823,-3.4315847011417366,-2.7721696868526897,win
S7,care_score_full_compliance,median_wait_vulnerable,12.743515785553363,7.69904212543596,5.0444736601174105,4.80340755403684,5.281623533188732,baseline_better
S7,care_score_full_compliance,unserved_frac_vulnerable,0.12711852720446634,0.038442858685348955,0.08867566851911732,0.0836541338464695,0.09424814182784373,baseline_better
S7,care_score_full_compliance,fully_staffed_frac_vulnerable,0.8611036009704858,0.9558697061533644,-0.09476610518287876,-0.10038633454624996,-0.08938211678780467,baseline_better
S7,care_score_full_compliance,wait_gap_vulnerable,-26.154760274968947,-38.50490587049172,12.35014559552277,11.549710866178382,13.132643969630884,baseline_better
S7,care_score_full_compliance,median_wait_severe,14.021119341383619,9.046596346422591,4.974522994961022,4.641435768648335,5.324918991534578,baseline_better
S7,care_score_full_compliance,unserved_frac_severe,0.11050765403832796,0.046552323014609764,0.06395533102371818,0.05744650649591984,0.07047600792604226,baseline_better
S7,care_score_full_compliance,fully_staffed_frac_severe,0.8732319705637298,0.9449148639541659,-0.07168289339043628,-0.07867746172375492,-0.06491493682945922,baseline_better
S7,care_score_full_compliance,wait_gap_severe,-16.66693840378841,-24.935834258647642,8.268895854859231,7.367984803556399,9.166141532866913,baseline_better
S7,care_score_full_compliance,invalid_claim_frac,0,0,0,0,0,ci_includes_zero
S7,care_score_full_compliance,gini,0.4969196077190918,0.49343172002857716,0.00348788769051484,0.0016403638798112789,0.005354887260753342,baseline_better
S7,care_score_full_compliance,mean_commute_min,16.900408271011955,19.860203572050168,-2.959795301038216,-3.041828739080001,-2.874727308389944,win
S8,latest,median_wait_vulnerable,14.974284619647067,53.727256794708325,-38.75297217506127,-40.89595456436181,-36.51963599539436,win
S8,latest,unserved_frac_vulnerable,0.15031395373507356,0.5743703239471253,-0.4240563702120517,-0.43334500512554625,-0.41509108263196837,win
S8,latest,fully_staffed_frac_vulnerable,0.8370562679986188,0.28952471195497137,0.547531556043648,0.5385549241885396,0.5565531812688104,win
S8,latest,wait_gap_vulnerable,-20.073969136449694,-11.789960668759482,-8.28400846769021,-10.639665165375662,-5.779184170715264,win
S8,latest,median_wait_severe,10.357585129562663,59.20534809275204,-48.8477629631894,-50.605654695697986,-46.94318400691387,win
S8,latest,unserved_frac_severe,0.09235737572591003,0.6173079922640287,-0.5249506165381196,-0.5354947624108692,-0.5143780640760652,win
S8,latest,fully_staffed_frac_severe,0.8891690855546128,0.2530194437910547,0.6361496417635583,0.6259782541654926,0.6463625876107583,win
S8,latest,wait_gap_severe,-19.224213882374265,-5.615493769738878,-13.608720112635371,-15.528112021118925,-11.504367866809382,win
S8,latest,invalid_claim_frac,0,0.6181276415063863,-0.6181276415063863,-0.6215557010661173,-0.6147833116236201,win
S8,latest,gini,0.49388529518512503,0.7230810281441622,-0.22919573295903697,-0.2323911295467638,-0.22621713955433387,win
S8,latest,mean_commute_min,18.06215851533046,19.870248764297695,-1.808090248967239,-1.9188962683906714,-1.6930928096577953,win
S8,nearest,median_wait_vulnerable,14.974284619647067,64.6459214087344,-49.67163678908738,-49.963963153396605,-49.38703164100571,win
S8,nearest,unserved_frac_vulnerable,0.15031395373507356,0.9535269848045899,-0.8032130310695161,-0.808705989358341,-0.7978134191516429,win
S8,nearest,fully_staffed_frac_vulnerable,0.8370562679986188,0.041014582526825036,0.7960416854717934,0.7904933531075892,0.8015983320548598,win
S8,nearest,wait_gap_vulnerable,-20.073969136449694,-1.696622589687375,-18.377346546762315,-19.289244287159676,-17.475461630846077,win
S8,nearest,median_wait_severe,10.357585129562663,65.62587309646047,-55.268287966897766,-55.6003616913721,-54.92294317455064,win
S8,nearest,unserved_frac_severe,0.09235737572591003,0.9484601835120636,-0.8561028077861531,-0.8628580737991078,-0.8494826284262657,win
S8,nearest,fully_staffed_frac_severe,0.8891690855546128,0.046335580777983186,0.8428335047766292,0.8354304526946696,0.8503414314108039,win
S8,nearest,wait_gap_severe,-19.224213882374265,-0.3150220645678971,-18.909191817806366,-19.64513123823277,-18.19151684723639,win
S8,nearest,invalid_claim_frac,0,0.9360401896893639,-0.9360401896893639,-0.9374173378904453,-0.9346895219609261,win
S8,nearest,gini,0.49388529518512503,0.9631143634195413,-0.46922906823441707,-0.47104761162773534,-0.4674628653752145,win
S8,nearest,mean_commute_min,18.06215851533046,5.188064609472453,12.87409390585801,12.569826298918079,13.191424181567859,baseline_better
S8,attention,median_wait_vulnerable,14.974284619647067,44.977083837969055,-30.00279921832197,-31.355253037199667,-28.73457659735448,win
S8,attention,unserved_frac_vulnerable,0.15031395373507356,0.4834876554387797,-0.3331737017037063,-0.34293728929522077,-0.3239836359215001,win
S8,attention,fully_staffed_frac_vulnerable,0.8370562679986188,0.29998115392426955,0.5370751140743494,0.5281697470263834,0.5469339809747884,win
S8,attention,wait_gap_vulnerable,-20.073969136449694,29.003463411523263,-49.07743254797287,-50.662277008853245,-47.49137880302977,win
S8,attention,median_wait_severe,10.357585129562663,25.582845701229797,-15.225260571667144,-16.701440430214177,-13.814540107088611,win
S8,attention,unserved_frac_severe,0.09235737572591003,0.3604541973300626,-0.26809682160415277,-0.2788852208038129,-0.25696453638599204,win
S8,attention,fully_staffed_frac_severe,0.8891690855546128,0.4138217961585228,0.47534728939608983,0.46381344631787214,0.4868673600812716,win
S8,attention,wait_gap_severe,-19.224213882374265,5.9173255008814,-25.141539383255648,-26.788595427233044,-23.47528151531766,win
S8,attention,invalid_claim_frac,0,0.3173683277916501,-0.3173683277916501,-0.3212168292304663,-0.3137478235975155,win
S8,attention,gini,0.49388529518512503,0.5120180862651984,-0.018132791080073894,-0.02115535920802715,-0.015025327400037496,win
S8,attention,mean_commute_min,18.06215851533046,19.796216679044267,-1.734058163713809,-1.824383741123631,-1.6489964378044064,win
S8,random,median_wait_vulnerable,14.974284619647067,13.485730044975634,1.488554574671425,1.0764346696504732,1.870523779609755,baseline_better
S8,random,unserved_frac_vulnerable,0.15031395373507356,0.1894164959416962,-0.039102542206622924,-0.046162087067967955,-0.031908576227176,win
S8,random,fully_staffed_frac_vulnerable,0.8370562679986188,0.5015493319213756,0.3355069360772432,0.3267717266869151,0.3444374928788909,win
S8,random,wait_gap_vulnerable,-20.073969136449694,0.1855809281347683,-20.259550064584452,-21.226402910061246,-19.29287122998686,win
S8,random,median_wait_severe,10.357585129562663,13.978911725629771,-3.6213265960671195,-4.159358799516369,-3.1101605571262407,win
S8,random,unserved_frac_severe,0.09235737572591003,0.1782878618982627,-0.08593048617235255,-0.09499508881301083,-0.07697590517444428,win
S8,random,fully_staffed_frac_severe,0.8891690855546128,0.5096569666953877,0.37951211885922487,0.36773227253637913,0.39141389976113544,win
S8,random,wait_gap_severe,-19.224213882374265,0.7809520584235349,-20.005165940797788,-20.89575094397117,-19.123387639082104,win
S8,random,invalid_claim_frac,0,0.16571937937796385,-0.16571937937796385,-0.16794950335807632,-0.16335901609370382,win
S8,random,gini,0.49388529518512503,0.3699441029870357,0.12394119219808902,0.1211815499663503,0.1267289377094236,baseline_better
S8,random,mean_commute_min,18.06215851533046,19.828057883994678,-1.7658993686642168,-1.8400056079020617,-1.6875685670649567,win
S8,coordinated_latest,median_wait_vulnerable,14.974284619647067,10.309272642980682,4.665011976666369,3.6507112131543584,5.687373380838491,baseline_better
S8,coordinated_latest,unserved_frac_vulnerable,0.15031395373507356,0.2339941178607166,-0.08368016412564316,-0.09146429820539625,-0.0758635051781765,win
S8,coordinated_latest,fully_staffed_frac_vulnerable,0.8370562679986188,0.7478624871966739,0.08919378080194539,0.08126836707196076,0.09711057380138895,win
S8,coordinated_latest,wait_gap_vulnerable,-20.073969136449694,-14.394782055656433,-5.6791870807932545,-7.298434072443366,-4.115781217554855,win
S8,coordinated_latest,median_wait_severe,10.357585129562663,20.086726806078705,-9.729141676516056,-11.396207426365846,-8.115896051094412,win
S8,coordinated_latest,unserved_frac_severe,0.09235737572591003,0.27484514310103736,-0.1824877673751273,-0.19289721237783528,-0.1718244705885841,win
S8,coordinated_latest,fully_staffed_frac_severe,0.8891690855546128,0.7035634545239441,0.18560563103066818,0.17468397252790624,0.19658177388504303,win
S8,coordinated_latest,wait_gap_severe,-19.224213882374265,-0.9406262572815155,-18.283587625092757,-20.320959568300562,-16.313897444981023,win
S8,coordinated_latest,invalid_claim_frac,0,0,0,0,0,ci_includes_zero
S8,coordinated_latest,gini,0.49388529518512503,0.4909526049641199,0.0029326902210049456,0.0009364640671875538,0.005028180103727592,baseline_better
S8,coordinated_latest,mean_commute_min,18.06215851533046,19.846496811223016,-1.7843382958925473,-1.8622105061554175,-1.7100861689178968,win
S8,coordinated_nearest,median_wait_vulnerable,14.974284619647067,27.239020967722375,-12.264736348075338,-13.109125790492557,-11.467274253889158,win
S8,coordinated_nearest,unserved_frac_vulnerable,0.15031395373507356,0.3017685137381923,-0.15145456000311916,-0.15852601157248752,-0.14411066927966015,win
S8,coordinated_nearest,fully_staffed_frac_vulnerable,0.8370562679986188,0.6954174668893667,0.14163880110925167,0.13448489264883867,0.1487027291693293,win
S8,coordinated_nearest,wait_gap_vulnerable,-20.073969136449694,-0.5229613226018873,-19.551007813847793,-20.826744722906902,-18.281516840731978,win
S8,coordinated_nearest,median_wait_severe,10.357585129562663,29.266264376740693,-18.908679247178057,-20.08966430755662,-17.719504107500434,win
S8,coordinated_nearest,unserved_frac_severe,0.09235737572591003,0.30970460034547365,-0.21734722461956385,-0.22616950776908684,-0.20835120222796255,win
S8,coordinated_nearest,fully_staffed_frac_severe,0.8891690855546128,0.6872594680533859,0.20190961750122635,0.19191928182792567,0.21121955617726246,win
S8,coordinated_nearest,wait_gap_severe,-19.224213882374265,2.1690521651208687,-21.39326604749513,-22.892801885453466,-19.93295972788511,win
S8,coordinated_nearest,invalid_claim_frac,0,0,0,0,0,ci_includes_zero
S8,coordinated_nearest,gini,0.49388529518512503,0.4992687207456972,-0.005383425560572567,-0.00715718350145614,-0.0036373702343561578,win
S8,coordinated_nearest,mean_commute_min,18.06215851533046,15.778168716816435,2.2839897985140465,2.2009713667439597,2.3642553106261723,baseline_better
S8,care_score_uncoordinated,median_wait_vulnerable,14.974284619647067,63.55779364530043,-48.58350902565333,-48.88073424075883,-48.29773689069468,win
S8,care_score_uncoordinated,unserved_frac_vulnerable,0.15031395373507356,0.877685641884499,-0.7273716881494249,-0.7336923519725257,-0.7210827309196264,win
S8,care_score_uncoordinated,fully_staffed_frac_vulnerable,0.8370562679986188,0.10404494819423635,0.733011319804382,0.7272667297272302,0.7389142911465145,win
S8,care_score_uncoordinated,wait_gap_vulnerable,-20.073969136449694,-2.9215425698475714,-17.152426566602138,-18.080909515930724,-16.254564848870075,win
S8,care_score_uncoordinated,median_wait_severe,10.357585129562663,63.829969760449686,-53.47238463088694,-53.80239587732717,-53.12986697081741,win
S8,care_score_uncoordinated,unserved_frac_severe,0.09235737572591003,0.8189638623875583,-0.7266064866616486,-0.7343926120335349,-0.7191079529655097,win
S8,care_score_uncoordinated,fully_staffed_frac_severe,0.8891690855546128,0.15626444037917195,0.7329046451754399,0.7246730217158238,0.741211725248225,win
S8,care_score_uncoordinated,wait_gap_severe,-19.224213882374265,-2.271398619556309,-16.952815262817943,-17.66449291415783,-16.212267436549762,win
S8,care_score_uncoordinated,invalid_claim_frac,0,0.9243452551025071,-0.9243452551025071,-0.9259666171675602,-0.9226634105385716,win
S8,care_score_uncoordinated,gini,0.49388529518512503,0.9576249790248547,-0.46373968383972936,-0.4656113684050527,-0.4619530638843648,win
S8,care_score_uncoordinated,mean_commute_min,18.06215851533046,19.745163421645234,-1.6830049063147559,-1.9897290918038606,-1.3636837630299279,win
S8,care_score_full_compliance,median_wait_vulnerable,14.974284619647067,13.531546731840054,1.4427378878070134,1.24948873206035,1.6258613987397768,baseline_better
S8,care_score_full_compliance,unserved_frac_vulnerable,0.15031395373507356,0.15243235495229782,-0.002118401217224373,-0.006527384027455511,0.002232999898549098,ci_includes_zero
S8,care_score_full_compliance,fully_staffed_frac_vulnerable,0.8370562679986188,0.8313144912681539,0.005741776730464809,0.001307746770751983,0.009875416625106409,win
S8,care_score_full_compliance,wait_gap_vulnerable,-20.073969136449694,-23.473024123587397,3.3990549871377116,2.6215910643437828,4.19471846295196,baseline_better
S8,care_score_full_compliance,median_wait_severe,10.357585129562663,8.596107227302888,1.7614779022597626,1.59183071255639,1.931386117159226,baseline_better
S8,care_score_full_compliance,unserved_frac_severe,0.09235737572591003,0.08217427827105216,0.010183097454857971,0.004851012577375955,0.015408547057385442,baseline_better
S8,care_score_full_compliance,fully_staffed_frac_severe,0.8891690855546128,0.9010019270912343,-0.01183284153662174,-0.0179412113322256,-0.005334325110183242,baseline_better
S8,care_score_full_compliance,wait_gap_severe,-19.224213882374265,-23.161781073869477,3.9375671914952317,3.288280974368205,4.598710206520622,baseline_better
S8,care_score_full_compliance,invalid_claim_frac,0,0,0,0,0,ci_includes_zero
S8,care_score_full_compliance,gini,0.49388529518512503,0.4922618685700122,0.001623426615112659,0.00027692435397494035,0.002998095084778835,baseline_better
S8,care_score_full_compliance,mean_commute_min,18.06215851533046,19.850007252936507,-1.787848737606036,-1.8465358350152605,-1.7318132965751099,win
S9,latest,median_wait_vulnerable,9.899587982499387,53.727256794708325,-43.82766881220891,-46.02772698931235,-41.5881673911554,win
S9,latest,unserved_frac_vulnerable,0.07019774241771067,0.5743703239471253,-0.5041725815294149,-0.5129393414044677,-0.4954943460268126,win
S9,latest,fully_staffed_frac_vulnerable,0.9167128847392209,0.28952471195497137,0.6271881727842494,0.6185303249155903,0.635594262564073,win
S9,latest,wait_gap_vulnerable,-31.784519566478988,-11.789960668759482,-19.99455889771953,-22.31327498652578,-17.577096516890148,win
S9,latest,median_wait_severe,10.808293962699276,59.20534809275204,-48.39705413005279,-50.166554428697985,-46.535234676033454,win
S9,latest,unserved_frac_severe,0.07203559303872134,0.6173079922640287,-0.5452723992253078,-0.5557331447630347,-0.5352000184886166,win
S9,latest,fully_staffed_frac_severe,0.9178173485095408,0.2530194437910547,0.6647979047184862,0.6555495384841592,0.6740760112997747,win
S9,latest,wait_gap_severe,-21.85913064020196,-5.615493769738878,-16.243636870463103,-18.1992498699142,-14.279216360065208,win
S9,latest,invalid_claim_frac,0,0.6181276415063863,-0.6181276415063863,-0.6215557010661173,-0.6147833116236201,win
S9,latest,gini,0.495556342971733,0.7230810281441622,-0.2275246851724294,-0.23056080905701998,-0.22473191805817247,win
S9,latest,mean_commute_min,18.06723616102368,19.870248764297695,-1.803012603274027,-1.9137232373314268,-1.6936866715029755,win
S9,nearest,median_wait_vulnerable,9.899587982499387,64.6459214087344,-54.74633342623505,-55.05524875885476,-54.4347734893897,win
S9,nearest,unserved_frac_vulnerable,0.07019774241771067,0.9535269848045899,-0.8833292423868799,-0.8885427244888519,-0.8781368900479665,win
S9,nearest,fully_staffed_frac_vulnerable,0.9167128847392209,0.041014582526825036,0.8756983022123961,0.8703576849800745,0.8812750089164709,win
S9,nearest,wait_gap_vulnerable,-31.784519566478988,-1.696622589687375,-30.087896976791622,-30.874455380703832,-29.309546476318435,win
S9,nearest,median_wait_severe,10.808293962699276,65.62587309646047,-54.817579133761186,-55.23034257238756,-54.41269220268406,win
S9,nearest,unserved_frac_severe,0.07203559303872134,0.9484601835120636,-0.8764245904733418,-0.8825072583136097,-0.8705674771626444,win
S9,nearest,fully_staffed_frac_severe,0.9178173485095408,0.046335580777983186,0.8714817677315572,0.8654043065811872,0.8777669059790865,win
S9,nearest,wait_gap_severe,-21.85913064020196,-0.3150220645678971,-21.544108575634066,-22.407862189843154,-20.733985333805922,win
S9,nearest,invalid_claim_frac,0,0.9360401896893639,-0.9360401896893639,-0.9374173378904453,-0.9346895219609261,win
S9,nearest,gini,0.495556342971733,0.9631143634195413,-0.4675580204478088,-0.46929989257033167,-0.4659021585385252,win
S9,nearest,mean_commute_min,18.06723616102368,5.188064609472453,12.879171551551224,12.579506041698131,13.190493546186094,baseline_better
S9,attention,median_wait_vulnerable,9.899587982499387,44.977083837969055,-35.07749585546968,-36.41469733879752,-33.77238353572681,win
S9,attention,unserved_frac_vulnerable,0.07019774241771067,0.4834876554387797,-0.4132899130210689,-0.4222289080101627,-0.40497763296798583,win
S9,attention,fully_staffed_frac_vulnerable,0.9167128847392209,0.29998115392426955,0.616731730814951,0.6082956132419168,0.6250207041711905,win
S9,attention,wait_gap_vulnerable,-31.784519566478988,29.003463411523263,-60.78798297800224,-62.23303919443676,-59.29867704764235,win
S9,attention,median_wait_severe,10.808293962699276,25.582845701229797,-14.774551738530542,-16.169701596778758,-13.42708018469802,win
S9,attention,unserved_frac_severe,0.07203559303872134,0.3604541973300626,-0.28841860429134136,-0.2985943863551606,-0.2780006695621768,win
S9,attention,fully_staffed_frac_severe,0.9178173485095408,0.4138217961585228,0.5039955523510177,0.4932253814466575,0.5145351169270175,win
S9,attention,wait_gap_severe,-21.85913064020196,5.9173255008814,-27.7764561410834,-29.665568853558657,-26.018473248760518,win
S9,attention,invalid_claim_frac,0,0.3173683277916501,-0.3173683277916501,-0.3212168292304663,-0.3137478235975155,win
S9,attention,gini,0.495556342971733,0.5120180862651984,-0.01646174329346622,-0.019315088607300784,-0.013434768303244582,win
S9,attention,mean_commute_min,18.06723616102368,19.796216679044267,-1.728980518020597,-1.8168047697960574,-1.6433786456576531,win
S9,random,median_wait_vulnerable,9.899587982499387,13.485730044975634,-3.5861420624762443,-4.007619780433677,-3.175007908618552,win
S9,random,unserved_frac_vulnerable,0.07019774241771067,0.1894164959416962,-0.11921875352398566,-0.12601091676785314,-0.11233018532535434,win
S9,random,fully_staffed_frac_vulnerable,0.9167128847392209,0.5015493319213756,0.41516355281784506,0.4070364291266986,0.4238536680723085,win
S9,random,wait_gap_vulnerable,-31.784519566478988,0.1855809281347683,-31.97010049461378,-32.86230312847732,-31.08481316319366,win
S9,random,median_wait_severe,10.808293962699276,13.978911725629771,-3.170617762930498,-3.777029955725935,-2.571461574520252,win
S9,random,unserved_frac_severe,0.07203559303872134,0.1782878618982627,-0.10625226885954131,-0.11440213552883871,-0.09802684179361099,win
S9,random,fully_staffed_frac_severe,0.9178173485095408,0.5096569666953877,0.40816038181415265,0.3974944855459675,0.4186284022319418,win
S9,random,wait_gap_severe,-21.85913064020196,0.7809520584235349,-22.640082698625516,-23.63456969197517,-21.681241088051294,win
S9,random,invalid_claim_frac,0,0.16571937937796385,-0.16571937937796385,-0.16794950335807632,-0.16335901609370382,win
S9,random,gini,0.495556342971733,0.3699441029870357,0.12561223998469676,0.12276602396672985,0.1283181504097812,baseline_better
S9,random,mean_commute_min,18.06723616102368,19.828057883994678,-1.760821722971008,-1.8313228756528064,-1.6869389334912899,win
S9,coordinated_latest,median_wait_vulnerable,9.899587982499387,10.309272642980682,-0.40968466048129665,-1.4295112265817245,0.5807731487881932,ci_includes_zero
S9,coordinated_latest,unserved_frac_vulnerable,0.07019774241771067,0.2339941178607166,-0.16379637544300577,-0.17090640925978776,-0.1567381897367866,win
S9,coordinated_latest,fully_staffed_frac_vulnerable,0.9167128847392209,0.7478624871966739,0.1688503975425472,0.16105949252719046,0.17673710209243093,win
S9,coordinated_latest,wait_gap_vulnerable,-31.784519566478988,-14.394782055656433,-17.389737510822552,-18.89441953634201,-15.773338941767088,win
S9,coordinated_latest,median_wait_severe,10.808293962699276,20.086726806078705,-9.27843284337943,-10.92826583221117,-7.69259995611859,win
S9,coordinated_latest,unserved_frac_severe,0.07203559303872134,0.27484514310103736,-0.20280955006231602,-0.21314345868537232,-0.19275659336405268,win
S9,coordinated_latest,fully_staffed_frac_severe,0.9178173485095408,0.7035634545239441,0.2142538939855964,0.2042166606709225,0.2247227949702821,win
S9,coordinated_latest,wait_gap_severe,-21.85913064020196,-0.9406262572815155,-20.918504382920467,-22.891564925899484,-19.032647560215498,win
S9,coordinated_latest,invalid_claim_frac,0,0,0,0,0,ci_includes_zero
S9,coordinated_latest,gini,0.495556342971733,0.4909526049641199,0.004603738007612626,0.002639651969854985,0.006494532719954685,baseline_better
S9,coordinated_latest,mean_commute_min,18.06723616102368,19.846496811223016,-1.7792606501993358,-1.8588231138339275,-1.707441243285485,win
S9,coordinated_nearest,median_wait_vulnerable,9.899587982499387,27.239020967722375,-17.33943298522301,-18.21850948436089,-16.48455454429378,win
S9,coordinated_nearest,unserved_frac_vulnerable,0.07019774241771067,0.3017685137381923,-0.231570771320482,-0.2390608255629124,-0.22435771356462833,win
S9,coordinated_nearest,fully_staffed_frac_vulnerable,0.9167128847392209,0.6954174668893667,0.2212954178498536,0.21382710486186857,0.2291508374491499,win
S9,coordinated_nearest,wait_gap_vulnerable,-31.784519566478988,-0.5229613226018873,-31.26155824387711,-32.46183601792487,-30.02379081273714,win
S9,coordinated_nearest,median_wait_severe,10.808293962699276,29.266264376740693,-18.457970414041426,-19.6588556301713,-17.289517816671328,win
S9,coordinated_nearest,unserved_frac_severe,0.07203559303872134,0.30970460034547365,-0.23766900730675283,-0.2464313810466191,-0.22822864418219993,win
S9,coordinated_nearest,fully_staffed_frac_severe,0.9178173485095408,0.6872594680533859,0.23055788045615463,0.22089834600560276,0.23963900184187134,win
S9,coordinated_nearest,wait_gap_severe,-21.85913064020196,2.1690521651208687,-24.02818280532283,-25.49842294886976,-22.556428971984243,win
S9,coordinated_nearest,invalid_claim_frac,0,0,0,0,0,ci_includes_zero
S9,coordinated_nearest,gini,0.495556342971733,0.4992687207456972,-0.0037123777739648863,-0.005556882342173206,-0.0018383172316096851,win
S9,coordinated_nearest,mean_commute_min,18.06723616102368,15.778168716816435,2.2890674442072574,2.208761563940394,2.3669879804374516,baseline_better
S9,care_score_uncoordinated,median_wait_vulnerable,9.899587982499387,62.85607733229044,-52.956489349791134,-53.26756053877023,-52.649739357610684,win
S9,care_score_uncoordinated,unserved_frac_vulnerable,0.07019774241771067,0.8388761987337158,-0.7686784563160047,-0.7736965249218737,-0.7635601185613867,win
S9,care_score_uncoordinated,fully_staffed_frac_vulnerable,0.9167128847392209,0.13838242243588364,0.7783304623033369,0.7731012523771028,0.7834560273021575,win
S9,care_score_uncoordinated,wait_gap_vulnerable,-31.784519566478988,-3.7663131816021207,-28.018206384876848,-28.800755090575162,-27.219042826739454,win
S9,care_score_uncoordinated,median_wait_severe,10.808293962699276,64.0161415098505,-53.20784754715126,-53.58213937197324,-52.8258297135682,win
S9,care_score_uncoordinated,unserved_frac_severe,0.07203559303872134,0.8316270284647613,-0.7595914354260407,-0.7673066578625974,-0.7518119162569634,win
S9,care_score_uncoordinated,fully_staffed_frac_severe,0.9178173485095408,0.1446473808242376,0.7731699676853023,0.7661905493051936,0.7806480252433692,win
S9,care_score_uncoordinated,wait_gap_severe,-21.85913064020196,-2.0842592595568434,-19.77487138064513,-20.60190771915257,-18.96731784976719,win
S9,care_score_uncoordinated,invalid_claim_frac,0,0.9268214132023358,-0.9268214132023358,-0.928351086972238,-0.9253588503441974,win
S9,care_score_uncoordinated,gini,0.495556342971733,0.9589318786657901,-0.4633755356940581,-0.46518678990102247,-0.4616411520383625,win
S9,care_score_uncoordinated,mean_commute_min,18.06723616102368,19.920663922388453,-1.853427761364768,-2.1634943993863724,-1.5525861722737073,win
S9,care_score_full_compliance,median_wait_vulnerable,9.899587982499387,8.19621127642967,1.7033767060697134,1.55357703849849,1.8584598691615577,baseline_better
S9,care_score_full_compliance,unserved_frac_vulnerable,0.07019774241771067,0.0419773555549299,0.02822038686278072,0.024374894350211965,0.03204328640361149,baseline_better
S9,care_score_full_compliance,fully_staffed_frac_vulnerable,0.9167128847392209,0.9502905980881027,-0.03357771334888211,-0.03755894114720107,-0.029433340883885696,baseline_better
S9,care_score_full_compliance,wait_gap_vulnerable,-31.784519566478988,-37.13503053513862,5.350510968659615,4.697832610112753,5.981787842464248,baseline_better
S9,care_score_full_compliance,median_wait_severe,10.808293962699276,9.08641261434944,1.7218813483498279,1.528943715881461,1.9120731391723451,baseline_better
S9,care_score_full_compliance,unserved_frac_severe,0.07203559303872134,0.048395179615371986,0.02364041342334931,0.019254526117049878,0.02803987813007134,baseline_better
S9,care_score_full_compliance,fully_staffed_frac_severe,0.9178173485095408,0.9434215602215748,-0.025604211712034024,-0.030175382184677073,-0.02097788069530484,baseline_better
S9,care_score_full_compliance,wait_gap_severe,-21.85913064020196,-24.246748486966453,2.387617846764485,1.7968668080911356,2.9959708919152277,baseline_better
S9,care_score_full_compliance,invalid_claim_frac,0,0,0,0,0,ci_includes_zero
S9,care_score_full_compliance,gini,0.495556342971733,0.4931082584472976,0.0024480845244350636,0.0010652460874996377,0.003900582827894586,baseline_better
S9,care_score_full_compliance,mean_commute_min,18.06723616102368,19.86426395983516,-1.797027798811486,-1.8587125415736474,-1.739666725147862,win
S10,latest,median_wait_vulnerable,9.47703017999183,40.49105612504041,-31.014025945048573,-34.210100874820554,-27.8931463182902,win
S10,latest,unserved_frac_vulnerable,0.06734140187478953,0.5190650370690355,-0.4517236351942459,-0.4609987018951827,-0.4428764105862365,win
S10,latest,fully_staffed_frac_vulnerable,0.9197716134541629,0.3787571009834544,0.5410145124707089,0.5322636544664754,0.5501469850264278,win
S10,latest,wait_gap_vulnerable,-32.84308729249003,-24.672563022880283,-8.17052426960977,-11.564988691561304,-4.830563095476757,win
S10,latest,median_wait_severe,10.738437591859114,53.321520808938004,-42.58308321707891,-45.11545764699859,-39.99408978453643,win
S10,latest,unserved_frac_severe,0.0710096686756947,0.5731255183760204,-0.5021158497003263,-0.512571472325669,-0.492130468311685,win
S10,latest,fully_staffed_frac_severe,0.9198035496271405,0.3245040723356329,0.595299477291507,0.5853256571466728,0.605976131811467,win
S10,latest,wait_gap_severe,-22.649282660591876,-10.927231024217653,-11.722051636374225,-14.472492058033504,-8.966626503250824,win
S10,latest,invalid_claim_frac,0,0.5235591811676023,-0.5235591811676023,-0.5276650150112596,-0.5195449830359696,win
S10,latest,gini,0.49465348841896173,0.700675829321836,-0.20602234090287366,-0.20894918380370378,-0.2031328285402531,win
S10,latest,mean_commute_min,18.07496871788701,19.8988269329679,-1.823858215080896,-1.9405709697814844,-1.7175081891263817,win
S10,nearest,median_wait_vulnerable,9.47703017999183,63.47698931413683,-53.99995913414492,-54.28643830402198,-53.71331841343403,win
S10,nearest,unserved_frac_vulnerable,0.06734140187478953,0.8550453502200105,-0.7877039483452203,-0.7934165547905251,-0.7815766486981286,win
S10,nearest,fully_staffed_frac_vulnerable,0.9197716134541629,0.1408178033064395,0.7789538101477235,0.7724955155136373,0.7850476237455442,win
S10,nearest,wait_gap_vulnerable,-32.84308729249003,-1.9539235702001443,-30.889163722289904,-31.593781669084613,-30.213460406669885,win
S10,nearest,median_wait_severe,10.738437591859114,64.52625410611972,-53.78781651426047,-54.124361413344985,-53.452643815649935,win
S10,nearest,unserved_frac_severe,0.0710096686756947,0.852632518468819,-0.7816228497931241,-0.789231044704788,-0.7739231644519101,win
S10,nearest,fully_staffed_frac_severe,0.9198035496271405,0.1440589410016515,0.7757446086254878,0.7682250456879244,0.7833417302084152,win
S10,nearest,wait_gap_severe,-22.649282660591876,-0.4943047133202657,-22.15497794727162,-22.906100509298117,-21.464853213634818,win
S10,nearest,invalid_claim_frac,0,0.7966243479301482,-0.7966243479301482,-0.798486831835668,-0.7947739586719331,win
S10,nearest,gini,0.49465348841896173,0.8951537285260891,-0.40050024010712765,-0.40216257502195113,-0.3987388527720071,win
S10,nearest,mean_commute_min,18.07496871788701,7.198749336806134,10.876219381080888,10.597066195474179,11.155039620591344,baseline_better
S10,attention,median_wait_vulnerable,9.47703017999183,27.3658919874375,-17.888861807445654,-19.06559644669704,-16.775320809507246,win
S10,attention,unserved_frac_vulnerable,0.06734140187478953,0.34835173650624235,-0.2810103346314533,-0.28917441231608,-0.2727750093464092,win
S10,attention,fully_staffed_frac_vulnerable,0.9197716134541629,0.4232643453427935,0.4965072681113695,0.4875975745275743,0.5054591431889018,win
S10,attention,wait_gap_vulnerable,-32.84308729249003,14.623204409049613,-47.46629170153967,-48.817553236997476,-46.17381386677339,win
S10,attention,median_wait_severe,10.738437591859114,16.73661322732466,-5.998175635465541,-6.790704007331487,-5.2944954505861554,win
S10,attention,unserved_frac_severe,0.0710096686756947,0.2409703754685438,-0.1699607067928488,-0.17959976205612344,-0.16035032626142012,win
S10,attention,fully_staffed_frac_severe,0.9198035496271405,0.547543794469944,0.3722597551571957,0.361554550567482,0.3831610610830707,win
S10,attention,wait_gap_severe,-22.649282660591876,1.9923191210082087,-24.641601781600095,-25.669363214043422,-23.674560419502487,win
S10,attention,invalid_claim_frac,0,0.12654804183291474,-0.12654804183291474,-0.12893761101430265,-0.12437454266761554,win
S10,attention,gini,0.49465348841896173,0.43658421796242247,0.05806927045653927,0.055430987291472875,0.06086264988726006,baseline_better
S10,attention,mean_commute_min,18.07496871788701,19.81823028359296,-1.7432615657059394,-1.8197544574056796,-1.669732576866923,win
S10,random,median_wait_vulnerable,9.47703017999183,12.35775760603473,-2.8807274260428843,-3.2313389475141308,-2.5301940467612836,win
S10,random,unserved_frac_vulnerable,0.06734140187478953,0.12638323338117258,-0.059041831506382925,-0.0653856719451825,-0.05282104115885085,win
S10,random,fully_staffed_frac_vulnerable,0.9197716134541629,0.5882628793172516,0.3315087341369124,0.32365457235433404,0.3396827102481419,win
S10,random,wait_gap_vulnerable,-32.84308729249003,0.17846313368364555,-33.02155042617368,-33.76027517682713,-32.28392586444473,win
S10,random,median_wait_severe,10.738437591859114,12.683550405886635,-1.9451128140275236,-2.4041132721439826,-1.4610018131487768,win
S10,random,unserved_frac_severe,0.0710096686756947,0.12216396879559684,-0.05115430011990204,-0.05926703680979428,-0.043002876574735734,win
S10,random,fully_staffed_frac_severe,0.9198035496271405,0.593634161446113,0.3261693881810268,0.3159281688904973,0.3360813747971589,win
S10,random,wait_gap_severe,-22.649282660591876,0.5252512148306105,-23.174533875422494,-24.043614521075714,-22.3322799528018,win
S10,random,invalid_claim_frac,0,0.04747555678792493,-0.04747555678792493,-0.048783518599824854,-0.04612277663430589,win
S10,random,gini,0.49465348841896173,0.3350957686751936,0.15955771974376823,0.1571788065982334,0.1620909582000737,baseline_better
S10,random,mean_commute_min,18.07496871788701,19.86015864690826,-1.7851899290212423,-1.8569457353766363,-1.7142472067915178,win
S10,coordinated_latest,median_wait_vulnerable,9.47703017999183,10.309272642980682,-0.8322424629888447,-1.841087752001667,0.16167690287375597,ci_includes_zero
S10,coordinated_latest,unserved_frac_vulnerable,0.06734140187478953,0.2339941178607166,-0.16665271598592696,-0.1735722406943426,-0.15952026412748926,win
S10,coordinated_latest,fully_staffed_frac_vulnerable,0.9197716134541629,0.7478624871966739,0.17190912625749008,0.16430641852939337,0.17960040112501224,win
S10,coordinated_latest,wait_gap_vulnerable,-32.84308729249003,-14.394782055656433,-18.448305236833598,-19.935059025096123,-16.928850194504662,win
S10,coordinated_latest,median_wait_severe,10.738437591859114,20.086726806078705,-9.348289214219582,-10.95936916605477,-7.7581156556568995,win
S10,coordinated_latest,unserved_frac_severe,0.0710096686756947,0.27484514310103736,-0.20383547442534267,-0.2138660563819747,-0.1942981969899755,win
S10,coordinated_latest,fully_staffed_frac_severe,0.9198035496271405,0.7035634545239441,0.21624009510319595,0.20654312451958914,0.22671659070164926,win
S10,coordinated_latest,wait_gap_severe,-22.649282660591876,-0.9406262572815155,-21.708656403310354,-23.663789364126483,-19.779418674411517,win
S10,coordinated_latest,invalid_claim_frac,0,0,0,0,0,ci_includes_zero
S10,coordinated_latest,gini,0.49465348841896173,0.4909526049641199,0.0037008834548417926,0.0017891716741137728,0.0056361935021762765,baseline_better
S10,coordinated_latest,mean_commute_min,18.07496871788701,19.846496811223016,-1.7715280933359987,-1.849708442967181,-1.698253271327233,win
S10,coordinated_nearest,median_wait_vulnerable,9.47703017999183,27.239020967722375,-17.761990787730557,-18.646539065876926,-16.916460916728724,win
S10,coordinated_nearest,unserved_frac_vulnerable,0.06734140187478953,0.3017685137381923,-0.23442711186340284,-0.24140672242334374,-0.22717249036236045,win
S10,coordinated_nearest,fully_staffed_frac_vulnerable,0.9197716134541629,0.6954174668893667,0.2243541465647964,0.2170828138584681,0.23182571349228995,win
S10,coordinated_nearest,wait_gap_vulnerable,-32.84308729249003,-0.5229613226018873,-32.32012596988816,-33.47499319810517,-31.148933529853664,win
S10,coordinated_nearest,median_wait_severe,10.738437591859114,29.266264376740693,-18.527826784881576,-19.692963043730813,-17.413666834396995,win
S10,coordinated_nearest,unserved_frac_severe,0.0710096686756947,0.30970460034547365,-0.23869493166977923,-0.24700484357157862,-0.22967450071284057,win
S10,coordinated_nearest,fully_staffed_frac_severe,0.9198035496271405,0.6872594680533859,0.2325440815737538,0.22346871377387056,0.241263896924547,win
S10,coordinated_nearest,wait_gap_severe,-22.649282660591876,2.1690521651208687,-24.81833482571273,-26.260839114318394,-23.438092978799464,win
S10,coordinated_nearest,invalid_claim_frac,0,0,0,0,0,ci_includes_zero
S10,coordinated_nearest,gini,0.49465348841896173,0.4992687207456972,-0.0046152323267357204,-0.006417664110747237,-0.002814705312088124,win
S10,coordinated_nearest,mean_commute_min,18.07496871788701,15.778168716816435,2.296800001070596,2.2170776067298963,2.375146979611279,baseline_better
S10,care_score_uncoordinated,median_wait_vulnerable,9.47703017999183,53.08049370248293,-43.60346352249109,-44.38469087183262,-42.76073637032443,win
S10,care_score_uncoordinated,unserved_frac_vulnerable,0.06734140187478953,0.5673422367277957,-0.5000008348530067,-0.5062839372236945,-0.49353690314080384,win
S10,care_score_uncoordinated,fully_staffed_frac_vulnerable,0.9197716134541629,0.3986643741160303,0.5211072393381329,0.514429592174173,0.5277745277046767,win
S10,care_score_uncoordinated,wait_gap_vulnerable,-32.84308729249003,-13.126381871657172,-19.716705420832856,-20.845891989541286,-18.60668244578904,win
S10,care_score_uncoordinated,median_wait_severe,10.738437591859114,55.896860432390675,-45.15842284053156,-46.097681867560965,-44.11068149638349,win
S10,care_score_uncoordinated,unserved_frac_severe,0.0710096686756947,0.6051603851904459,-0.5341507165147512,-0.5431547379862555,-0.5252130607382685,win
S10,care_score_uncoordinated,fully_staffed_frac_severe,0.9198035496271405,0.36702949302196447,0.5527740566051751,0.5436635889772997,0.5619706906478501,win
S10,care_score_uncoordinated,wait_gap_severe,-22.649282660591876,-9.419828643407342,-13.229454017184532,-14.352172525391452,-11.98861872763102,win
S10,care_score_uncoordinated,invalid_claim_frac,0,0.7716551245891268,-0.7716551245891268,-0.7739914316408972,-0.7693380133328376,win
S10,care_score_uncoordinated,gini,0.49465348841896173,0.8802542130346789,-0.38560072461571726,-0.3874469394726937,-0.38378722382195163,win
S10,care_score_uncoordinated,mean_commute_min,18.07496871788701,19.869759415892155,-1.7947906980051402,-1.9479021421707163,-1.6388723905258689,win
S10,care_score_full_compliance,median_wait_vulnerable,9.47703017999183,7.69904212543596,1.7779880545558808,1.628379738084475,1.9251922114755056,baseline_better
S10,care_score_full_compliance,unserved_frac_vulnerable,0.06734140187478953,0.038442858685348955,0.028898543189440642,0.025129302352437353,0.03269091380802075,baseline_better
S10,care_score_full_compliance,fully_staffed_frac_vulnerable,0.9197716134541629,0.9558697061533644,-0.03609809269920089,-0.03999804012405996,-0.03187791409555257,baseline_better
S10,care_score_full_compliance,wait_gap_vulnerable,-32.84308729249003,-38.50490587049172,5.661818578001665,5.031183185924439,6.238927852926346,baseline_better
S10,care_score_full_compliance,median_wait_severe,10.738437591859114,9.046596346422591,1.691841245436524,1.495093021263852,1.885742288572343,baseline_better
S10,care_score_full_compliance,unserved_frac_severe,0.0710096686756947,0.046552323014609764,0.0244573456610849,0.020095633158689542,0.028765626426733058,baseline_better
S10,care_score_full_compliance,fully_staffed_frac_severe,0.9198035496271405,0.9449148639541659,-0.025111314327026246,-0.02989971013786482,-0.020554919539780864,baseline_better
S10,care_score_full_compliance,wait_gap_severe,-22.649282660591876,-24.935834258647642,2.286551598055763,1.6886635260170615,2.8888507577498777,baseline_better
S10,care_score_full_compliance,invalid_claim_frac,0,0,0,0,0,ci_includes_zero
S10,care_score_full_compliance,gini,0.49465348841896173,0.49343172002857716,0.0012217683903843473,-0.0001810910545290545,0.0026152639037690145,ci_includes_zero
S10,care_score_full_compliance,mean_commute_min,18.07496871788701,19.860203572050168,-1.785234854163153,-1.8441070102783015,-1.7280720668889809,win
S11,latest,median_wait_vulnerable,11.48394233865283,67.53543872127827,-56.05149638262546,-56.29851300986303,-55.80170495237465,win
S11,latest,unserved_frac_vulnerable,0.06707442834915249,0.7161073228935981,-0.6490328945444451,-0.6565387878400456,-0.6411262281706701,win
S11,latest,fully_staffed_frac_vulnerable,0.9206120519329443,0.17689854815884498,0.7437135037740995,0.7367051998032152,0.7508565055743885,win
S11,latest,wait_gap_vulnerable,-31.034985011020982,1.9028809305170031,-32.937865941537915,-33.62068816014976,-32.27372508543991,win
S11,latest,median_wait_severe,12.274582341487537,65.30178920655486,-53.02720686506731,-53.727304198261976,-52.20926369085057,win
S11,latest,unserved_frac_severe,0.07118496042757268,0.6635762475930796,-0.5923912871655069,-0.6022208871099395,-0.5822907809895653,win
S11,latest,fully_staffed_frac_severe,0.9199154681067059,0.2230823624540482,0.6968331056526571,0.6870632416011183,0.7063270221952563,win
S11,latest,wait_gap_severe,-22.270576741008707,-1.0182659695348018,-21.252310771473898,-22.216416169450767,-20.23218424223077,win
S11,latest,invalid_claim_frac,0,0.6501211783310329,-0.6501211783310329,-0.6534564412394837,-0.6468680283122846,win
S11,latest,gini,0.49474497934031403,0.7479659870465597,-0.25322100770624506,-0.2564098328709833,-0.25020792148081433,win
S11,latest,mean_commute_min,18.073885990230092,19.837178448548705,-1.7632924583186211,-1.88599271330829,-1.6443365316790801,win
S11,nearest,median_wait_vulnerable,11.48394233865283,67.834966003056,-56.35102366440328,-56.59478270820165,-56.10192508573081,win
S11,nearest,unserved_frac_vulnerable,0.06707442834915249,0.9520093049950049,-0.884934876645853,-0.8896596652801285,-0.8799317724818265,win
S11,nearest,fully_staffed_frac_vulnerable,0.9206120519329443,0.04138633579807089,0.8792257161348741,0.8738900265337531,0.8841558269831199,win
S11,nearest,wait_gap_vulnerable,-31.034985011020982,1.4517133328990084,-32.48669834391997,-33.1496298127471,-31.824544541201266,win
S11,nearest,median_wait_severe,12.274582341487537,66.7170249817102,-54.44244264022266,-54.75100163593326,-54.13239938107594,win
S11,nearest,unserved_frac_severe,0.07118496042757268,0.9501884133101889,-0.8790034528826154,-0.885073590894834,-0.873192642113064,win
S11,nearest,fully_staffed_frac_severe,0.9199154681067059,0.0453095095295492,0.8746059585771563,0.8686553553885661,0.8806906665807118,win
S11,nearest,wait_gap_severe,-22.270576741008707,-0.11348585780971346,-22.157090883199004,-22.88555970201056,-21.486408263055623,win
S11,nearest,invalid_claim_frac,0,0.9380415166438566,-0.9380415166438566,-0.9393936701304029,-0.9366923531778434,win
S11,nearest,gini,0.49474497934031403,0.9642508137231603,-0.4695058343828462,-0.47131500826090617,-0.46777409950684756,win
S11,nearest,mean_commute_min,18.073885990230092,5.074898161437589,12.9989878287925,12.699250536204598,13.315471412768627,baseline_better
S11,attention,median_wait_vulnerable,11.48394233865283,15.333934835365683,-3.8499924967128605,-4.323093370941941,-3.3575728436551318,win
S11,attention,unserved_frac_vulnerable,0.06707442834915249,0.2570316447905008,-0.18995721644134797,-0.1976710103268325,-0.1824099084146499,win
S11,attention,fully_staffed_frac_vulnerable,0.9206120519329443,0.5193028627768895,0.4013091891560549,0.3932300425242772,0.40915303117237123,win
S11,attention,wait_gap_vulnerable,-31.034985011020982,-8.155127361858122,-22.879857649162858,-23.95188007421258,-21.790626729055816,win
S11,attention,median_wait_severe,12.274582341487537,22.53169964659135,-10.257117305103819,-11.551347482260745,-9.09177468893156,win
S11,attention,unserved_frac_severe,0.07118496042757268,0.3294008506135298,-0.25821589018595736,-0.26868303147821154,-0.24831721155003303,win
S11,attention,fully_staffed_frac_severe,0.9199154681067059,0.44136493107858477,0.4785505370281205,0.4679176210805375,0.4886884408484699,win
S11,attention,wait_gap_severe,-22.270576741008707,2.4314092029969943,-24.701985944005695,-26.23931229637226,-23.280175562363006,win
S11,attention,invalid_claim_frac,0,0.3097841039073233,-0.3097841039073233,-0.31336570246725337,-0.3064054256626377,win
S11,attention,gini,0.49474497934031403,0.5042201570263702,-0.009475177686055844,-0.012353657992310639,-0.006620404117988918,win
S11,attention,mean_commute_min,18.073885990230092,19.786101682169367,-1.7122156919392713,-1.7919617726836092,-1.6318115283559786,win
S11,random,median_wait_vulnerable,11.48394233865283,13.969376468445,-2.4854341297921785,-2.846753220918697,-2.128597261307585,win
S11,random,unserved_frac_vulnerable,0.06707442834915249,0.16399878734677975,-0.09692435899762714,-0.10399845773872698,-0.08989040134789475,win
S11,random,fully_staffed_frac_vulnerable,0.9206120519329443,0.5295493946022197,0.3910626573307249,0.3821742840911185,0.3995333262781065,win
S11,random,wait_gap_vulnerable,-31.034985011020982,-0.18371664948155988,-30.85126836153941,-31.610099658768764,-30.14039538668052,win
S11,random,median_wait_severe,12.274582341487537,14.545007714797388,-2.270425373309865,-2.7781013168549578,-1.7486186265555224,win
S11,random,unserved_frac_severe,0.07118496042757268,0.17469375436381732,-0.1035087939362448,-0.1121096396117022,-0.09473527382276803,win
S11,random,fully_staffed_frac_severe,0.9199154681067059,0.5135823150056404,0.40633315310106477,0.39578159111613426,0.41722414990115014,win
S11,random,wait_gap_severe,-22.270576741008707,0.4539444938581187,-22.724521234866835,-23.61377917528992,-21.906031900862736,win
S11,random,invalid_claim_frac,0,0.1638556841714479,-0.1638556841714479,-0.16620370737168866,-0.16152010124070343,win
S11,random,gini,0.49474497934031403,0.36749313152748647,0.1272518478128277,0.12446513466217378,0.12989849217805827,baseline_better
S11,random,mean_commute_min,18.073885990230092,19.85423254375305,-1.780346553522957,-1.8581417882573787,-1.6995880530954208,win
S11,coordinated_latest,median_wait_vulnerable,11.48394233865283,37.210478273681105,-25.726535935028252,-27.009372118376028,-24.470029293877598,win
S11,coordinated_latest,unserved_frac_vulnerable,0.06707442834915249,0.34234415717931016,-0.2752697288301577,-0.28320658227620343,-0.2673620380401945,win
S11,coordinated_latest,fully_staffed_frac_vulnerable,0.9206120519329443,0.6348763968586466,0.28573565507429777,0.2775216794379769,0.2940900051013689,win
S11,coordinated_latest,wait_gap_vulnerable,-31.034985011020982,16.737476410725197,-47.77246142174616,-49.27701695205245,-46.178892167843664,win
S11,coordinated_latest,median_wait_severe,12.274582341487537,25.561320077150338,-13.286737735662822,-14.883490802554181,-11.77829944584558,win
S11,coordinated_latest,unserved_frac_severe,0.07118496042757268,0.2856104937715069,-0.21442553334393438,-0.22487842777290534,-0.20470641157478545,win
S11,coordinated_latest,fully_staffed_frac_severe,0.9199154681067059,0.6956265585647408,0.2242889095419647,0.21428471486786094,0.23492533126095955,win
S11,coordinated_latest,wait_gap_severe,-22.270576741008707,2.0028014997904315,-24.27337824079914,-26.19656261846418,-22.376869333298593,win
S11,coordinated_latest,invalid_claim_frac,0,0,0,0,0,ci_includes_zero
S11,coordinated_latest,gini,0.49474497934031403,0.49177724607478146,0.0029677332655327748,0.0010565295109722682,0.00493073846590432,baseline_better
S11,coordinated_latest,mean_commute_min,18.073885990230092,19.842384615142628,-1.76849862491254,-1.8490307369638121,-1.695117244059148,win
S11,coordinated_nearest,median_wait_vulnerable,11.48394233865283,29.743307025760146,-18.259364687107333,-19.163966173388385,-17.391677818164155,win
S11,coordinated_nearest,unserved_frac_vulnerable,0.06707442834915249,0.301642682779028,-0.2345682544298756,-0.2414981897599831,-0.22749347246460294,win
S11,coordinated_nearest,fully_staffed_frac_vulnerable,0.9206120519329443,0.6955432978485309,0.22506875408441337,0.21790441022761872,0.23254491603507038,win
S11,coordinated_nearest,wait_gap_vulnerable,-31.034985011020982,1.9560183673911853,-32.99100337841214,-34.11161247792029,-31.87706219387838,win
S11,coordinated_nearest,median_wait_severe,12.274582341487537,30.076119707624645,-17.801537366137126,-18.96229968966275,-16.67730943243297,win
S11,coordinated_nearest,unserved_frac_severe,0.07118496042757268,0.30970460034547365,-0.23851963991790123,-0.24709057064053644,-0.22948725980923845,win
S11,coordinated_nearest,fully_staffed_frac_severe,0.9199154681067059,0.6872594680533859,0.23265600005331932,0.22372368517272495,0.24140159366897473,win
S11,coordinated_nearest,wait_gap_severe,-22.270576741008707,2.422918488992191,-24.693495230000885,-26.136768085902602,-23.298476376449123,win
S11,coordinated_nearest,invalid_claim_frac,0,0,0,0,0,ci_includes_zero
S11,coordinated_nearest,gini,0.49474497934031403,0.49929281062697933,-0.004547831286665305,-0.006307417629449098,-0.0028150168357018866,win
S11,coordinated_nearest,mean_commute_min,18.073885990230092,15.77809791294469,2.2957880772854087,2.2161690489364267,2.3738857218544744,baseline_better
S11,care_score_uncoordinated,median_wait_vulnerable,11.48394233865283,66.82084365861651,-55.3369013199637,-55.583710532815616,-55.092664671961586,win
S11,care_score_uncoordinated,unserved_frac_vulnerable,0.06707442834915249,0.8424622738713219,-0.7753878455221688,-0.7801880807030199,-0.7705506767668185,win
S11,care_score_uncoordinated,fully_staffed_frac_vulnerable,0.9206120519329443,0.13520037508060212,0.7854116768523415,0.7801676788428467,0.7905533945896811,win
S11,care_score_uncoordinated,wait_gap_vulnerable,-31.034985011020982,0.12812709448503146,-31.163112105505988,-31.83129732743048,-30.50352621033712,win
S11,care_score_uncoordinated,median_wait_severe,12.274582341487537,65.4262447066391,-53.15166236515153,-53.45661571592155,-52.8428493304046,win
S11,care_score_uncoordinated,unserved_frac_severe,0.07118496042757268,0.8511319808840878,-0.7799470204565152,-0.7868933311361803,-0.7733219227384946,win
S11,care_score_uncoordinated,fully_staffed_frac_severe,0.9199154681067059,0.13136334933601546,0.7885521187706898,0.7820586864935315,0.7953212528617187,win
S11,care_score_uncoordinated,wait_gap_severe,-22.270576741008707,-1.5051467457690213,-20.765429995239685,-21.505099686766513,-20.071427311653427,win
S11,care_score_uncoordinated,invalid_claim_frac,0,0.932954951424851,-0.932954951424851,-0.9344471568764252,-0.9314930011129019,win
S11,care_score_uncoordinated,gini,0.49474497934031403,0.9625540500621702,-0.4678090707218565,-0.46963227859514783,-0.4661382653718513,win
S11,care_score_uncoordinated,mean_commute_min,18.073885990230092,19.984092875965324,-1.9102068857352412,-2.2558228025912594,-1.5807818932876156,win
S11,care_score_full_compliance,median_wait_vulnerable,11.48394233865283,9.672447607775092,1.8114947308777247,1.6806565892752277,1.9392334136351357,baseline_better
S11,care_score_full_compliance,unserved_frac_vulnerable,0.06707442834915249,0.038102519180216086,0.028971909168936456,0.025179505750312112,0.03288330907110364,baseline_better
S11,care_score_full_compliance,fully_staffed_frac_vulnerable,0.9206120519329443,0.956220029131588,-0.03560797719864313,-0.0395060329685862,-0.03146213941214322,baseline_better
S11,care_score_full_compliance,wait_gap_vulnerable,-31.034985011020982,-36.70665410341794,5.671669092396998,5.118796634831093,6.229061131315374,baseline_better
S11,care_score_full_compliance,median_wait_severe,12.274582341487537,10.48350631763813,1.791076023849402,1.6097022009283508,1.9755947824923858,baseline_better
S11,care_score_full_compliance,unserved_frac_severe,0.07118496042757268,0.04656877038303082,0.024616190044541814,0.020084316267452048,0.0291209852239178,baseline_better
S11,care_score_full_compliance,fully_staffed_frac_severe,0.9199154681067059,0.9448984165857449,-0.02498294847903966,-0.029714211239625195,-0.02047827481660138,baseline_better
S11,care_score_full_compliance,wait_gap_severe,-22.270576741008707,-24.795089109002685,2.5245123679939874,1.9305189945369514,3.084543819258058,baseline_better
S11,care_score_full_compliance,invalid_claim_frac,0,0,0,0,0,ci_includes_zero
S11,care_score_full_compliance,gini,0.49474497934031403,0.49344557848174314,0.0012994008585709988,-0.00014365850897266681,0.002730520113971803,ci_includes_zero
S11,care_score_full_compliance,mean_commute_min,18.073885990230092,19.859891272934522,-1.786005282704439,-1.8453182789058473,-1.7290678010952798,win
