kind,scenario,retry_max,policy,metric,mean,ci_low,ci_high,care_score_mean,comparator_mean
summary,S1,0,latest,median_wait_vulnerable,53.727256794708325,51.454284438302224,55.899417369749536,,
summary,S1,0,latest,unserved_frac_vulnerable,0.5743703239471253,0.566450358213539,0.5815043860289476,,
summary,S1,0,latest,fully_staffed_frac_vulnerable,0.28952471195497137,0.28282921107583975,0.2964103773611095,,
summary,S1,0,latest,wait_gap_vulnerable,-11.789960668759482,-14.088110409543548,-9.53910308858939,,
summary,S1,0,latest,median_wait_severe,59.20534809275204,57.29095504303686,61.00615495517998,,
summary,S1,0,latest,unserved_frac_severe,0.6173079922640287,0.6080083716900476,0.6264670091497834,,
summary,S1,0,latest,fully_staffed_frac_severe,0.2530194437910547,0.24451798621561077,0.26125271416196605,,
summary,S1,0,latest,wait_gap_severe,-5.615493769738878,-7.538160118592708,-3.777552573915137,,
summary,S1,0,latest,invalid_claim_frac,0.6181276415063863,0.6147833116236201,0.6215557010661173,,
summary,S1,0,latest,gini,0.7230810281441622,0.7206130655534746,0.7257686846244673,,
summary,S1,0,latest,mean_commute_min,19.870248764297695,19.511124121428235,20.208352403362152,,
summary,S1,0,latest,median_wait_nonvulnerable,65.51721746346784,65.36362078041863,65.66252664053273,,
summary,S1,0,latest,unserved_frac_nonvulnerable,0.6483159540392907,0.6446285423059634,0.6520223478243024,,
summary,S1,0,latest,fully_staffed_frac_all,0.24301666666666666,0.24043333333333322,0.24561666666666668,,
summary,S1,0,nearest,median_wait_vulnerable,64.6459214087344,64.48710511999911,64.79914651936609,,
summary,S1,0,nearest,unserved_frac_vulnerable,0.9535269848045899,0.9505099497027103,0.9565466208362333,,
summary,S1,0,nearest,fully_staffed_frac_vulnerable,0.041014582526825036,0.0381548444051155,0.04389099514269005,,
summary,S1,0,nearest,wait_gap_vulnerable,-1.696622589687375,-1.8723939072553715,-1.518979400858805,,
summary,S1,0,nearest,median_wait_severe,65.62587309646047,65.4514150268501,65.81569395399057,,
summary,S1,0,nearest,unserved_frac_severe,0.9484601835120636,0.9445678404347371,0.952352226068805,,
summary,S1,0,nearest,fully_staffed_frac_severe,0.046335580777983186,0.04272528492460294,0.04996103960533202,,
summary,S1,0,nearest,wait_gap_severe,-0.3150220645678971,-0.5106739367119489,-0.10957225816856597,,
summary,S1,0,nearest,invalid_claim_frac,0.9360401896893639,0.9346895219609261,0.9374173378904453,,
summary,S1,0,nearest,gini,0.9631143634195413,0.9623356062429457,0.963851081004355,,
summary,S1,0,nearest,mean_commute_min,5.188064609472453,4.819401019348855,5.568595072756642,,
summary,S1,0,nearest,median_wait_nonvulnerable,66.34254399842183,66.26512647516068,66.41987973825826,,
summary,S1,0,nearest,unserved_frac_nonvulnerable,0.9486711416686734,0.9472405756472976,0.950104646780462,,
summary,S1,0,nearest,fully_staffed_frac_all,0.04368333333333327,0.042849999999999895,0.04454999999999995,,
summary,S1,0,attention,median_wait_vulnerable,44.977083837969055,43.739329783105774,46.30887180366157,,
summary,S1,0,attention,unserved_frac_vulnerable,0.4834876554387797,0.4760002675471168,0.49140136727732225,,
summary,S1,0,attention,fully_staffed_frac_vulnerable,0.29998115392426955,0.2927605658959494,0.3069726358496859,,
summary,S1,0,attention,wait_gap_vulnerable,29.003463411523263,27.695896625165222,30.317338988300175,,
summary,S1,0,attention,median_wait_severe,25.582845701229797,24.213887484625197,26.947268258164474,,
summary,S1,0,attention,unserved_frac_severe,0.3604541973300626,0.3517181469016207,0.36942187599826853,,
summary,S1,0,attention,fully_staffed_frac_severe,0.4138217961585228,0.4045638644450712,0.4229773724561399,,
summary,S1,0,attention,wait_gap_severe,5.9173255008814,4.45214148476903,7.442654991190204,,
summary,S1,0,attention,invalid_claim_frac,0.3173683277916501,0.3137478235975155,0.3212168292304663,,
summary,S1,0,attention,gini,0.5120180862651984,0.509472387709545,0.5145674811652104,,
summary,S1,0,attention,mean_commute_min,19.796216679044267,19.461917248111952,20.121929082666618,,
summary,S1,0,attention,median_wait_nonvulnerable,15.973620426445777,15.72496680102744,16.240736203815583,,
summary,S1,0,attention,unserved_frac_nonvulnerable,0.29279947679628093,0.2890016613347442,0.29657163679032666,,
summary,S1,0,attention,fully_staffed_frac_all,0.42936666666666706,0.4263833333333333,0.4323666666666668,,
summary,S1,0,random,median_wait_vulnerable,13.485730044975634,13.174307854056197,13.807858085434491,,
summary,S1,0,random,unserved_frac_vulnerable,0.1894164959416962,0.1841640409255746,0.19489168623117317,,
summary,S1,0,random,fully_staffed_frac_vulnerable,0.5015493319213756,0.4941839836458099,0.5086361151647995,,
summary,S1,0,random,wait_gap_vulnerable,0.1855809281347683,-0.1717354107457693,0.5567268985201792,,
summary,S1,0,random,median_wait_severe,13.978911725629771,13.57159189505079,14.41102761332774,,
summary,S1,0,random,unserved_frac_severe,0.1782878618982627,0.170598538002932,0.18552458615907072,,
summary,S1,0,random,fully_staffed_frac_severe,0.5096569666953877,0.4999330220533626,0.5199557224259004,,
summary,S1,0,random,wait_gap_severe,0.7809520584235349,0.31461563374577134,1.2555575792024933,,
summary,S1,0,random,invalid_claim_frac,0.16571937937796385,0.16335901609370382,0.16794950335807632,,
summary,S1,0,random,gini,0.3699441029870357,0.36760901387845624,0.37235749552571024,,
summary,S1,0,random,mean_commute_min,19.828057883994678,19.499069952964845,20.15168095394149,,
summary,S1,0,random,median_wait_nonvulnerable,13.300149116840851,13.119279286058289,13.49938469550083,,
summary,S1,0,random,unserved_frac_nonvulnerable,0.17249512183832807,0.16920284908272049,0.175660645791671,,
summary,S1,0,random,fully_staffed_frac_all,0.5136333333333334,0.5111333333333334,0.5161500000000002,,
summary,S1,0,care_score,median_wait_vulnerable,9.47703017999183,9.21841730777094,9.73970375849466,,
summary,S1,0,care_score,unserved_frac_vulnerable,0.06734140187478953,0.06328618755749289,0.07155156734800865,,
summary,S1,0,care_score,fully_staffed_frac_vulnerable,0.9197716134541629,0.9152387872826404,0.9241621037485857,,
summary,S1,0,care_score,wait_gap_vulnerable,-32.84308729249003,-33.54348990186472,-32.15145965469066,,
summary,S1,0,care_score,median_wait_severe,10.738437591859114,10.422564695745692,11.070956167701597,,
summary,S1,0,care_score,unserved_frac_severe,0.0710096686756947,0.0662109589043669,0.07575009497850103,,
summary,S1,0,care_score,fully_staffed_frac_severe,0.9198035496271405,0.914664904750245,0.9250961392151711,,
summary,S1,0,care_score,wait_gap_severe,-22.649282660591876,-23.39085469030524,-21.924428623819384,,
summary,S1,0,care_score,invalid_claim_frac,0,0,0,,
summary,S1,0,care_score,gini,0.49465348841896173,0.4929794372969884,0.49628099074122994,,
summary,S1,0,care_score,mean_commute_min,18.07496871788701,17.72944194081924,18.41116246046295,,
summary,S1,0,care_score,median_wait_nonvulnerable,42.320117472481854,41.65547299962203,42.996616119637025,,
summary,S1,0,care_score,unserved_frac_nonvulnerable,0.38029450253032054,0.37741673312587537,0.38320292108115966,,
summary,S1,0,care_score,fully_staffed_frac_all,0.6839500000000002,0.6820999999999998,0.6858000000000004,,
summary,S1,0,coordinated_latest,median_wait_vulnerable,10.309272642980682,9.272953230651005,11.325978350470695,,
summary,S1,0,coordinated_latest,unserved_frac_vulnerable,0.2339941178607166,0.2284951521889812,0.2396463447060895,,
summary,S1,0,coordinated_latest,fully_staffed_frac_vulnerable,0.7478624871966739,0.7419117701333632,0.7539296217772539,,
summary,S1,0,coordinated_latest,wait_gap_vulnerable,-14.394782055656433,-15.753843855963842,-13.001976604966227,,
summary,S1,0,coordinated_latest,median_wait_severe,20.086726806078705,18.525801165811398,21.764328018371238,,
summary,S1,0,coordinated_latest,unserved_frac_severe,0.27484514310103736,0.2661764426519722,0.28346571667234305,,
summary,S1,0,coordinated_latest,fully_staffed_frac_severe,0.7035634545239441,0.6949980564877204,0.7123674366545794,,
summary,S1,0,coordinated_latest,wait_gap_severe,-0.9406262572815155,-2.7295743043743093,0.8835165446722675,,
summary,S1,0,coordinated_latest,invalid_claim_frac,0,0,0,,
summary,S1,0,coordinated_latest,gini,0.4909526049641199,0.4891236395398252,0.49280771187588085,,
summary,S1,0,coordinated_latest,mean_commute_min,19.846496811223016,19.495167879820567,20.182884027413184,,
summary,S1,0,coordinated_latest,median_wait_nonvulnerable,24.704054698637105,24.045861951517757,25.404302225086074,,
summary,S1,0,coordinated_latest,unserved_frac_nonvulnerable,0.3037853679113666,0.3008527092479474,0.30684611384360927,,
summary,S1,0,coordinated_latest,fully_staffed_frac_all,0.6942166666666665,0.6922666666666669,0.6962166666666663,,
summary,S1,0,coordinated_nearest,median_wait_vulnerable,27.239020967722375,26.425276914127267,28.07528699820342,,
summary,S1,0,coordinated_nearest,unserved_frac_vulnerable,0.3017685137381923,0.29558739147666435,0.3080226207461095,,
summary,S1,0,coordinated_nearest,fully_staffed_frac_vulnerable,0.6954174668893667,0.6891500399241681,0.701527362890679,,
summary,S1,0,coordinated_nearest,wait_gap_vulnerable,-0.5229613226018873,-1.5756788944844766,0.5368148576959426,,
summary,S1,0,coordinated_nearest,median_wait_severe,29.266264376740693,28.13159685102157,30.448358790061786,,
summary,S1,0,coordinated_nearest,unserved_frac_severe,0.30970460034547365,0.30176267345646307,0.3172988235620135,,
summary,S1,0,coordinated_nearest,fully_staffed_frac_severe,0.6872594680533859,0.6797855276817958,0.6951382928748359,,
summary,S1,0,coordinated_nearest,wait_gap_severe,2.1690521651208687,0.8870737577056288,3.486642642246723,,
summary,S1,0,coordinated_nearest,invalid_claim_frac,0,0,0,,
summary,S1,0,coordinated_nearest,gini,0.4992687207456972,0.4976788966372619,0.5008715055777501,,
summary,S1,0,coordinated_nearest,mean_commute_min,15.778168716816435,15.397698588998066,16.134674896745956,,
summary,S1,0,coordinated_nearest,median_wait_nonvulnerable,27.76198229032427,27.278994833663123,28.295475091152717,,
summary,S1,0,coordinated_nearest,unserved_frac_nonvulnerable,0.30149708082587695,0.2982957480616603,0.30471573736941315,,
summary,S1,0,coordinated_nearest,fully_staffed_frac_all,0.69565,0.6937500000000006,0.6976999999999999,,
summary,S1,0,care_score_uncoordinated,median_wait_vulnerable,62.8483043322376,62.6547845850457,63.03473103687302,,
summary,S1,0,care_score_uncoordinated,unserved_frac_vulnerable,0.836984557483753,0.8330506440556877,0.8409757612228752,,
summary,S1,0,care_score_uncoordinated,fully_staffed_frac_vulnerable,0.14134572301705978,0.13791584275822816,0.1448721734665443,,
summary,S1,0,care_score_uncoordinated,wait_gap_vulnerable,-3.7920503677948463,-3.997925543454396,-3.6012661405446047,,
summary,S1,0,care_score_uncoordinated,median_wait_severe,64.12336100761003,63.89913593055309,64.33689741928698,,
summary,S1,0,care_score_uncoordinated,unserved_frac_severe,0.8381528026527494,0.8325933151334267,0.8438996149074531,,
summary,S1,0,care_score_uncoordinated,fully_staffed_frac_severe,0.1406383873829721,0.1355179955486977,0.14555639924117975,,
summary,S1,0,care_score_uncoordinated,wait_gap_severe,-1.9793015993396308,-2.2124338842232754,-1.7457412881883825,,
summary,S1,0,care_score_uncoordinated,invalid_claim_frac,0.9270990389092496,0.9255604359468111,0.9287319735254234,,
summary,S1,0,care_score_uncoordinated,gini,0.9592330507334875,0.9585030409129235,0.9599827385657485,,
summary,S1,0,care_score_uncoordinated,mean_commute_min,19.992145567581648,19.534811206299494,20.461523134657387,,
summary,S1,0,care_score_uncoordinated,median_wait_nonvulnerable,66.64035470003249,66.57035043863065,66.70950327167634,,
summary,S1,0,care_score_uncoordinated,unserved_frac_nonvulnerable,0.9845158675676043,0.9832631051839964,0.985699969665532,,
summary,S1,0,care_score_uncoordinated,fully_staffed_frac_all,0.046599999999999996,0.04579999999999997,0.04741666666666664,,
summary,S1,0,care_score_full_compliance,median_wait_vulnerable,7.69904212543596,7.473464654960955,7.9301089091459165,,
summary,S1,0,care_score_full_compliance,unserved_frac_vulnerable,0.038442858685348955,0.03562959587961274,0.04139235019482078,,
summary,S1,0,care_score_full_compliance,fully_staffed_frac_vulnerable,0.9558697061533644,0.9528141106454296,0.9588939275399702,,
summary,S1,0,care_score_full_compliance,wait_gap_vulnerable,-38.50490587049172,-39.106883412754094,-37.898428511026346,,
summary,S1,0,care_score_full_compliance,median_wait_severe,9.046596346422591,8.767491229020813,9.330863709483648,,
summary,S1,0,care_score_full_compliance,unserved_frac_severe,0.046552323014609764,0.042207182925908186,0.05085045473841642,,
summary,S1,0,care_score_full_compliance,fully_staffed_frac_severe,0.9449148639541659,0.9400344764669795,0.9496527897211384,,
summary,S1,0,care_score_full_compliance,wait_gap_severe,-24.935834258647642,-25.755390893239078,-24.14875064247595,,
summary,S1,0,care_score_full_compliance,invalid_claim_frac,0,0,0,,
summary,S1,0,care_score_full_compliance,gini,0.49343172002857716,0.4917299272166252,0.49521397209005724,,
summary,S1,0,care_score_full_compliance,mean_commute_min,19.860203572050168,19.50544450590288,20.201900292867265,,
summary,S1,0,care_score_full_compliance,median_wait_nonvulnerable,46.203947995927635,45.62973629315009,46.8061111029715,,
summary,S1,0,care_score_full_compliance,unserved_frac_nonvulnerable,0.3898051128319468,0.3864580290040282,0.3930997910049839,,
summary,S1,0,care_score_full_compliance,fully_staffed_frac_all,0.679416666666667,0.677283333333333,0.6815166666666664,,
paired_diff,S1,0,coordinated_latest,median_wait_vulnerable,-0.8322424629888447,-1.841087752001667,0.16167690287375597,9.47703017999183,10.309272642980682
paired_diff,S1,0,coordinated_latest,unserved_frac_vulnerable,-0.16665271598592696,-0.1735722406943426,-0.15952026412748926,0.06734140187478953,0.2339941178607166
paired_diff,S1,0,coordinated_latest,fully_staffed_frac_vulnerable,0.17190912625749008,0.16430641852939337,0.17960040112501224,0.9197716134541629,0.7478624871966739
paired_diff,S1,0,coordinated_latest,wait_gap_vulnerable,-18.448305236833598,-19.935059025096123,-16.928850194504662,-32.84308729249003,-14.394782055656433
paired_diff,S1,0,coordinated_latest,median_wait_severe,-9.348289214219582,-10.95936916605477,-7.7581156556568995,10.738437591859114,20.086726806078705
paired_diff,S1,0,coordinated_latest,unserved_frac_severe,-0.20383547442534267,-0.2138660563819747,-0.1942981969899755,0.0710096686756947,0.27484514310103736
paired_diff,S1,0,coordinated_latest,fully_staffed_frac_severe,0.21624009510319595,0.20654312451958914,0.22671659070164926,0.9198035496271405,0.7035634545239441
paired_diff,S1,0,coordinated_latest,wait_gap_severe,-21.708656403310354,-23.663789364126483,-19.779418674411517,-22.649282660591876,-0.9406262572815155
paired_diff,S1,0,coordinated_latest,invalid_claim_frac,0,0,0,0,0
paired_diff,S1,0,coordinated_latest,gini,0.0037008834548417926,0.0017891716741137728,0.0056361935021762765,0.49465348841896173,0.4909526049641199
paired_diff,S1,0,coordinated_latest,mean_commute_min,-1.7715280933359987,-1.849708442967181,-1.698253271327233,18.07496871788701,19.846496811223016
paired_diff,S1,0,coordinated_latest,median_wait_nonvulnerable,17.61606277384475,16.732911393287697,18.460186057689363,42.320117472481854,24.704054698637105
paired_diff,S1,0,coordinated_latest,unserved_frac_nonvulnerable,0.07650913461895358,0.07268140989678767,0.08043682009085637,0.38029450253032054,0.3037853679113666
paired_diff,S1,0,coordinated_latest,fully_staffed_frac_all,-0.010266666666666646,-0.012849999999999983,-0.007766666666666657,0.6839500000000002,0.6942166666666665
paired_diff,S1,0,random,median_wait_vulnerable,-4.008699864983792,-4.414514247614728,-3.621656778205839,9.47703017999183,13.485730044975634
paired_diff,S1,0,random,unserved_frac_vulnerable,-0.12207509406690675,-0.12867832785813937,-0.1151345477975519,0.06734140187478953,0.1894164959416962
paired_diff,S1,0,random,fully_staffed_frac_vulnerable,0.4182222815327878,0.4099974383144692,0.42662544415372095,0.9197716134541629,0.5015493319213756
paired_diff,S1,0,random,wait_gap_vulnerable,-33.028668220624816,-33.83751645465392,-32.22070247235132,-32.84308729249003,0.1855809281347683
paired_diff,S1,0,random,median_wait_severe,-3.24047413377066,-3.793281057952149,-2.7130467752504472,10.738437591859114,13.978911725629771
paired_diff,S1,0,random,unserved_frac_severe,-0.10727819322256797,-0.11551078068426913,-0.09907408679958218,0.0710096686756947,0.1782878618982627
paired_diff,S1,0,random,fully_staffed_frac_severe,0.41014658293175205,0.3996992170592766,0.42042898308476606,0.9198035496271405,0.5096569666953877
paired_diff,S1,0,random,wait_gap_severe,-23.430234719015413,-24.323343532861315,-22.5306970191623,-22.649282660591876,0.7809520584235349
paired_diff,S1,0,random,invalid_claim_frac,-0.16571937937796385,-0.16794950335807632,-0.16335901609370382,0,0.16571937937796385
paired_diff,S1,0,random,gini,0.12470938543192595,0.12178260901813254,0.12744171108048755,0.49465348841896173,0.3699441029870357
paired_diff,S1,0,random,mean_commute_min,-1.7530891661076695,-1.8262305660164686,-1.6760436590283645,18.07496871788701,19.828057883994678
paired_diff,S1,0,random,median_wait_nonvulnerable,29.019968355641037,28.33522627579558,29.72986705124945,42.320117472481854,13.300149116840851
paired_diff,S1,0,random,unserved_frac_nonvulnerable,0.20779938069199227,0.203671433873236,0.2119448664704695,0.38029450253032054,0.17249512183832807
paired_diff,S1,0,random,fully_staffed_frac_all,0.17031666666666653,0.16735000000000005,0.1733333333333332,0.6839500000000002,0.5136333333333334
paired_diff,S1,0,latest,median_wait_vulnerable,-44.25022661471646,-46.40548217508465,-42.03038099480047,9.47703017999183,53.727256794708325
paired_diff,S1,0,latest,unserved_frac_vulnerable,-0.5070289220723357,-0.5159567319062752,-0.49814654861815266,0.06734140187478953,0.5743703239471253
paired_diff,S1,0,latest,fully_staffed_frac_vulnerable,0.6302469014991912,0.621682953935317,0.6384813609007968,0.9197716134541629,0.28952471195497137
paired_diff,S1,0,latest,wait_gap_vulnerable,-21.05312662373056,-23.365013112646235,-18.749397620916987,-32.84308729249003,-11.789960668759482
paired_diff,S1,0,latest,median_wait_severe,-48.466910500892915,-50.262183957267155,-46.60329686752256,10.738437591859114,59.20534809275204
paired_diff,S1,0,latest,unserved_frac_severe,-0.5462983235883346,-0.5563450679178068,-0.536537129636298,0.0710096686756947,0.6173079922640287
paired_diff,S1,0,latest,fully_staffed_frac_severe,0.6667841058360858,0.6578172611722225,0.6757443565203066,0.9198035496271405,0.2530194437910547
paired_diff,S1,0,latest,wait_gap_severe,-17.033788890853003,-18.910223146122053,-15.120604831354838,-22.649282660591876,-5.615493769738878
paired_diff,S1,0,latest,invalid_claim_frac,-0.6181276415063863,-0.6215557010661173,-0.6147833116236201,0,0.6181276415063863
paired_diff,S1,0,latest,gini,-0.2284275397252003,-0.2313343647104389,-0.22560011681939515,0.49465348841896173,0.7230810281441622
paired_diff,S1,0,latest,mean_commute_min,-1.7952800464106902,-1.9062838139071527,-1.6892584914473288,18.07496871788701,19.870248764297695
paired_diff,S1,0,latest,median_wait_nonvulnerable,-23.19709999098592,-23.87384159651684,-22.489673469874255,42.320117472481854,65.51721746346784
paired_diff,S1,0,latest,unserved_frac_nonvulnerable,-0.26802145150897033,-0.27277012829915287,-0.26353525095688196,0.38029450253032054,0.6483159540392907
paired_diff,S1,0,latest,fully_staffed_frac_all,0.44093333333333334,0.43775000000000025,0.44403333333333367,0.6839500000000002,0.24301666666666666
paired_diff,S1,0,nearest,median_wait_vulnerable,-55.16889122874259,-55.4446842878503,-54.90055532959113,9.47703017999183,64.6459214087344
paired_diff,S1,0,nearest,unserved_frac_vulnerable,-0.8861855829298009,-0.8909928960536733,-0.8812142156491625,0.06734140187478953,0.9535269848045899
paired_diff,S1,0,nearest,fully_staffed_frac_vulnerable,0.8787570309273383,0.8735019266218349,0.8837684944013506,0.9197716134541629,0.041014582526825036
paired_diff,S1,0,nearest,wait_gap_vulnerable,-31.14646470280266,-31.845030364048494,-30.465694203180227,-32.84308729249003,-1.696622589687375
paired_diff,S1,0,nearest,median_wait_severe,-54.887435504601335,-55.21980214771172,-54.53545517401202,10.738437591859114,65.62587309646047
paired_diff,S1,0,nearest,unserved_frac_severe,-0.8774505148363682,-0.8832991375971272,-0.8714526666622225,0.0710096686756947,0.9484601835120636
paired_diff,S1,0,nearest,fully_staffed_frac_severe,0.8734679688491565,0.8676309318161136,0.8795706543184149,0.9198035496271405,0.046335580777983186
paired_diff,S1,0,nearest,wait_gap_severe,-22.334260596023995,-23.08448557470673,-21.643455670905063,-22.649282660591876,-0.3150220645678971
paired_diff,S1,0,nearest,invalid_claim_frac,-0.9360401896893639,-0.9374173378904453,-0.9346895219609261,0,0.9360401896893639
paired_diff,S1,0,nearest,gini,-0.4684608750005797,-0.47022662859928216,-0.4667706131740375,0.49465348841896173,0.9631143634195413
paired_diff,S1,0,nearest,mean_commute_min,12.886904108414566,12.58583080100016,13.200809705368858,18.07496871788701,5.188064609472453
paired_diff,S1,0,nearest,median_wait_nonvulnerable,-24.02242652593992,-24.68937911219939,-23.338935874467087,42.320117472481854,66.34254399842183
paired_diff,S1,0,nearest,unserved_frac_nonvulnerable,-0.5683766391383532,-0.571611101953777,-0.5651438255342648,0.38029450253032054,0.9486711416686734
paired_diff,S1,0,nearest,fully_staffed_frac_all,0.6402666666666665,0.6380999999999999,0.6423333333333333,0.6839500000000002,0.04368333333333327
ablation_diff,S1,0,care_score_uncoordinated_minus_latest,median_wait_vulnerable,9.121047537529337,6.963778033904137,11.301352763705506,62.8483043322376,53.727256794708325
ablation_diff,S1,0,care_score_uncoordinated_minus_latest,unserved_frac_vulnerable,0.262614233536628,0.2542214277062418,0.27149741991134696,0.836984557483753,0.5743703239471253
ablation_diff,S1,0,care_score_uncoordinated_minus_latest,fully_staffed_frac_vulnerable,-0.14817898893791162,-0.15581843853247238,-0.1406035262747394,0.14134572301705978,0.28952471195497137
ablation_diff,S1,0,care_score_uncoordinated_minus_latest,wait_gap_vulnerable,7.997910300964626,5.872706407151103,10.191895206949253,-3.7920503677948463,-11.789960668759482
ablation_diff,S1,0,care_score_uncoordinated_minus_latest,median_wait_severe,4.918012914857962,3.22852222497121,6.726752806432452,64.12336100761003,59.20534809275204
ablation_diff,S1,0,care_score_uncoordinated_minus_latest,unserved_frac_severe,0.22084481038872084,0.21054318912390876,0.2307859284772629,0.8381528026527494,0.6173079922640287
ablation_diff,S1,0,care_score_uncoordinated_minus_latest,fully_staffed_frac_severe,-0.11238105640808248,-0.12178767815880098,-0.10256310572125846,0.1406383873829721,0.2530194437910547
ablation_diff,S1,0,care_score_uncoordinated_minus_latest,wait_gap_severe,3.636192170399247,1.921945704174985,5.470204613295235,-1.9793015993396308,-5.615493769738878
ablation_diff,S1,0,care_score_uncoordinated_minus_latest,invalid_claim_frac,0.30897139740286345,0.3053812824026301,0.3125998578015458,0.9270990389092496,0.6181276415063863
ablation_diff,S1,0,care_score_uncoordinated_minus_latest,gini,0.2361520225893255,0.23343031309168377,0.2386858666981042,0.9592330507334875,0.7230810281441622
ablation_diff,S1,0,care_score_uncoordinated_minus_latest,mean_commute_min,0.12189680328393081,-0.21634501124658215,0.46738704074436954,19.992145567581648,19.870248764297695
ablation_diff,S1,0,care_score_uncoordinated_minus_latest,median_wait_nonvulnerable,1.1231372365647123,1.017534579809416,1.2330945611247863,66.64035470003249,65.51721746346784
ablation_diff,S1,0,care_score_uncoordinated_minus_latest,unserved_frac_nonvulnerable,0.33619991352831574,0.33239655888748093,0.33992645105817565,0.9845158675676043,0.6483159540392907
ablation_diff,S1,0,care_score_uncoordinated_minus_latest,fully_staffed_frac_all,-0.19641666666666663,-0.19899999999999993,-0.19371666666666665,0.046599999999999996,0.24301666666666666
ablation_diff,S1,0,care_score_uncoordinated_minus_nearest,median_wait_vulnerable,-1.7976170764967647,-1.9366030569890094,-1.672254883691734,62.8483043322376,64.6459214087344
ablation_diff,S1,0,care_score_uncoordinated_minus_nearest,unserved_frac_vulnerable,-0.1165424273208369,-0.12139537615991701,-0.11171738570112616,0.836984557483753,0.9535269848045899
ablation_diff,S1,0,care_score_uncoordinated_minus_nearest,fully_staffed_frac_vulnerable,0.10033114049023464,0.09617843797063226,0.10467832681696516,0.14134572301705978,0.041014582526825036
ablation_diff,S1,0,care_score_uncoordinated_minus_nearest,wait_gap_vulnerable,-2.0954277781074766,-2.2428662537517976,-1.9572071016676886,-3.7920503677948463,-1.696622589687375
ablation_diff,S1,0,care_score_uncoordinated_minus_nearest,median_wait_severe,-1.5025120888504355,-1.653092351408785,-1.3576902364509422,64.12336100761003,65.62587309646047
ablation_diff,S1,0,care_score_uncoordinated_minus_nearest,unserved_frac_severe,-0.11030738085931337,-0.11673165295429454,-0.10376646483736275,0.8381528026527494,0.9484601835120636
ablation_diff,S1,0,care_score_uncoordinated_minus_nearest,fully_staffed_frac_severe,0.09430280660498887,0.08819709283307704,0.10041010828088899,0.1406383873829721,0.046335580777983186
ablation_diff,S1,0,care_score_uncoordinated_minus_nearest,wait_gap_severe,-1.6642795347717347,-1.822246075644761,-1.514248939670405,-1.9793015993396308,-0.3150220645678971
ablation_diff,S1,0,care_score_uncoordinated_minus_nearest,invalid_claim_frac,-0.008941150780114532,-0.010964179086486845,-0.007002633699867424,0.9270990389092496,0.9360401896893639
ablation_diff,S1,0,care_score_uncoordinated_minus_nearest,gini,-0.003881312686053864,-0.004823864544483324,-0.0028810653091148157,0.9592330507334875,0.9631143634195413
ablation_diff,S1,0,care_score_uncoordinated_minus_nearest,mean_commute_min,14.804080958109186,14.37609590232178,15.26392872353773,19.992145567581648,5.188064609472453
ablation_diff,S1,0,care_score_uncoordinated_minus_nearest,median_wait_nonvulnerable,0.29781070161071166,0.2709523485914872,0.32650229775421374,66.64035470003249,66.34254399842183
ablation_diff,S1,0,care_score_uncoordinated_minus_nearest,unserved_frac_nonvulnerable,0.03584472589893298,0.03405730716564475,0.03767212579325164,0.9845158675676043,0.9486711416686734
ablation_diff,S1,0,care_score_uncoordinated_minus_nearest,fully_staffed_frac_all,0.0029166666666666685,0.0017833333333333343,0.004016666666666672,0.046599999999999996,0.04368333333333327
summary,S1,1,latest,median_wait_vulnerable,46.170607014928876,43.175418620129555,49.2201289189458,,
summary,S1,1,latest,unserved_frac_vulnerable,0.5424371916594707,0.5344920472354378,0.5503372345847103,,
summary,S1,1,latest,fully_staffed_frac_vulnerable,0.32877191362549973,0.32154633890657675,0.3359753281546391,,
summary,S1,1,latest,wait_gap_vulnerable,-19.215519005166833,-22.266957155744663,-16.1808011299384,,
summary,S1,1,latest,median_wait_severe,55.72797422309222,53.29483701435389,57.96286071141853,,
summary,S1,1,latest,unserved_frac_severe,0.5912655663503463,0.581987063720951,0.6009928079428165,,
summary,S1,1,latest,fully_staffed_frac_severe,0.284549941805583,0.27541115234701263,0.2935617329975131,,
summary,S1,1,latest,wait_gap_severe,-8.870403361260864,-11.295419641552233,-6.608107246504671,,
summary,S1,1,latest,invalid_claim_frac,0.5739719334427692,0.5701445593290243,0.5777655749611512,,
summary,S1,1,latest,gini,0.707707512743353,0.7051113325424145,0.7102772157659167,,
summary,S1,1,latest,mean_commute_min,19.897712500658244,19.5483870205663,20.23247891045615,,
summary,S1,1,latest,median_wait_nonvulnerable,65.38612602009574,65.20626268388081,65.55956704442396,,
summary,S1,1,latest,unserved_frac_nonvulnerable,0.6243920280568237,0.6204249735798875,0.6284459962473399,,
summary,S1,1,latest,fully_staffed_frac_all,0.2745666666666665,0.27174999999999994,0.2776166666666668,,
summary,S1,1,nearest,median_wait_vulnerable,64.5277999110854,64.36128999965948,64.68561519281366,,
summary,S1,1,nearest,unserved_frac_vulnerable,0.9438346553674923,0.9405837292191829,0.9470385736244307,,
summary,S1,1,nearest,fully_staffed_frac_vulnerable,0.050153037913803405,0.04709072768444969,0.053276112857800394,,
summary,S1,1,nearest,wait_gap_vulnerable,-1.702754440354088,-1.8844929053948416,-1.5196574894284072,,
summary,S1,1,nearest,median_wait_severe,65.49076508533575,65.31285144183903,65.68102986491427,,
summary,S1,1,nearest,unserved_frac_severe,0.9382729153270081,0.933665917400492,0.942960817293429,,
summary,S1,1,nearest,fully_staffed_frac_severe,0.05647290361599223,0.05201711929457784,0.06093487790474315,,
summary,S1,1,nearest,wait_gap_severe,-0.3493567219301028,-0.5505286525741195,-0.14070430723831404,,
summary,S1,1,nearest,invalid_claim_frac,0.9216460321965273,0.9200474264913595,0.9232428490909375,,
summary,S1,1,nearest,gini,0.95584907220507,0.9549588255730704,0.9567171525258635,,
summary,S1,1,nearest,mean_commute_min,5.4156381126199635,5.051959739459287,5.799735459258575,,
summary,S1,1,nearest,median_wait_nonvulnerable,66.23055435143951,66.14925127464916,66.30836059202882,,
summary,S1,1,nearest,unserved_frac_nonvulnerable,0.9383282466425087,0.9367000419165108,0.9399225551786468,,
summary,S1,1,nearest,fully_staffed_frac_all,0.05343333333333336,0.052516666666666684,0.05440000000000001,,
summary,S1,1,attention,median_wait_vulnerable,29.351083953013905,28.152029365212055,30.573431893668726,,
summary,S1,1,attention,unserved_frac_vulnerable,0.37694203970344764,0.37096268122667597,0.3832277586173559,,
summary,S1,1,attention,fully_staffed_frac_vulnerable,0.3893334281808027,0.38167398717012746,0.39660320720410325,,
summary,S1,1,attention,wait_gap_vulnerable,16.51934342798656,15.266448526565055,17.752005666277057,,
summary,S1,1,attention,median_wait_severe,17.380439710739637,16.537602199852767,18.25350465491759,,
summary,S1,1,attention,unserved_frac_severe,0.2619026016249768,0.2530042269845666,0.2705374348558403,,
summary,S1,1,attention,fully_staffed_frac_severe,0.5217949996688149,0.5116932292893611,0.5310597773076725,,
summary,S1,1,attention,wait_gap_severe,2.370401509049594,1.452521899777524,3.324906369235581,,
summary,S1,1,attention,invalid_claim_frac,0.1712873176009715,0.16836930038169357,0.17426212362108962,,
summary,S1,1,attention,gini,0.45306959864020796,0.4507011674371195,0.4553530395055702,,
summary,S1,1,attention,mean_commute_min,19.846954023079157,19.49808503391568,20.176568785373505,,
summary,S1,1,attention,median_wait_nonvulnerable,12.831740525027339,12.629517053184985,13.03458074370872,,
summary,S1,1,attention,unserved_frac_nonvulnerable,0.20608717556133466,0.2027698357599177,0.20947214265945313,,
summary,S1,1,attention,fully_staffed_frac_all,0.5306333333333334,0.5279833333333334,0.5332166666666663,,
summary,S1,1,random,median_wait_vulnerable,12.416990579565013,12.163370658302622,12.683170520164818,,
summary,S1,1,random,unserved_frac_vulnerable,0.12613577305000548,0.12121349710611352,0.13100454782937007,,
summary,S1,1,random,fully_staffed_frac_vulnerable,0.5862826406297204,0.5796493700348719,0.5931693349205326,,
summary,S1,1,random,wait_gap_vulnerable,0.3261326046884558,0.004120389682057457,0.6498725559593451,,
summary,S1,1,random,median_wait_severe,12.611699857434271,12.246424794730721,13.03126696178383,,
summary,S1,1,random,unserved_frac_severe,0.11399164660290417,0.10789575183807272,0.12038893440134947,,
summary,S1,1,random,fully_staffed_frac_severe,0.5968299586914653,0.5880666610571542,0.605647821246458,,
summary,S1,1,random,wait_gap_severe,0.47858089862254616,0.07844444460214844,0.908354795610566,,
summary,S1,1,random,invalid_claim_frac,0.05021216007251375,0.048738714604486096,0.05164731114012711,,
summary,S1,1,random,gini,0.33585641747679695,0.33383168545587194,0.33790819996611404,,
summary,S1,1,random,mean_commute_min,19.838946539716574,19.499177148913358,20.173783665749337,,
summary,S1,1,random,median_wait_nonvulnerable,12.09085797487656,11.913447060101717,12.27084173890533,,
summary,S1,1,random,unserved_frac_nonvulnerable,0.11570705847548735,0.11291598143696545,0.11853080116650204,,
summary,S1,1,random,fully_staffed_frac_all,0.5957166666666662,0.5934166666666666,0.5979499999999995,,
summary,S1,1,care_score,median_wait_vulnerable,9.47703017999183,9.21841730777094,9.73970375849466,,
summary,S1,1,care_score,unserved_frac_vulnerable,0.06734140187478953,0.06328618755749289,0.07155156734800865,,
summary,S1,1,care_score,fully_staffed_frac_vulnerable,0.9197716134541629,0.9152387872826404,0.9241621037485857,,
summary,S1,1,care_score,wait_gap_vulnerable,-32.84308729249003,-33.54348990186472,-32.15145965469066,,
summary,S1,1,care_score,median_wait_severe,10.738437591859114,10.422564695745692,11.070956167701597,,
summary,S1,1,care_score,unserved_frac_severe,0.0710096686756947,0.0662109589043669,0.07575009497850103,,
summary,S1,1,care_score,fully_staffed_frac_severe,0.9198035496271405,0.914664904750245,0.9250961392151711,,
summary,S1,1,care_score,wait_gap_severe,-22.649282660591876,-23.39085469030524,-21.924428623819384,,
summary,S1,1,care_score,invalid_claim_frac,0,0,0,,
summary,S1,1,care_score,gini,0.49465348841896173,0.4929794372969884,0.49628099074122994,,
summary,S1,1,care_score,mean_commute_min,18.07496871788701,17.72944194081924,18.41116246046295,,
summary,S1,1,care_score,median_wait_nonvulnerable,42.320117472481854,41.65547299962203,42.996616119637025,,
summary,S1,1,care_score,unserved_frac_nonvulnerable,0.38029450253032054,0.37741673312587537,0.38320292108115966,,
summary,S1,1,care_score,fully_staffed_frac_all,0.6839500000000002,0.6820999999999998,0.6858000000000004,,
summary,S1,1,coordinated_latest,median_wait_vulnerable,10.309272642980682,9.272953230651005,11.325978350470695,,
summary,S1,1,coordinated_latest,unserved_frac_vulnerable,0.2339941178607166,0.2284951521889812,0.2396463447060895,,
summary,S1,1,coordinated_latest,fully_staffed_frac_vulnerable,0.7478624871966739,0.7419117701333632,0.7539296217772539,,
summary,S1,1,coordinated_latest,wait_gap_vulnerable,-14.394782055656433,-15.753843855963842,-13.001976604966227,,
summary,S1,1,coordinated_latest,median_wait_severe,20.086726806078705,18.525801165811398,21.764328018371238,,
summary,S1,1,coordinated_latest,unserved_frac_severe,0.27484514310103736,0.2661764426519722,0.28346571667234305,,
summary,S1,1,coordinated_latest,fully_staffed_frac_severe,0.7035634545239441,0.6949980564877204,0.7123674366545794,,
summary,S1,1,coordinated_latest,wait_gap_severe,-0.9406262572815155,-2.7295743043743093,0.8835165446722675,,
summary,S1,1,coordinated_latest,invalid_claim_frac,0,0,0,,
summary,S1,1,coordinated_latest,gini,0.4909526049641199,0.4891236395398252,0.49280771187588085,,
summary,S1,1,coordinated_latest,mean_commute_min,19.846496811223016,19.495167879820567,20.182884027413184,,
summary,S1,1,coordinated_latest,median_wait_nonvulnerable,24.704054698637105,24.045861951517757,25.404302225086074,,
summary,S1,1,coordinated_latest,unserved_frac_nonvulnerable,0.3037853679113666,0.3008527092479474,0.30684611384360927,,
summary,S1,1,coordinated_latest,fully_staffed_frac_all,0.6942166666666665,0.6922666666666669,0.6962166666666663,,
summary,S1,1,coordinated_nearest,median_wait_vulnerable,27.239020967722375,26.425276914127267,28.07528699820342,,
summary,S1,1,coordinated_nearest,unserved_frac_vulnerable,0.3017685137381923,0.29558739147666435,0.3080226207461095,,
summary,S1,1,coordinated_nearest,fully_staffed_frac_vulnerable,0.6954174668893667,0.6891500399241681,0.701527362890679,,
summary,S1,1,coordinated_nearest,wait_gap_vulnerable,-0.5229613226018873,-1.5756788944844766,0.5368148576959426,,
summary,S1,1,coordinated_nearest,median_wait_severe,29.266264376740693,28.13159685102157,30.448358790061786,,
summary,S1,1,coordinated_nearest,unserved_frac_severe,0.30970460034547365,0.30176267345646307,0.3172988235620135,,
summary,S1,1,coordinated_nearest,fully_staffed_frac_severe,0.6872594680533859,0.6797855276817958,0.6951382928748359,,
summary,S1,1,coordinated_nearest,wait_gap_severe,2.1690521651208687,0.8870737577056288,3.486642642246723,,
summary,S1,1,coordinated_nearest,invalid_claim_frac,0,0,0,,
summary,S1,1,coordinated_nearest,gini,0.4992687207456972,0.4976788966372619,0.5008715055777501,,
summary,S1,1,coordinated_nearest,mean_commute_min,15.778168716816435,15.397698588998066,16.134674896745956,,
summary,S1,1,coordinated_nearest,median_wait_nonvulnerable,27.76198229032427,27.278994833663123,28.295475091152717,,
summary,S1,1,coordinated_nearest,unserved_frac_nonvulnerable,0.30149708082587695,0.2982957480616603,0.30471573736941315,,
summary,S1,1,coordinated_nearest,fully_staffed_frac_all,0.69565,0.6937500000000006,0.6976999999999999,,
summary,S1,1,care_score_uncoordinated,median_wait_vulnerable,62.31016491380235,62.104495842630776,62.51301541646163,,
summary,S1,1,care_score_uncoordinated,unserved_frac_vulnerable,0.8075620388046312,0.8034024165938473,0.8116841381170403,,
summary,S1,1,care_score_uncoordinated,fully_staffed_frac_vulnerable,0.16937401227224202,0.16551434008996632,0.17331957185361305,,
summary,S1,1,care_score_uncoordinated,wait_gap_vulnerable,-4.293859336158622,-4.499154317869188,-4.09503514266507,,
summary,S1,1,care_score_uncoordinated,median_wait_severe,63.678084275241645,63.42799596604823,63.91884110214915,,
summary,S1,1,care_score_uncoordinated,unserved_frac_severe,0.812080275674432,0.8056351162917263,0.8185867231165329,,
summary,S1,1,care_score_uncoordinated,fully_staffed_frac_severe,0.16428335448527817,0.1585633324593664,0.16989551045536094,,
summary,S1,1,care_score_uncoordinated,wait_gap_severe,-2.3438469516399967,-2.613629332360691,-2.0952153859183706,,
summary,S1,1,care_score_uncoordinated,invalid_claim_frac,0.9121810260887887,0.9106019008088164,0.9138717185632923,,
summary,S1,1,care_score_uncoordinated,gini,0.9513752947626412,0.9505394106079298,0.9522357346278746,,
summary,S1,1,care_score_uncoordinated,mean_commute_min,19.923575291013723,19.491038876184497,20.36281946308119,,
summary,S1,1,care_score_uncoordinated,median_wait_nonvulnerable,66.60402424996096,66.53099891454777,66.67347518936576,,
summary,S1,1,care_score_uncoordinated,unserved_frac_nonvulnerable,0.9803982098969254,0.9789562751688482,0.9817850127873949,,
summary,S1,1,care_score_uncoordinated,fully_staffed_frac_all,0.056783333333333366,0.055850000000000066,0.05773333333333339,,
summary,S1,1,care_score_full_compliance,median_wait_vulnerable,7.69904212543596,7.473464654960955,7.9301089091459165,,
summary,S1,1,care_score_full_compliance,unserved_frac_vulnerable,0.038442858685348955,0.03562959587961274,0.04139235019482078,,
summary,S1,1,care_score_full_compliance,fully_staffed_frac_vulnerable,0.9558697061533644,0.9528141106454296,0.9588939275399702,,
summary,S1,1,care_score_full_compliance,wait_gap_vulnerable,-38.50490587049172,-39.106883412754094,-37.898428511026346,,
summary,S1,1,care_score_full_compliance,median_wait_severe,9.046596346422591,8.767491229020813,9.330863709483648,,
summary,S1,1,care_score_full_compliance,unserved_frac_severe,0.046552323014609764,0.042207182925908186,0.05085045473841642,,
summary,S1,1,care_score_full_compliance,fully_staffed_frac_severe,0.9449148639541659,0.9400344764669795,0.9496527897211384,,
summary,S1,1,care_score_full_compliance,wait_gap_severe,-24.935834258647642,-25.755390893239078,-24.14875064247595,,
summary,S1,1,care_score_full_compliance,invalid_claim_frac,0,0,0,,
summary,S1,1,care_score_full_compliance,gini,0.49343172002857716,0.4917299272166252,0.49521397209005724,,
summary,S1,1,care_score_full_compliance,mean_commute_min,19.860203572050168,19.50544450590288,20.201900292867265,,
summary,S1,1,care_score_full_compliance,median_wait_nonvulnerable,46.203947995927635,45.62973629315009,46.8061111029715,,
summary,S1,1,care_score_full_compliance,unserved_frac_nonvulnerable,0.3898051128319468,0.3864580290040282,0.3930997910049839,,
summary,S1,1,care_score_full_compliance,fully_staffed_frac_all,0.679416666666667,0.677283333333333,0.6815166666666664,,
paired_diff,S1,1,coordinated_latest,median_wait_vulnerable,-0.8322424629888447,-1.841087752001667,0.16167690287375597,9.47703017999183,10.309272642980682
paired_diff,S1,1,coordinated_latest,unserved_frac_vulnerable,-0.16665271598592696,-0.1735722406943426,-0.15952026412748926,0.06734140187478953,0.2339941178607166
paired_diff,S1,1,coordinated_latest,fully_staffed_frac_vulnerable,0.17190912625749008,0.16430641852939337,0.17960040112501224,0.9197716134541629,0.7478624871966739
paired_diff,S1,1,coordinated_latest,wait_gap_vulnerable,-18.448305236833598,-19.935059025096123,-16.928850194504662,-32.84308729249003,-14.394782055656433
paired_diff,S1,1,coordinated_latest,median_wait_severe,-9.348289214219582,-10.95936916605477,-7.7581156556568995,10.738437591859114,20.086726806078705
paired_diff,S1,1,coordinated_latest,unserved_frac_severe,-0.20383547442534267,-0.2138660563819747,-0.1942981969899755,0.0710096686756947,0.27484514310103736
paired_diff,S1,1,coordinated_latest,fully_staffed_frac_severe,0.21624009510319595,0.20654312451958914,0.22671659070164926,0.9198035496271405,0.7035634545239441
paired_diff,S1,1,coordinated_latest,wait_gap_severe,-21.708656403310354,-23.663789364126483,-19.779418674411517,-22.649282660591876,-0.9406262572815155
paired_diff,S1,1,coordinated_latest,invalid_claim_frac,0,0,0,0,0
paired_diff,S1,1,coordinated_latest,gini,0.0037008834548417926,0.0017891716741137728,0.0056361935021762765,0.49465348841896173,0.4909526049641199
paired_diff,S1,1,coordinated_latest,mean_commute_min,-1.7715280933359987,-1.849708442967181,-1.698253271327233,18.07496871788701,19.846496811223016
paired_diff,S1,1,coordinated_latest,median_wait_nonvulnerable,17.61606277384475,16.732911393287697,18.460186057689363,42.320117472481854,24.704054698637105
paired_diff,S1,1,coordinated_latest,unserved_frac_nonvulnerable,0.07650913461895358,0.07268140989678767,0.08043682009085637,0.38029450253032054,0.3037853679113666
paired_diff,S1,1,coordinated_latest,fully_staffed_frac_all,-0.010266666666666646,-0.012849999999999983,-0.007766666666666657,0.6839500000000002,0.6942166666666665
paired_diff,S1,1,random,median_wait_vulnerable,-2.939960399573176,-3.30458061776017,-2.598579297902498,9.47703017999183,12.416990579565013
paired_diff,S1,1,random,unserved_frac_vulnerable,-0.058794371175215826,-0.06481556088071028,-0.052608337353558424,0.06734140187478953,0.12613577305000548
paired_diff,S1,1,random,fully_staffed_frac_vulnerable,0.3334889728244424,0.3256098094507115,0.3414865672736549,0.9197716134541629,0.5862826406297204
paired_diff,S1,1,random,wait_gap_vulnerable,-33.16921989717851,-33.90597449969418,-32.41241454906968,-32.84308729249003,0.3261326046884558
paired_diff,S1,1,random,median_wait_severe,-1.8732622655751607,-2.3628859149790378,-1.4107823600226799,10.738437591859114,12.611699857434271
paired_diff,S1,1,random,unserved_frac_severe,-0.04298197792720937,-0.05146797381142677,-0.03502287671336579,0.0710096686756947,0.11399164660290417
paired_diff,S1,1,random,fully_staffed_frac_severe,0.3229735909356743,0.3135692384116035,0.3329973125533394,0.9198035496271405,0.5968299586914653
paired_diff,S1,1,random,wait_gap_severe,-23.12786355921442,-23.978480316875093,-22.332196456833334,-22.649282660591876,0.47858089862254616
paired_diff,S1,1,random,invalid_claim_frac,-0.05021216007251375,-0.05164731114012711,-0.048738714604486096,0,0.05021216007251375
paired_diff,S1,1,random,gini,0.15879707094216464,0.15624372396845077,0.16136387621117224,0.49465348841896173,0.33585641747679695
paired_diff,S1,1,random,mean_commute_min,-1.763977821829557,-1.8337828851987032,-1.6950997136760049,18.07496871788701,19.838946539716574
paired_diff,S1,1,random,median_wait_nonvulnerable,30.229259497605327,29.55121710894468,30.934869795264156,42.320117472481854,12.09085797487656
paired_diff,S1,1,random,unserved_frac_nonvulnerable,0.2645874440548329,0.2607378890349787,0.26841118898931654,0.38029450253032054,0.11570705847548735
paired_diff,S1,1,random,fully_staffed_frac_all,0.0882333333333333,0.08538333333333334,0.09111666666666665,0.6839500000000002,0.5957166666666662
paired_diff,S1,1,latest,median_wait_vulnerable,-36.69357683493705,-39.65097518214117,-33.68624294777327,9.47703017999183,46.170607014928876
paired_diff,S1,1,latest,unserved_frac_vulnerable,-0.4750957897846812,-0.4843239910110869,-0.46607806736119034,0.06734140187478953,0.5424371916594707
paired_diff,S1,1,latest,fully_staffed_frac_vulnerable,0.5909996998286635,0.5822935025948426,0.5997956778357231,0.9197716134541629,0.32877191362549973
paired_diff,S1,1,latest,wait_gap_vulnerable,-13.627568287323196,-16.627201108096777,-10.474441880496519,-32.84308729249003,-19.215519005166833
paired_diff,S1,1,latest,median_wait_severe,-44.989536631233086,-47.197028827630504,-42.55139084238897,10.738437591859114,55.72797422309222
paired_diff,S1,1,latest,unserved_frac_severe,-0.5202558976746516,-0.5306301052834841,-0.5103265238593704,0.0710096686756947,0.5912655663503463
paired_diff,S1,1,latest,fully_staffed_frac_severe,0.6352536078215572,0.6261456749490578,0.6447449951634602,0.9198035496271405,0.284549941805583
paired_diff,S1,1,latest,wait_gap_severe,-13.778879299331011,-16.171068741222836,-11.331935465853277,-22.649282660591876,-8.870403361260864
paired_diff,S1,1,latest,invalid_claim_frac,-0.5739719334427692,-0.5777655749611512,-0.5701445593290243,0,0.5739719334427692
paired_diff,S1,1,latest,gini,-0.21305402432439094,-0.21616203558996924,-0.21001468315977131,0.49465348841896173,0.707707512743353
paired_diff,S1,1,latest,mean_commute_min,-1.8227437827712374,-1.9327998178603831,-1.7170365398769016,18.07496871788701,19.897712500658244
paired_diff,S1,1,latest,median_wait_nonvulnerable,-23.066008547613844,-23.76925195101785,-22.356890258056872,42.320117472481854,65.38612602009574
paired_diff,S1,1,latest,unserved_frac_nonvulnerable,-0.24409752552650354,-0.24895226134908224,-0.23923087167598547,0.38029450253032054,0.6243920280568237
paired_diff,S1,1,latest,fully_staffed_frac_all,0.4093833333333332,0.4060833333333334,0.41266666666666674,0.6839500000000002,0.2745666666666665
paired_diff,S1,1,nearest,median_wait_vulnerable,-55.05076973109356,-55.32589196687879,-54.778148417311364,9.47703017999183,64.5277999110854
paired_diff,S1,1,nearest,unserved_frac_vulnerable,-0.8764932534927032,-0.8813936346473641,-0.8712173430463561,0.06734140187478953,0.9438346553674923
paired_diff,S1,1,nearest,fully_staffed_frac_vulnerable,0.8696185755403595,0.8641379499014206,0.8748379035164837,0.9197716134541629,0.050153037913803405
paired_diff,S1,1,nearest,wait_gap_vulnerable,-31.14033285213595,-31.845566776460448,-30.451768969935188,-32.84308729249003,-1.702754440354088
paired_diff,S1,1,nearest,median_wait_severe,-54.75232749347662,-55.07987402510023,-54.40600170634312,10.738437591859114,65.49076508533575
paired_diff,S1,1,nearest,unserved_frac_severe,-0.8672632466513126,-0.8734848107820143,-0.8609416917672409,0.0710096686756947,0.9382729153270081
paired_diff,S1,1,nearest,fully_staffed_frac_severe,0.8633306460111472,0.8569415068637363,0.8697968450233204,0.9198035496271405,0.05647290361599223
paired_diff,S1,1,nearest,wait_gap_severe,-22.29992593866176,-23.045902513217513,-21.604095363004305,-22.649282660591876,-0.3493567219301028
paired_diff,S1,1,nearest,invalid_claim_frac,-0.9216460321965273,-0.9232428490909375,-0.9200474264913595,0,0.9216460321965273
paired_diff,S1,1,nearest,gini,-0.4611955837861087,-0.4630319625720861,-0.45947326996941823,0.49465348841896173,0.95584907220507
paired_diff,S1,1,nearest,mean_commute_min,12.65933060526706,12.356623254176442,12.977302128721268,18.07496871788701,5.4156381126199635
paired_diff,S1,1,nearest,median_wait_nonvulnerable,-23.910436878957615,-24.570910822993017,-23.2238900110817,42.320117472481854,66.23055435143951
paired_diff,S1,1,nearest,unserved_frac_nonvulnerable,-0.5580337441121881,-0.5611636359030074,-0.5548004526438622,0.38029450253032054,0.9383282466425087
paired_diff,S1,1,nearest,fully_staffed_frac_all,0.6305166666666665,0.6284999999999997,0.6325166666666655,0.6839500000000002,0.05343333333333336
ablation_diff,S1,1,care_score_uncoordinated_minus_latest,median_wait_vulnerable,16.139557898873463,13.182016539571164,19.162506156442213,62.31016491380235,46.170607014928876
ablation_diff,S1,1,care_score_uncoordinated_minus_latest,unserved_frac_vulnerable,0.26512484714516094,0.25614713994054283,0.27408116146603995,0.8075620388046312,0.5424371916594707
ablation_diff,S1,1,care_score_uncoordinated_minus_latest,fully_staffed_frac_vulnerable,-0.15939790135325793,-0.16702340370992425,-0.15122675948355616,0.16937401227224202,0.32877191362549973
ablation_diff,S1,1,care_score_uncoordinated_minus_latest,wait_gap_vulnerable,14.921659669008232,11.966993956271393,17.913367211677112,-4.293859336158622,-19.215519005166833
ablation_diff,S1,1,care_score_uncoordinated_minus_latest,median_wait_severe,7.950110052149416,5.78088334581811,10.28970843817371,63.678084275241645,55.72797422309222
ablation_diff,S1,1,care_score_uncoordinated_minus_latest,unserved_frac_severe,0.2208147093240864,0.20989036999995797,0.23146659814142367,0.812080275674432,0.5912655663503463
ablation_diff,S1,1,care_score_uncoordinated_minus_latest,fully_staffed_frac_severe,-0.120266587320305,-0.13065022261621267,-0.10978911816760493,0.16428335448527817,0.284549941805583
ablation_diff,S1,1,care_score_uncoordinated_minus_latest,wait_gap_severe,6.526556409620864,4.364111073211233,8.842002383427294,-2.3438469516399967,-8.870403361260864
ablation_diff,S1,1,care_score_uncoordinated_minus_latest,invalid_claim_frac,0.3382090926460194,0.33415422029841785,0.34216803269041907,0.9121810260887887,0.5739719334427692
ablation_diff,S1,1,care_score_uncoordinated_minus_latest,gini,0.2436677820192879,0.24106585584874451,0.24630749858021025,0.9513752947626412,0.707707512743353
ablation_diff,S1,1,care_score_uncoordinated_minus_latest,mean_commute_min,0.02586279035545415,-0.26903110034640537,0.32725237545268193,19.923575291013723,19.897712500658244
ablation_diff,S1,1,care_score_uncoordinated_minus_latest,median_wait_nonvulnerable,1.2178982298652266,1.091189305059901,1.3535202236873038,66.60402424996096,65.38612602009574
ablation_diff,S1,1,care_score_uncoordinated_minus_latest,unserved_frac_nonvulnerable,0.35600618184010374,0.3520902914335873,0.3601123601684632,0.9803982098969254,0.6243920280568237
ablation_diff,S1,1,care_score_uncoordinated_minus_latest,fully_staffed_frac_all,-0.21778333333333316,-0.22074999999999997,-0.21484999999999996,0.056783333333333366,0.2745666666666665
ablation_diff,S1,1,care_score_uncoordinated_minus_nearest,median_wait_vulnerable,-2.217634997283063,-2.3686687404310405,-2.077404211123691,62.31016491380235,64.5277999110854
ablation_diff,S1,1,care_score_uncoordinated_minus_nearest,unserved_frac_vulnerable,-0.13627261656286108,-0.14123981112455306,-0.13124407891947507,0.8075620388046312,0.9438346553674923
ablation_diff,S1,1,care_score_uncoordinated_minus_nearest,fully_staffed_frac_vulnerable,0.11922097435843865,0.11417774485752614,0.12407384040994335,0.16937401227224202,0.050153037913803405
ablation_diff,S1,1,care_score_uncoordinated_minus_nearest,wait_gap_vulnerable,-2.59110489580453,-2.7507313293450775,-2.432360901072759,-4.293859336158622,-1.702754440354088
ablation_diff,S1,1,care_score_uncoordinated_minus_nearest,median_wait_severe,-1.8126808100940783,-2.016094942478242,-1.6240973287065912,63.678084275241645,65.49076508533575
ablation_diff,S1,1,care_score_uncoordinated_minus_nearest,unserved_frac_severe,-0.12619263965257535,-0.13337938169378336,-0.11863446697353194,0.812080275674432,0.9382729153270081
ablation_diff,S1,1,care_score_uncoordinated_minus_nearest,fully_staffed_frac_severe,0.10781045086928585,0.10084206634206616,0.11465128407444797,0.16428335448527817,0.05647290361599223
ablation_diff,S1,1,care_score_uncoordinated_minus_nearest,wait_gap_severe,-1.9944902297098968,-2.208554389740749,-1.7932283259928143,-2.3438469516399967,-0.3493567219301028
ablation_diff,S1,1,care_score_uncoordinated_minus_nearest,invalid_claim_frac,-0.009465006107737895,-0.011578289509084051,-0.007337229669257156,0.9121810260887887,0.9216460321965273
ablation_diff,S1,1,care_score_uncoordinated_minus_nearest,gini,-0.004473777442429989,-0.005465770248049054,-0.0033861275236562135,0.9513752947626412,0.95584907220507
ablation_diff,S1,1,care_score_uncoordinated_minus_nearest,mean_commute_min,14.507937178393737,14.083311393748726,14.93760805553851,19.923575291013723,5.4156381126199635
ablation_diff,S1,1,care_score_uncoordinated_minus_nearest,median_wait_nonvulnerable,0.3734698985214695,0.3415889047133414,0.40467822763434597,66.60402424996096,66.23055435143951
ablation_diff,S1,1,care_score_uncoordinated_minus_nearest,unserved_frac_nonvulnerable,0.04206996325441924,0.04014276271959797,0.04412014926356197,0.9803982098969254,0.9383282466425087
ablation_diff,S1,1,care_score_uncoordinated_minus_nearest,fully_staffed_frac_all,0.003350000000000002,0.0021500000000000017,0.004583333333333334,0.056783333333333366,0.05343333333333336
summary,S1,5,latest,median_wait_vulnerable,38.45346480269303,35.04040580048652,41.9285417400828,,
summary,S1,5,latest,unserved_frac_vulnerable,0.5229300385352904,0.514941512420282,0.5307336386957923,,
summary,S1,5,latest,fully_staffed_frac_vulnerable,0.3590592445557993,0.3516618759323405,0.36611315038200665,,
summary,S1,5,latest,wait_gap_vulnerable,-26.707684573193227,-30.24314030362477,-23.2194184819348,,
summary,S1,5,latest,median_wait_severe,52.8661681088013,50.155118537984706,55.396857869268146,,
summary,S1,5,latest,unserved_frac_severe,0.5754203569795838,0.5662862294879591,0.5847884617249594,,
summary,S1,5,latest,fully_staffed_frac_severe,0.31075173146257146,0.3011936050237198,0.3198230497960988,,
summary,S1,5,latest,wait_gap_severe,-11.345032191882519,-14.114066138861745,-8.727558149828235,,
summary,S1,5,latest,invalid_claim_frac,0.5400086883515285,0.535733174801298,0.5443733443260705,,
summary,S1,5,latest,gini,0.6997826232058492,0.6972349353068078,0.7024227141368815,,
summary,S1,5,latest,mean_commute_min,19.88576375399553,19.520881313418162,20.23004160406953,,
summary,S1,5,latest,median_wait_nonvulnerable,65.1611493758863,64.65746897368135,65.51039475477006,,
summary,S1,5,latest,unserved_frac_nonvulnerable,0.6103250174526006,0.6061621046156702,0.6144658703988658,,
summary,S1,5,latest,fully_staffed_frac_all,0.29926666666666646,0.296033333333333,0.3026166666666667,,
summary,S1,5,nearest,median_wait_vulnerable,64.2589480337543,64.08860457162076,64.41536444232547,,
summary,S1,5,nearest,unserved_frac_vulnerable,0.9195512581399116,0.9158674541166577,0.9230981139329223,,
summary,S1,5,nearest,fully_staffed_frac_vulnerable,0.07504466290393232,0.07149184083704174,0.07867555321560347,,
summary,S1,5,nearest,wait_gap_vulnerable,-1.7632710195783192,-1.948847276642659,-1.583233903283728,,
summary,S1,5,nearest,median_wait_severe,65.24809554935013,65.05660077562189,65.44251319452314,,
summary,S1,5,nearest,unserved_frac_severe,0.9154354624934977,0.9103152282423662,0.9203952843267817,,
summary,S1,5,nearest,fully_staffed_frac_severe,0.07946638565382734,0.07465851743090994,0.08436010109116619,,
summary,S1,5,nearest,wait_gap_severe,-0.3672807063751229,-0.5736306162578162,-0.14628512377729513,,
summary,S1,5,nearest,invalid_claim_frac,0.8857445826320676,0.8839726103336689,0.8875944608829406,,
summary,S1,5,nearest,gini,0.9387439445638944,0.9377798448044564,0.9396400476567701,,
summary,S1,5,nearest,mean_commute_min,5.920210357896986,5.547699781629527,6.3023963264576235,,
summary,S1,5,nearest,median_wait_nonvulnerable,66.0222190533326,65.93892173494794,66.10319144385538,,
summary,S1,5,nearest,unserved_frac_nonvulnerable,0.914291053226314,0.9123622083677033,0.9161285140030508,,
summary,S1,5,nearest,fully_staffed_frac_all,0.07829999999999994,0.07718333333333324,0.07951666666666662,,
summary,S1,5,attention,median_wait_vulnerable,22.63585932874104,21.910626555656076,23.36209103258807,,
summary,S1,5,attention,unserved_frac_vulnerable,0.2797047500258218,0.273308479755791,0.2858160361352752,,
summary,S1,5,attention,fully_staffed_frac_vulnerable,0.49207258129193815,0.48501463041646997,0.4988805828313541,,
summary,S1,5,attention,wait_gap_vulnerable,10.635541928728218,9.86153522315983,11.405361814036153,,
summary,S1,5,attention,median_wait_severe,14.8054888123178,14.329214260235451,15.300859384222045,,
summary,S1,5,attention,unserved_frac_severe,0.18444388359979788,0.17681616110821635,0.19203910048152284,,
summary,S1,5,attention,fully_staffed_frac_severe,0.6198730531596461,0.6106384284861783,0.6293778851142657,,
summary,S1,5,attention,wait_gap_severe,0.9880053646304409,0.45748816071675114,1.5108505975643185,,
summary,S1,5,attention,invalid_claim_frac,0.030826399589114366,0.029580696344113058,0.032195800257191265,,
summary,S1,5,attention,gini,0.402501517195892,0.40050200421875115,0.4043913620639596,,
summary,S1,5,attention,mean_commute_min,19.832812808594127,19.48515277296066,20.157414103069073,,
summary,S1,5,attention,median_wait_nonvulnerable,12.000317400012808,11.820693822967867,12.180200594804994,,
summary,S1,5,attention,unserved_frac_nonvulnerable,0.1359692758139422,0.13319460424081395,0.1385876556483633,,
summary,S1,5,attention,fully_staffed_frac_all,0.6324166666666664,0.6302499999999996,0.6343999999999999,,
summary,S1,5,random,median_wait_vulnerable,12.203641660574428,11.940910153208515,12.475116004901201,,
summary,S1,5,random,unserved_frac_vulnerable,0.10644494030214485,0.10204857529135435,0.11101537643714063,,
summary,S1,5,random,fully_staffed_frac_vulnerable,0.6166720970840976,0.6099386997348214,0.6236290551229012,,
summary,S1,5,random,wait_gap_vulnerable,0.2124892992628021,-0.1018818920519113,0.5360616229760814,,
summary,S1,5,random,median_wait_severe,12.317085694232972,11.98008761383281,12.691682369572755,,
summary,S1,5,random,unserved_frac_severe,0.09961281688694819,0.09414470281233575,0.10524400690630685,,
summary,S1,5,random,fully_staffed_frac_severe,0.6302158170959742,0.6210441210629609,0.6394164253470802,,
summary,S1,5,random,wait_gap_severe,0.3372632209227971,-0.028700983873046867,0.7403574822606303,,
summary,S1,5,random,invalid_claim_frac,0.0009593170338550983,0.0007465367974834142,0.001180152919142701,,
summary,S1,5,random,gini,0.32442141069108005,0.3223820823988707,0.32638094171049137,,
summary,S1,5,random,mean_commute_min,19.858720501048737,19.514778586412408,20.192009692973706,,
summary,S1,5,random,median_wait_nonvulnerable,11.991152361311617,11.829823219353397,12.154698981366803,,
summary,S1,5,random,unserved_frac_nonvulnerable,0.0945476939913499,0.09211042951523765,0.09694198365739637,,
summary,S1,5,random,fully_staffed_frac_all,0.6307500000000001,0.6281833333333333,0.6333166666666665,,
summary,S1,5,care_score,median_wait_vulnerable,9.47703017999183,9.21841730777094,9.73970375849466,,
summary,S1,5,care_score,unserved_frac_vulnerable,0.06734140187478953,0.06328618755749289,0.07155156734800865,,
summary,S1,5,care_score,fully_staffed_frac_vulnerable,0.9197716134541629,0.9152387872826404,0.9241621037485857,,
summary,S1,5,care_score,wait_gap_vulnerable,-32.84308729249003,-33.54348990186472,-32.15145965469066,,
summary,S1,5,care_score,median_wait_severe,10.738437591859114,10.422564695745692,11.070956167701597,,
summary,S1,5,care_score,unserved_frac_severe,0.0710096686756947,0.0662109589043669,0.07575009497850103,,
summary,S1,5,care_score,fully_staffed_frac_severe,0.9198035496271405,0.914664904750245,0.9250961392151711,,
summary,S1,5,care_score,wait_gap_severe,-22.649282660591876,-23.39085469030524,-21.924428623819384,,
summary,S1,5,care_score,invalid_claim_frac,0,0,0,,
summary,S1,5,care_score,gini,0.49465348841896173,0.4929794372969884,0.49628099074122994,,
summary,S1,5,care_score,mean_commute_min,18.07496871788701,17.72944194081924,18.41116246046295,,
summary,S1,5,care_score,median_wait_nonvulnerable,42.320117472481854,41.65547299962203,42.996616119637025,,
summary,S1,5,care_score,unserved_frac_nonvulnerable,0.38029450253032054,0.37741673312587537,0.38320292108115966,,
summary,S1,5,care_score,fully_staffed_frac_all,0.6839500000000002,0.6820999999999998,0.6858000000000004,,
summary,S1,5,coordinated_latest,median_wait_vulnerable,10.309272642980682,9.272953230651005,11.325978350470695,,
summary,S1,5,coordinated_latest,unserved_frac_vulnerable,0.2339941178607166,0.2284951521889812,0.2396463447060895,,
summary,S1,5,coordinated_latest,fully_staffed_frac_vulnerable,0.7478624871966739,0.7419117701333632,0.7539296217772539,,
summary,S1,5,coordinated_latest,wait_gap_vulnerable,-14.394782055656433,-15.753843855963842,-13.001976604966227,,
summary,S1,5,coordinated_latest,median_wait_severe,20.086726806078705,18.525801165811398,21.764328018371238,,
summary,S1,5,coordinated_latest,unserved_frac_severe,0.27484514310103736,0.2661764426519722,0.28346571667234305,,
summary,S1,5,coordinated_latest,fully_staffed_frac_severe,0.7035634545239441,0.6949980564877204,0.7123674366545794,,
summary,S1,5,coordinated_latest,wait_gap_severe,-0.9406262572815155,-2.7295743043743093,0.8835165446722675,,
summary,S1,5,coordinated_latest,invalid_claim_frac,0,0,0,,
summary,S1,5,coordinated_latest,gini,0.4909526049641199,0.4891236395398252,0.49280771187588085,,
summary,S1,5,coordinated_latest,mean_commute_min,19.846496811223016,19.495167879820567,20.182884027413184,,
summary,S1,5,coordinated_latest,median_wait_nonvulnerable,24.704054698637105,24.045861951517757,25.404302225086074,,
summary,S1,5,coordinated_latest,unserved_frac_nonvulnerable,0.3037853679113666,0.3008527092479474,0.30684611384360927,,
summary,S1,5,coordinated_latest,fully_staffed_frac_all,0.6942166666666665,0.6922666666666669,0.6962166666666663,,
summary,S1,5,coordinated_nearest,median_wait_vulnerable,27.239020967722375,26.425276914127267,28.07528699820342,,
summary,S1,5,coordinated_nearest,unserved_frac_vulnerable,0.3017685137381923,0.29558739147666435,0.3080226207461095,,
summary,S1,5,coordinated_nearest,fully_staffed_frac_vulnerable,0.6954174668893667,0.6891500399241681,0.701527362890679,,
summary,S1,5,coordinated_nearest,wait_gap_vulnerable,-0.5229613226018873,-1.5756788944844766,0.5368148576959426,,
summary,S1,5,coordinated_nearest,median_wait_severe,29.266264376740693,28.13159685102157,30.448358790061786,,
summary,S1,5,coordinated_nearest,unserved_frac_severe,0.30970460034547365,0.30176267345646307,0.3172988235620135,,
summary,S1,5,coordinated_nearest,fully_staffed_frac_severe,0.6872594680533859,0.6797855276817958,0.6951382928748359,,
summary,S1,5,coordinated_nearest,wait_gap_severe,2.1690521651208687,0.8870737577056288,3.486642642246723,,
summary,S1,5,coordinated_nearest,invalid_claim_frac,0,0,0,,
summary,S1,5,coordinated_nearest,gini,0.4992687207456972,0.4976788966372619,0.5008715055777501,,
summary,S1,5,coordinated_nearest,mean_commute_min,15.778168716816435,15.397698588998066,16.134674896745956,,
summary,S1,5,coordinated_nearest,median_wait_nonvulnerable,27.76198229032427,27.278994833663123,28.295475091152717,,
summary,S1,5,coordinated_nearest,unserved_frac_nonvulnerable,0.30149708082587695,0.2982957480616603,0.30471573736941315,,
summary,S1,5,coordinated_nearest,fully_staffed_frac_all,0.69565,0.6937500000000006,0.6976999999999999,,
summary,S1,5,care_score_uncoordinated,median_wait_vulnerable,60.668848674872464,60.41948936018746,60.90695936397191,,
summary,S1,5,care_score_uncoordinated,unserved_frac_vulnerable,0.7352529118941953,0.73041925836913,0.7400585150740568,,
summary,S1,5,care_score_uncoordinated,fully_staffed_frac_vulnerable,0.239858757001129,0.23536157759971568,0.24433899651785698,,
summary,S1,5,care_score_uncoordinated,wait_gap_vulnerable,-5.813687263339145,-6.059185360504689,-5.573852925285108,,
summary,S1,5,care_score_uncoordinated,median_wait_severe,62.32482848512956,61.986547009861546,62.62206640061437,,
summary,S1,5,care_score_uncoordinated,unserved_frac_severe,0.7455353497618181,0.7378808153144135,0.7529014369151538,,
summary,S1,5,care_score_uncoordinated,fully_staffed_frac_severe,0.23066441003782548,0.2234200189102929,0.23777296644970672,,
summary,S1,5,care_score_uncoordinated,wait_gap_severe,-3.4856816071819376,-3.8448535336692538,-3.167432123071986,,
summary,S1,5,care_score_uncoordinated,invalid_claim_frac,0.8706429900282835,0.8684938805328013,0.872813170973749,,
summary,S1,5,care_score_uncoordinated,gini,0.9305935544915045,0.9296107081796293,0.931581800681779,,
summary,S1,5,care_score_uncoordinated,mean_commute_min,19.907580968815363,19.51940567494896,20.30563184998771,,
summary,S1,5,care_score_uncoordinated,median_wait_nonvulnerable,66.48253593821157,66.41150231252004,66.55286857366218,,
summary,S1,5,care_score_uncoordinated,unserved_frac_nonvulnerable,0.9676976384949803,0.9660605860250945,0.9693214483948295,,
summary,S1,5,care_score_uncoordinated,fully_staffed_frac_all,0.08434999999999994,0.08324999999999999,0.0854666666666666,,
summary,S1,5,care_score_full_compliance,median_wait_vulnerable,7.69904212543596,7.473464654960955,7.9301089091459165,,
summary,S1,5,care_score_full_compliance,unserved_frac_vulnerable,0.038442858685348955,0.03562959587961274,0.04139235019482078,,
summary,S1,5,care_score_full_compliance,fully_staffed_frac_vulnerable,0.9558697061533644,0.9528141106454296,0.9588939275399702,,
summary,S1,5,care_score_full_compliance,wait_gap_vulnerable,-38.50490587049172,-39.106883412754094,-37.898428511026346,,
summary,S1,5,care_score_full_compliance,median_wait_severe,9.046596346422591,8.767491229020813,9.330863709483648,,
summary,S1,5,care_score_full_compliance,unserved_frac_severe,0.046552323014609764,0.042207182925908186,0.05085045473841642,,
summary,S1,5,care_score_full_compliance,fully_staffed_frac_severe,0.9449148639541659,0.9400344764669795,0.9496527897211384,,
summary,S1,5,care_score_full_compliance,wait_gap_severe,-24.935834258647642,-25.755390893239078,-24.14875064247595,,
summary,S1,5,care_score_full_compliance,invalid_claim_frac,0,0,0,,
summary,S1,5,care_score_full_compliance,gini,0.49343172002857716,0.4917299272166252,0.49521397209005724,,
summary,S1,5,care_score_full_compliance,mean_commute_min,19.860203572050168,19.50544450590288,20.201900292867265,,
summary,S1,5,care_score_full_compliance,median_wait_nonvulnerable,46.203947995927635,45.62973629315009,46.8061111029715,,
summary,S1,5,care_score_full_compliance,unserved_frac_nonvulnerable,0.3898051128319468,0.3864580290040282,0.3930997910049839,,
summary,S1,5,care_score_full_compliance,fully_staffed_frac_all,0.679416666666667,0.677283333333333,0.6815166666666664,,
paired_diff,S1,5,coordinated_latest,median_wait_vulnerable,-0.8322424629888447,-1.841087752001667,0.16167690287375597,9.47703017999183,10.309272642980682
paired_diff,S1,5,coordinated_latest,unserved_frac_vulnerable,-0.16665271598592696,-0.1735722406943426,-0.15952026412748926,0.06734140187478953,0.2339941178607166
paired_diff,S1,5,coordinated_latest,fully_staffed_frac_vulnerable,0.17190912625749008,0.16430641852939337,0.17960040112501224,0.9197716134541629,0.7478624871966739
paired_diff,S1,5,coordinated_latest,wait_gap_vulnerable,-18.448305236833598,-19.935059025096123,-16.928850194504662,-32.84308729249003,-14.394782055656433
paired_diff,S1,5,coordinated_latest,median_wait_severe,-9.348289214219582,-10.95936916605477,-7.7581156556568995,10.738437591859114,20.086726806078705
paired_diff,S1,5,coordinated_latest,unserved_frac_severe,-0.20383547442534267,-0.2138660563819747,-0.1942981969899755,0.0710096686756947,0.27484514310103736
paired_diff,S1,5,coordinated_latest,fully_staffed_frac_severe,0.21624009510319595,0.20654312451958914,0.22671659070164926,0.9198035496271405,0.7035634545239441
paired_diff,S1,5,coordinated_latest,wait_gap_severe,-21.708656403310354,-23.663789364126483,-19.779418674411517,-22.649282660591876,-0.9406262572815155
paired_diff,S1,5,coordinated_latest,invalid_claim_frac,0,0,0,0,0
paired_diff,S1,5,coordinated_latest,gini,0.0037008834548417926,0.0017891716741137728,0.0056361935021762765,0.49465348841896173,0.4909526049641199
paired_diff,S1,5,coordinated_latest,mean_commute_min,-1.7715280933359987,-1.849708442967181,-1.698253271327233,18.07496871788701,19.846496811223016
paired_diff,S1,5,coordinated_latest,median_wait_nonvulnerable,17.61606277384475,16.732911393287697,18.460186057689363,42.320117472481854,24.704054698637105
paired_diff,S1,5,coordinated_latest,unserved_frac_nonvulnerable,0.07650913461895358,0.07268140989678767,0.08043682009085637,0.38029450253032054,0.3037853679113666
paired_diff,S1,5,coordinated_latest,fully_staffed_frac_all,-0.010266666666666646,-0.012849999999999983,-0.007766666666666657,0.6839500000000002,0.6942166666666665
paired_diff,S1,5,random,median_wait_vulnerable,-2.7266114805825854,-3.093504936264244,-2.3475722000248775,9.47703017999183,12.203641660574428
paired_diff,S1,5,random,unserved_frac_vulnerable,-0.039103538427355235,-0.04513184605973359,-0.032811939173361726,0.06734140187478953,0.10644494030214485
paired_diff,S1,5,random,fully_staffed_frac_vulnerable,0.3030995163700648,0.2951240912286016,0.3111841130304803,0.9197716134541629,0.6166720970840976
paired_diff,S1,5,random,wait_gap_vulnerable,-33.05557659175286,-33.79954035975903,-32.317393170926124,-32.84308729249003,0.2124892992628021
paired_diff,S1,5,random,median_wait_severe,-1.5786481023738648,-2.0362609222182764,-1.1398606746852742,10.738437591859114,12.317085694232972
paired_diff,S1,5,random,unserved_frac_severe,-0.028603148211253468,-0.03578875677145481,-0.021263970813236388,0.0710096686756947,0.09961281688694819
paired_diff,S1,5,random,fully_staffed_frac_severe,0.28958773253116527,0.2792766021802866,0.2994666540037119,0.9198035496271405,0.6302158170959742
paired_diff,S1,5,random,wait_gap_severe,-22.98654588151467,-23.806899792590247,-22.188066807011662,-22.649282660591876,0.3372632209227971
paired_diff,S1,5,random,invalid_claim_frac,-0.0009593170338550983,-0.001180152919142701,-0.0007465367974834142,0,0.0009593170338550983
paired_diff,S1,5,random,gini,0.17023207772788193,0.16791657975880658,0.172727983815343,0.49465348841896173,0.32442141069108005
paired_diff,S1,5,random,mean_commute_min,-1.7837517831617404,-1.8498855146188444,-1.7158725015350236,18.07496871788701,19.858720501048737
paired_diff,S1,5,random,median_wait_nonvulnerable,30.328965111170266,29.652744261296974,31.02620803063251,42.320117472481854,11.991152361311617
paired_diff,S1,5,random,unserved_frac_nonvulnerable,0.28574680853897033,0.2819943477826232,0.2894735090263127,0.38029450253032054,0.0945476939913499
paired_diff,S1,5,random,fully_staffed_frac_all,0.053200000000000004,0.050033333333333325,0.056399999999999985,0.6839500000000002,0.6307500000000001
paired_diff,S1,5,latest,median_wait_vulnerable,-28.976434622701213,-32.41529504135493,-25.505719967158793,9.47703017999183,38.45346480269303
paired_diff,S1,5,latest,unserved_frac_vulnerable,-0.455588636660501,-0.464953762243553,-0.44694787674834163,0.06734140187478953,0.5229300385352904
paired_diff,S1,5,latest,fully_staffed_frac_vulnerable,0.5607123688983645,0.5520505921034695,0.5698842938796804,0.9197716134541629,0.3590592445557993
paired_diff,S1,5,latest,wait_gap_vulnerable,-6.135402719296813,-9.621388801671811,-2.4186045245428645,-32.84308729249003,-26.707684573193227
paired_diff,S1,5,latest,median_wait_severe,-42.12773051694217,-44.62441709778165,-39.47010743361231,10.738437591859114,52.8661681088013
paired_diff,S1,5,latest,unserved_frac_severe,-0.5044106883038897,-0.5148261959952929,-0.4944479810146761,0.0710096686756947,0.5754203569795838
paired_diff,S1,5,latest,fully_staffed_frac_severe,0.6090518181645682,0.5996405266346714,0.6190726466690599,0.9198035496271405,0.31075173146257146
paired_diff,S1,5,latest,wait_gap_severe,-11.304250468709363,-14.008701733489188,-8.566391799155486,-22.649282660591876,-11.345032191882519
paired_diff,S1,5,latest,invalid_claim_frac,-0.5400086883515285,-0.5443733443260705,-0.535733174801298,0,0.5400086883515285
paired_diff,S1,5,latest,gini,-0.20512913478688724,-0.20827722003150023,-0.2021150418338726,0.49465348841896173,0.6997826232058492
paired_diff,S1,5,latest,mean_commute_min,-1.8107950361085423,-1.922552034949572,-1.703182087654207,18.07496871788701,19.88576375399553
paired_diff,S1,5,latest,median_wait_nonvulnerable,-22.84103190340438,-23.62221623410893,-22.064553696115578,42.320117472481854,65.1611493758863
paired_diff,S1,5,latest,unserved_frac_nonvulnerable,-0.23003051492228002,-0.2349839395110385,-0.22517684570337007,0.38029450253032054,0.6103250174526006
paired_diff,S1,5,latest,fully_staffed_frac_all,0.3846833333333336,0.3809500000000004,0.3883666666666668,0.6839500000000002,0.29926666666666646
paired_diff,S1,5,nearest,median_wait_vulnerable,-54.78191785376246,-55.049324995950506,-54.51420986173306,9.47703017999183,64.2589480337543
paired_diff,S1,5,nearest,unserved_frac_vulnerable,-0.8522098562651222,-0.8573508126746634,-0.8464578491340908,0.06734140187478953,0.9195512581399116
paired_diff,S1,5,nearest,fully_staffed_frac_vulnerable,0.8447269505502305,0.8386857005344766,0.8503033882398672,0.9197716134541629,0.07504466290393232
paired_diff,S1,5,nearest,wait_gap_vulnerable,-31.07981627291173,-31.778543211130096,-30.387829333837114,-32.84308729249003,-1.7632710195783192
paired_diff,S1,5,nearest,median_wait_severe,-54.50965795749093,-54.83373494835387,-54.16771498273895,10.738437591859114,65.24809554935013
paired_diff,S1,5,nearest,unserved_frac_severe,-0.8444257938178028,-0.8510511598963716,-0.8376292601322115,0.0710096686756947,0.9154354624934977
paired_diff,S1,5,nearest,fully_staffed_frac_severe,0.8403371639733124,0.8335487569542737,0.8469262254628342,0.9198035496271405,0.07946638565382734
paired_diff,S1,5,nearest,wait_gap_severe,-22.282001954216764,-23.02666731206583,-21.585271517032194,-22.649282660591876,-0.3672807063751229
paired_diff,S1,5,nearest,invalid_claim_frac,-0.8857445826320676,-0.8875944608829406,-0.8839726103336689,0,0.8857445826320676
paired_diff,S1,5,nearest,gini,-0.44409045614493325,-0.4459173812600788,-0.4423487980666724,0.49465348841896173,0.9387439445638944
paired_diff,S1,5,nearest,mean_commute_min,12.154758359990034,11.854732308345262,12.464810311767243,18.07496871788701,5.920210357896986
paired_diff,S1,5,nearest,median_wait_nonvulnerable,-23.702101580850712,-24.359624672031746,-23.014639015406797,42.320117472481854,66.0222190533326
paired_diff,S1,5,nearest,unserved_frac_nonvulnerable,-0.5339965506959939,-0.5372053938546312,-0.5307964026341656,0.38029450253032054,0.914291053226314
paired_diff,S1,5,nearest,fully_staffed_frac_all,0.6056499999999998,0.6034500000000004,0.6078000000000005,0.6839500000000002,0.07829999999999994
ablation_diff,S1,5,care_score_uncoordinated_minus_latest,median_wait_vulnerable,22.2153838721794,18.90751436503071,25.54599985021277,60.668848674872464,38.45346480269303
ablation_diff,S1,5,care_score_uncoordinated_minus_latest,unserved_frac_vulnerable,0.21232287335890507,0.2035589310885478,0.22053512231396324,0.7352529118941953,0.5229300385352904
ablation_diff,S1,5,care_score_uncoordinated_minus_latest,fully_staffed_frac_vulnerable,-0.11920048755467076,-0.12679850345475674,-0.11073544746570141,0.239858757001129,0.3590592445557993
ablation_diff,S1,5,care_score_uncoordinated_minus_latest,wait_gap_vulnerable,20.893997309854097,17.50199064207763,24.372551324204373,-5.813687263339145,-26.707684573193227
ablation_diff,S1,5,care_score_uncoordinated_minus_latest,median_wait_severe,9.458660376328305,6.960713460611006,12.074671326675233,62.32482848512956,52.8661681088013
ablation_diff,S1,5,care_score_uncoordinated_minus_latest,unserved_frac_severe,0.1701149927822344,0.15906936513743464,0.1812826306119906,0.7455353497618181,0.5754203569795838
ablation_diff,S1,5,care_score_uncoordinated_minus_latest,fully_staffed_frac_severe,-0.08008732142474624,-0.09107099800984635,-0.06870904189382758,0.23066441003782548,0.31075173146257146
ablation_diff,S1,5,care_score_uncoordinated_minus_latest,wait_gap_severe,7.859350584700567,5.36318849186991,10.544705352903751,-3.4856816071819376,-11.345032191882519
ablation_diff,S1,5,care_score_uncoordinated_minus_latest,invalid_claim_frac,0.33063430167675517,0.32614383323907037,0.3353325793718995,0.8706429900282835,0.5400086883515285
ablation_diff,S1,5,care_score_uncoordinated_minus_latest,gini,0.23081093128565566,0.22805165707388692,0.23331830384248098,0.9305935544915045,0.6997826232058492
ablation_diff,S1,5,care_score_uncoordinated_minus_latest,mean_commute_min,0.021817214819823523,-0.22951866707902563,0.2871319496242333,19.907580968815363,19.88576375399553
ablation_diff,S1,5,care_score_uncoordinated_minus_latest,median_wait_nonvulnerable,1.3213865623253127,1.0127067419227265,1.7980694844083875,66.48253593821157,65.1611493758863
ablation_diff,S1,5,care_score_uncoordinated_minus_latest,unserved_frac_nonvulnerable,0.3573726210423808,0.3531614213960203,0.3616287862270656,0.9676976384949803,0.6103250174526006
ablation_diff,S1,5,care_score_uncoordinated_minus_latest,fully_staffed_frac_all,-0.2149166666666667,-0.21843333333333334,-0.21171666666666686,0.08434999999999994,0.29926666666666646
ablation_diff,S1,5,care_score_uncoordinated_minus_nearest,median_wait_vulnerable,-3.5900993588818375,-3.7858701269762833,-3.393822284796389,60.668848674872464,64.2589480337543
ablation_diff,S1,5,care_score_uncoordinated_minus_nearest,unserved_frac_vulnerable,-0.18429834624571656,-0.18964919687255233,-0.17851171658444046,0.7352529118941953,0.9195512581399116
ablation_diff,S1,5,care_score_uncoordinated_minus_nearest,fully_staffed_frac_vulnerable,0.1648140940971965,0.15931210477377417,0.16996522255491342,0.239858757001129,0.07504466290393232
ablation_diff,S1,5,care_score_uncoordinated_minus_nearest,wait_gap_vulnerable,-4.0504162437608295,-4.259847942322913,-3.845341345271885,-5.813687263339145,-1.7632710195783192
ablation_diff,S1,5,care_score_uncoordinated_minus_nearest,median_wait_severe,-2.923267064220437,-3.2243118949032383,-2.659848613832735,62.32482848512956,65.24809554935013
ablation_diff,S1,5,care_score_uncoordinated_minus_nearest,unserved_frac_severe,-0.16990011273167918,-0.1787226964828898,-0.1611751000432464,0.7455353497618181,0.9154354624934977
ablation_diff,S1,5,care_score_uncoordinated_minus_nearest,fully_staffed_frac_severe,0.15119802438399813,0.14297316643778407,0.15942253407577692,0.23066441003782548,0.07946638565382734
ablation_diff,S1,5,care_score_uncoordinated_minus_nearest,wait_gap_severe,-3.1184009008068148,-3.43965218796005,-2.837961680209162,-3.4856816071819376,-0.3672807063751229
ablation_diff,S1,5,care_score_uncoordinated_minus_nearest,invalid_claim_frac,-0.015101592603785064,-0.01781250716701595,-0.01241531898179758,0.8706429900282835,0.8857445826320676
ablation_diff,S1,5,care_score_uncoordinated_minus_nearest,gini,-0.008150390072390094,-0.009319608609459292,-0.006817225085174048,0.9305935544915045,0.9387439445638944
ablation_diff,S1,5,care_score_uncoordinated_minus_nearest,mean_commute_min,13.9873706109184,13.59533089288407,14.389365766356,19.907580968815363,5.920210357896986
ablation_diff,S1,5,care_score_uncoordinated_minus_nearest,median_wait_nonvulnerable,0.4603168848789907,0.4228014550555962,0.49744695236802833,66.48253593821157,66.0222190533326
ablation_diff,S1,5,care_score_uncoordinated_minus_nearest,unserved_frac_nonvulnerable,0.053406585268666484,0.05124268962168933,0.05574578357135608,0.9676976384949803,0.914291053226314
ablation_diff,S1,5,care_score_uncoordinated_minus_nearest,fully_staffed_frac_all,0.006049999999999994,0.004433333333333335,0.007549999999999994,0.08434999999999994,0.07829999999999994
summary,S4,0,latest,median_wait_vulnerable,2.9007790490932,1.6603747561596003,4.208821491795626,,
summary,S4,0,latest,unserved_frac_vulnerable,0.3819860752742835,0.37455821269855716,0.3894039657133535,,
summary,S4,0,latest,fully_staffed_frac_vulnerable,0.4941837973556314,0.4866101461505743,0.5014059883998458,,
summary,S4,0,latest,wait_gap_vulnerable,-2.9728303288046156,-5.462771500259545,-0.6434365075410227,,
summary,S4,0,latest,median_wait_severe,10.903311456371636,8.498578176314362,13.419408917548942,,
summary,S4,0,latest,unserved_frac_severe,0.4253051771931876,0.41624659891978877,0.4345504939623956,,
summary,S4,0,latest,fully_staffed_frac_severe,0.44415239947886015,0.43495271323117246,0.4537439434889647,,
summary,S4,0,latest,wait_gap_severe,8.604006747530024,5.871954167995079,11.40726745159719,,
summary,S4,0,latest,invalid_claim_frac,0.7688186908493626,0.7670212445355673,0.7707067276851135,,
summary,S4,0,latest,gini,0.5890848104114325,0.5860905111614924,0.5919974735482699,,
summary,S4,0,latest,mean_commute_min,19.87273688861959,19.509931542753574,20.211801671331013,,
summary,S4,0,latest,median_wait_nonvulnerable,5.87360937789781,4.000286879721332,7.8540516485762675,,
summary,S4,0,latest,unserved_frac_nonvulnerable,0.4459646937479563,0.4413292210167465,0.4503094027140165,,
summary,S4,0,latest,fully_staffed_frac_all,0.4361500000000002,0.4327166666666669,0.43966666666666643,,
summary,S4,0,nearest,median_wait_vulnerable,64.41491975270628,64.24610507884859,64.57574618302802,,
summary,S4,0,nearest,unserved_frac_vulnerable,0.9380910885841113,0.9347916695754149,0.9412892895301966,,
summary,S4,0,nearest,fully_staffed_frac_vulnerable,0.05455980307576511,0.05150244116400333,0.05761726011376411,,
summary,S4,0,nearest,wait_gap_vulnerable,-1.665430305158803,-1.848707736281289,-1.4830628073755399,,
summary,S4,0,nearest,median_wait_severe,65.34919572740812,65.17328913624941,65.53988384345139,,
summary,S4,0,nearest,unserved_frac_severe,0.9307461183666703,0.926022801868075,0.9353032844090567,,
summary,S4,0,nearest,fully_staffed_frac_severe,0.06239641887623231,0.05783235033233201,0.06703782857697897,,
summary,S4,0,nearest,wait_gap_severe,-0.3382699847697767,-0.5333435309063442,-0.12826832690762568,,
summary,S4,0,nearest,invalid_claim_frac,0.9692895453213922,0.9686544357051847,0.9699368117531816,,
summary,S4,0,nearest,gini,0.9503303422537596,0.9494466186524949,0.9512478765759058,,
summary,S4,0,nearest,mean_commute_min,5.894059751935789,5.52519806560949,6.281239252346057,,
summary,S4,0,nearest,median_wait_nonvulnerable,66.08035005786508,65.99745536071354,66.16222554060111,,
summary,S4,0,nearest,unserved_frac_nonvulnerable,0.9297081095943389,0.9279702030277974,0.9314040116246034,,
summary,S4,0,nearest,fully_staffed_frac_all,0.059350000000000014,0.05825000000000003,0.06039999999999998,,
summary,S4,0,attention,median_wait_vulnerable,9.54965688127832,9.285725961515139,9.827815264376275,,
summary,S4,0,attention,unserved_frac_vulnerable,0.18210090856384872,0.176135065914516,0.18809893299180483,,
summary,S4,0,attention,fully_staffed_frac_vulnerable,0.6170342004660984,0.6098029339365775,0.6243437348213887,,
summary,S4,0,attention,wait_gap_vulnerable,4.261828709531729,3.9786137682448808,4.545891291392611,,
summary,S4,0,attention,median_wait_severe,6.520274574162898,6.303305872252721,6.748535219176727,,
summary,S4,0,attention,unserved_frac_severe,0.11562504779245268,0.10921779396840416,0.12228784623585286,,
summary,S4,0,attention,fully_staffed_frac_severe,0.7350334469644524,0.7267098089360107,0.7430521709302912,,
summary,S4,0,attention,wait_gap_severe,0.4624611651765603,0.22535299669535983,0.7015321635604556,,
summary,S4,0,attention,invalid_claim_frac,0.606123102282701,0.6046078244012982,0.6076519694926934,,
summary,S4,0,attention,gini,0.35606564847380073,0.35409484630270704,0.3580551354497651,,
summary,S4,0,attention,mean_commute_min,19.840201879290042,19.496607468355762,20.16351294994953,,
summary,S4,0,attention,median_wait_nonvulnerable,5.287828171746588,5.198058640394516,5.3770418334267935,,
summary,S4,0,attention,unserved_frac_nonvulnerable,0.074900370517988,0.07257043163202886,0.07738272997677965,,
summary,S4,0,attention,fully_staffed_frac_all,0.7529833333333336,0.749816666666667,0.7563000000000004,,
summary,S4,0,random,median_wait_vulnerable,4.477501219978112,4.388806822951182,4.572405511101306,,
summary,S4,0,random,unserved_frac_vulnerable,0.003207681896172172,0.0024028983577946907,0.0040855030279362756,,
summary,S4,0,random,fully_staffed_frac_vulnerable,0.9524565118866472,0.9490978084898074,0.9558823632194503,,
summary,S4,0,random,wait_gap_vulnerable,-0.0541086237017691,-0.1536645287985464,0.054353536932595335,,
summary,S4,0,random,median_wait_severe,4.528922040742176,4.422542288702119,4.6432139390826155,,
summary,S4,0,random,unserved_frac_severe,0.0022506646977911346,0.0013472939277536981,0.003216352704858452,,
summary,S4,0,random,fully_staffed_frac_severe,0.9606818691716282,0.9567625058441149,0.9644527976162979,,
summary,S4,0,random,wait_gap_severe,0.01578253197454589,-0.09633322848263615,0.13252682709005784,,
summary,S4,0,random,invalid_claim_frac,0.5134823759126176,0.5128977764252374,0.514043179430903,,
summary,S4,0,random,gini,0.2814645450512293,0.2802419124215785,0.28272522923263116,,
summary,S4,0,random,mean_commute_min,19.832122029596476,19.493729732201746,20.157196634036602,,
summary,S4,0,random,median_wait_nonvulnerable,4.531609843679879,4.469237438541016,4.592645136367314,,
summary,S4,0,random,unserved_frac_nonvulnerable,0.0022501392071355535,0.0017929887056744656,0.0027414605679690405,,
summary,S4,0,random,fully_staffed_frac_all,0.9603333333333333,0.9589500000000005,0.9617999999999999,,
summary,S4,0,care_score,median_wait_vulnerable,1.1602669684361466,1.0881451901545578,1.2337073920004737,,
summary,S4,0,care_score,unserved_frac_vulnerable,0,0,0,,
summary,S4,0,care_score,fully_staffed_frac_vulnerable,1,1,1,,
summary,S4,0,care_score,wait_gap_vulnerable,-6.11342474560252,-6.226040088174339,-5.998019852957273,,
summary,S4,0,care_score,median_wait_severe,1.6724985029615034,1.5523484332427655,1.7984444475419676,,
summary,S4,0,care_score,unserved_frac_severe,0,0,0,,
summary,S4,0,care_score,fully_staffed_frac_severe,1,1,1,,
summary,S4,0,care_score,wait_gap_severe,-4.668415093772453,-4.819115281493916,-4.517640733153639,,
summary,S4,0,care_score,invalid_claim_frac,0,0,0,,
summary,S4,0,care_score,gini,0.28450407117898585,0.2832972690482125,0.2857979854906404,,
summary,S4,0,care_score,mean_commute_min,19.837053147716045,19.497173822968424,20.165424036350146,,
summary,S4,0,care_score,median_wait_nonvulnerable,7.273691714038656,7.163922689580558,7.380551903713178,,
summary,S4,0,care_score,unserved_frac_nonvulnerable,0,0,0,,
summary,S4,0,care_score,fully_staffed_frac_all,1,1,1,,
summary,S4,0,coordinated_latest,median_wait_vulnerable,0.5354203182007751,0.5102688361587737,0.5713873940067606,,
summary,S4,0,coordinated_latest,unserved_frac_vulnerable,0,0,0,,
summary,S4,0,coordinated_latest,fully_staffed_frac_vulnerable,1,1,1,,
summary,S4,0,coordinated_latest,wait_gap_vulnerable,-0.0715459563726486,-0.12924266460688705,-0.02158339503014695,,
summary,S4,0,coordinated_latest,median_wait_severe,0.8776765815115711,0.7290802580099417,1.0430261775918988,,
summary,S4,0,coordinated_latest,unserved_frac_severe,0,0,0,,
summary,S4,0,coordinated_latest,fully_staffed_frac_severe,1,1,1,,
summary,S4,0,coordinated_latest,wait_gap_severe,0.3303304609978391,0.18322797244806585,0.49410942895998744,,
summary,S4,0,coordinated_latest,invalid_claim_frac,0,0,0,,
summary,S4,0,coordinated_latest,gini,0.28450407117898585,0.2832972690482125,0.2857979854906404,,
summary,S4,0,coordinated_latest,mean_commute_min,19.83705314771604,19.497173822968428,20.165424036350146,,
summary,S4,0,coordinated_latest,median_wait_nonvulnerable,0.6069662745734238,0.5704056889679162,0.6582668579064164,,
summary,S4,0,coordinated_latest,unserved_frac_nonvulnerable,0,0,0,,
summary,S4,0,coordinated_latest,fully_staffed_frac_all,1,1,1,,
summary,S4,0,coordinated_nearest,median_wait_vulnerable,3.996010075655463,3.815995135648477,4.1914079673511635,,
summary,S4,0,coordinated_nearest,unserved_frac_vulnerable,0,0,0,,
summary,S4,0,coordinated_nearest,fully_staffed_frac_vulnerable,1,1,1,,
summary,S4,0,coordinated_nearest,wait_gap_vulnerable,-1.5013647265317398,-1.714425001326027,-1.2880155897461334,,
summary,S4,0,coordinated_nearest,median_wait_severe,4.892757728337134,4.654577621293589,5.123886761612278,,
summary,S4,0,coordinated_nearest,unserved_frac_severe,0,0,0,,
summary,S4,0,coordinated_nearest,fully_staffed_frac_severe,1,1,1,,
summary,S4,0,coordinated_nearest,wait_gap_severe,-0.24104753058804704,-0.4987320601039274,0.0012376985375159514,,
summary,S4,0,coordinated_nearest,invalid_claim_frac,0,0,0,,
summary,S4,0,coordinated_nearest,gini,0.28450407117898585,0.2832972690482125,0.2857979854906404,,
summary,S4,0,coordinated_nearest,mean_commute_min,19.837053147716038,19.497173822968435,20.165424036350153,,
summary,S4,0,coordinated_nearest,median_wait_nonvulnerable,5.497374802187202,5.361879816979673,5.630430686865398,,
summary,S4,0,coordinated_nearest,unserved_frac_nonvulnerable,0,0,0,,
summary,S4,0,coordinated_nearest,fully_staffed_frac_all,1,1,1,,
summary,S4,0,care_score_uncoordinated,median_wait_vulnerable,61.95274254233087,61.737794346214805,62.169725014187385,,
summary,S4,0,care_score_uncoordinated,unserved_frac_vulnerable,0.7962854672521966,0.7914679927449325,0.8010419901011849,,
summary,S4,0,care_score_uncoordinated,fully_staffed_frac_vulnerable,0.17827161922952278,0.17434318609501748,0.1822798304752798,,
summary,S4,0,care_score_uncoordinated,wait_gap_vulnerable,-4.559719901024918,-4.784819948620413,-4.347376314915019,,
summary,S4,0,care_score_uncoordinated,median_wait_severe,63.30516490101554,63.04306379755607,63.56323605364711,,
summary,S4,0,care_score_uncoordinated,unserved_frac_severe,0.7996649141418886,0.7929555698185256,0.8061065566375863,,
summary,S4,0,care_score_uncoordinated,fully_staffed_frac_severe,0.1760520768401044,0.16974119560585121,0.18228670014897305,,
summary,S4,0,care_score_uncoordinated,wait_gap_severe,-2.6058618248971617,-2.8832149382289347,-2.3271120287283527,,
summary,S4,0,care_score_uncoordinated,invalid_claim_frac,0.9662694223109825,0.9656169643021278,0.9669319856926125,,
summary,S4,0,care_score_uncoordinated,gini,0.9459891674402049,0.9449560813944752,0.9470795657110981,,
summary,S4,0,care_score_uncoordinated,mean_commute_min,19.814500761433017,19.410212657852405,20.24200286602779,,
summary,S4,0,care_score_uncoordinated,median_wait_nonvulnerable,66.51246244335582,66.44047767328153,66.58234964150044,,
summary,S4,0,care_score_uncoordinated,unserved_frac_nonvulnerable,0.9742964354313881,0.9727920002453334,0.9757739877769579,,
summary,S4,0,care_score_uncoordinated,fully_staffed_frac_all,0.062299999999999994,0.061133333333333394,0.0635,,
summary,S4,0,care_score_full_compliance,median_wait_vulnerable,0.873990745940693,0.8254472940147098,0.930327147791308,,
summary,S4,0,care_score_full_compliance,unserved_frac_vulnerable,0,0,0,,
summary,S4,0,care_score_full_compliance,fully_staffed_frac_vulnerable,1,1,1,,
summary,S4,0,care_score_full_compliance,wait_gap_vulnerable,-6.87884406875844,-6.975856790841169,-6.772343148551559,,
summary,S4,0,care_score_full_compliance,median_wait_severe,1.2526433261792058,1.1568822717340148,1.3589407107130786,,
summary,S4,0,care_score_full_compliance,unserved_frac_severe,0,0,0,,
summary,S4,0,care_score_full_compliance,fully_staffed_frac_severe,1,1,1,,
summary,S4,0,care_score_full_compliance,wait_gap_severe,-5.601765620777166,-5.729320161409028,-5.474191938962323,,
summary,S4,0,care_score_full_compliance,invalid_claim_frac,0,0,0,,
summary,S4,0,care_score_full_compliance,gini,0.28450407117898585,0.2832972690482125,0.2857979854906404,,
summary,S4,0,care_score_full_compliance,mean_commute_min,19.83705314771605,19.49717382296842,20.16542403635015,,
summary,S4,0,care_score_full_compliance,median_wait_nonvulnerable,7.752834814699136,7.650641322611295,7.850158411785736,,
summary,S4,0,care_score_full_compliance,unserved_frac_nonvulnerable,0,0,0,,
summary,S4,0,care_score_full_compliance,fully_staffed_frac_all,1,1,1,,
paired_diff,S4,0,coordinated_latest,median_wait_vulnerable,0.6248466502353714,0.5484325975503967,0.7025870321866092,1.1602669684361466,0.5354203182007751
paired_diff,S4,0,coordinated_latest,unserved_frac_vulnerable,0,0,0,0,0
paired_diff,S4,0,coordinated_latest,fully_staffed_frac_vulnerable,0,0,0,1,1
paired_diff,S4,0,coordinated_latest,wait_gap_vulnerable,-6.041878789229864,-6.158953528567714,-5.920761384781009,-6.11342474560252,-0.0715459563726486
paired_diff,S4,0,coordinated_latest,median_wait_severe,0.794821921449932,0.6149462546726596,0.9711214248108619,1.6724985029615034,0.8776765815115711
paired_diff,S4,0,coordinated_latest,unserved_frac_severe,0,0,0,0,0
paired_diff,S4,0,coordinated_latest,fully_staffed_frac_severe,0,0,0,1,1
paired_diff,S4,0,coordinated_latest,wait_gap_severe,-4.998745554770285,-5.202595771333775,-4.801883697423371,-4.668415093772453,0.3303304609978391
paired_diff,S4,0,coordinated_latest,invalid_claim_frac,0,0,0,0,0
paired_diff,S4,0,coordinated_latest,gini,0,0,0,0.28450407117898585,0.28450407117898585
paired_diff,S4,0,coordinated_latest,mean_commute_min,-1.0954200509634878e-15,-3.552713678800501e-15,1.3737159558028603e-15,19.837053147716045,19.83705314771604
paired_diff,S4,0,coordinated_latest,median_wait_nonvulnerable,6.6667254394652335,6.55891526795897,6.774880154859067,7.273691714038656,0.6069662745734238
paired_diff,S4,0,coordinated_latest,unserved_frac_nonvulnerable,0,0,0,0,0
paired_diff,S4,0,coordinated_latest,fully_staffed_frac_all,0,0,0,1,1
paired_diff,S4,0,random,median_wait_vulnerable,-3.3172342515419664,-3.4217791030888542,-3.2128091866226036,1.1602669684361466,4.477501219978112
paired_diff,S4,0,random,unserved_frac_vulnerable,-0.003207681896172172,-0.0040855030279362756,-0.0024028983577946907,0,0.003207681896172172
paired_diff,S4,0,random,fully_staffed_frac_vulnerable,0.04754348811335317,0.0441176367805496,0.0509021915101928,1,0.9524565118866472
paired_diff,S4,0,random,wait_gap_vulnerable,-6.059316121900746,-6.207124937776872,-5.911646952779357,-6.11342474560252,-0.0541086237017691
paired_diff,S4,0,random,median_wait_severe,-2.8564235377806755,-3.00884722560738,-2.7067397770972836,1.6724985029615034,4.528922040742176
paired_diff,S4,0,random,unserved_frac_severe,-0.0022506646977911346,-0.003216352704858452,-0.0013472939277536981,0,0.0022506646977911346
paired_diff,S4,0,random,fully_staffed_frac_severe,0.03931813082837269,0.03554720238370248,0.04323749415588562,1,0.9606818691716282
paired_diff,S4,0,random,wait_gap_severe,-4.6841976257469975,-4.872231600729785,-4.500196358837617,-4.668415093772453,0.01578253197454589
paired_diff,S4,0,random,invalid_claim_frac,-0.5134823759126176,-0.514043179430903,-0.5128977764252374,0,0.5134823759126176
paired_diff,S4,0,random,gini,0.003039526127756449,0.0025142421887516466,0.0035250002979998925,0.28450407117898585,0.2814645450512293
paired_diff,S4,0,random,mean_commute_min,0.00493111811957713,-0.005828588098347455,0.015849352338767133,19.837053147716045,19.832122029596476
paired_diff,S4,0,random,median_wait_nonvulnerable,2.742081870358777,2.6386434497767928,2.840683011620388,7.273691714038656,4.531609843679879
paired_diff,S4,0,random,unserved_frac_nonvulnerable,-0.0022501392071355535,-0.0027414605679690405,-0.0017929887056744656,0,0.0022501392071355535
paired_diff,S4,0,random,fully_staffed_frac_all,0.03966666666666668,0.03820000000000003,0.04105000000000001,1,0.9603333333333333
paired_diff,S4,0,latest,median_wait_vulnerable,-1.7405120806570498,-3.0380953088249996,-0.5150094394412269,1.1602669684361466,2.9007790490932
paired_diff,S4,0,latest,unserved_frac_vulnerable,-0.3819860752742835,-0.3894039657133535,-0.37455821269855716,0,0.3819860752742835
paired_diff,S4,0,latest,fully_staffed_frac_vulnerable,0.5058162026443686,0.4985940116001541,0.5133898538494254,1,0.4941837973556314
paired_diff,S4,0,latest,wait_gap_vulnerable,-3.140594416797903,-5.4418360193401,-0.7108580864395879,-6.11342474560252,-2.9728303288046156
paired_diff,S4,0,latest,median_wait_severe,-9.230812953410132,-11.711174364548524,-6.833195164955945,1.6724985029615034,10.903311456371636
paired_diff,S4,0,latest,unserved_frac_severe,-0.4253051771931876,-0.4345504939623956,-0.41624659891978877,0,0.4253051771931876
paired_diff,S4,0,latest,fully_staffed_frac_severe,0.5558476005211397,0.5462560565110351,0.5650472867688277,1,0.44415239947886015
paired_diff,S4,0,latest,wait_gap_severe,-13.272421841302494,-16.059799173522283,-10.570718312115748,-4.668415093772453,8.604006747530024
paired_diff,S4,0,latest,invalid_claim_frac,-0.7688186908493626,-0.7707067276851135,-0.7670212445355673,0,0.7688186908493626
paired_diff,S4,0,latest,gini,-0.3045807392324465,-0.3075812183158143,-0.3015395064874438,0.28450407117898585,0.5890848104114325
paired_diff,S4,0,latest,mean_commute_min,-0.035683740903535766,-0.10363833077874995,0.02905219341815504,19.837053147716045,19.87273688861959
paired_diff,S4,0,latest,median_wait_nonvulnerable,1.4000823361408516,-0.5673142145244409,3.2219712116558052,7.273691714038656,5.87360937789781
paired_diff,S4,0,latest,unserved_frac_nonvulnerable,-0.4459646937479563,-0.4503094027140165,-0.4413292210167465,0,0.4459646937479563
paired_diff,S4,0,latest,fully_staffed_frac_all,0.56385,0.5603333333333335,0.5672833333333329,1,0.4361500000000002
paired_diff,S4,0,nearest,median_wait_vulnerable,-63.2546527842701,-63.393522270750545,-63.105121712158436,1.1602669684361466,64.41491975270628
paired_diff,S4,0,nearest,unserved_frac_vulnerable,-0.9380910885841113,-0.9412892895301966,-0.9347916695754149,0,0.9380910885841113
paired_diff,S4,0,nearest,fully_staffed_frac_vulnerable,0.9454401969242348,0.9423827398862358,0.9484975588359966,1,0.05455980307576511
paired_diff,S4,0,nearest,wait_gap_vulnerable,-4.447994440443709,-4.627483597947937,-4.255484168639681,-6.11342474560252,-1.665430305158803
paired_diff,S4,0,nearest,median_wait_severe,-63.676697224446556,-63.844570051158456,-63.5105202080219,1.6724985029615034,65.34919572740812
paired_diff,S4,0,nearest,unserved_frac_severe,-0.9307461183666703,-0.9353032844090567,-0.926022801868075,0,0.9307461183666703
paired_diff,S4,0,nearest,fully_staffed_frac_severe,0.9376035811237678,0.9329621714230223,0.9421676496676675,1,0.06239641887623231
paired_diff,S4,0,nearest,wait_gap_severe,-4.3301451090026735,-4.542195443243191,-4.133800991262251,-4.668415093772453,-0.3382699847697767
paired_diff,S4,0,nearest,invalid_claim_frac,-0.9692895453213922,-0.9699368117531816,-0.9686544357051847,0,0.9692895453213922
paired_diff,S4,0,nearest,gini,-0.6658262710747741,-0.6673218301529632,-0.66429785549937,0.28450407117898585,0.9503303422537596
paired_diff,S4,0,nearest,mean_commute_min,13.942993395780261,13.610520718389912,14.287356490466406,19.837053147716045,5.894059751935789
paired_diff,S4,0,nearest,median_wait_nonvulnerable,-58.80665834382642,-58.908895778303204,-58.70912196314473,7.273691714038656,66.08035005786508
paired_diff,S4,0,nearest,unserved_frac_nonvulnerable,-0.9297081095943389,-0.9314040116246034,-0.9279702030277974,0,0.9297081095943389
paired_diff,S4,0,nearest,fully_staffed_frac_all,0.9406499999999983,0.9395999999999992,0.9417499999999986,1,0.059350000000000014
ablation_diff,S4,0,care_score_uncoordinated_minus_latest,median_wait_vulnerable,59.05196349323765,57.75299054328608,60.28142427603753,61.95274254233087,2.9007790490932
ablation_diff,S4,0,care_score_uncoordinated_minus_latest,unserved_frac_vulnerable,0.4142993919779126,0.40516438542484523,0.4234633212304576,0.7962854672521966,0.3819860752742835
ablation_diff,S4,0,care_score_uncoordinated_minus_latest,fully_staffed_frac_vulnerable,-0.3159121781261085,-0.3243022372620819,-0.3072281316647558,0.17827161922952278,0.4941837973556314
ablation_diff,S4,0,care_score_uncoordinated_minus_latest,wait_gap_vulnerable,-1.5868895722203011,-3.891042364881527,0.8590046599216589,-4.559719901024918,-2.9728303288046156
ablation_diff,S4,0,care_score_uncoordinated_minus_latest,median_wait_severe,52.401853444643926,49.961047859027346,54.75049317707137,63.30516490101554,10.903311456371636
ablation_diff,S4,0,care_score_uncoordinated_minus_latest,unserved_frac_severe,0.3743597369487011,0.36265291440423847,0.38576420813180123,0.7996649141418886,0.4253051771931876
ablation_diff,S4,0,care_score_uncoordinated_minus_latest,fully_staffed_frac_severe,-0.2681003226387559,-0.280032648088333,-0.2560695820180998,0.1760520768401044,0.44415239947886015
ablation_diff,S4,0,care_score_uncoordinated_minus_latest,wait_gap_severe,-11.209868572427194,-13.953722995089278,-8.534702711258497,-2.6058618248971617,8.604006747530024
ablation_diff,S4,0,care_score_uncoordinated_minus_latest,invalid_claim_frac,0.19745073146161934,0.19555655753573772,0.19939429549933474,0.9662694223109825,0.7688186908493626
ablation_diff,S4,0,care_score_uncoordinated_minus_latest,gini,0.35690435702877277,0.3540432525009741,0.359951429417542,0.9459891674402049,0.5890848104114325
ablation_diff,S4,0,care_score_uncoordinated_minus_latest,mean_commute_min,-0.058236127186560856,-0.3329553167950717,0.23080321434221895,19.814500761433017,19.87273688861959
ablation_diff,S4,0,care_score_uncoordinated_minus_latest,median_wait_nonvulnerable,60.63885306545797,58.67125018949328,62.489126311568945,66.51246244335582,5.87360937789781
ablation_diff,S4,0,care_score_uncoordinated_minus_latest,unserved_frac_nonvulnerable,0.5283317416834333,0.5240115944944274,0.5329528820895487,0.9742964354313881,0.4459646937479563
ablation_diff,S4,0,care_score_uncoordinated_minus_latest,fully_staffed_frac_all,-0.37385000000000007,-0.37756666666666666,-0.3703166666666667,0.062299999999999994,0.4361500000000002
ablation_diff,S4,0,care_score_uncoordinated_minus_nearest,median_wait_vulnerable,-2.462177210375389,-2.6261364987552613,-2.306386748648263,61.95274254233087,64.41491975270628
ablation_diff,S4,0,care_score_uncoordinated_minus_nearest,unserved_frac_vulnerable,-0.14180562133191515,-0.1471801075173695,-0.13608041372456509,0.7962854672521966,0.9380910885841113
ablation_diff,S4,0,care_score_uncoordinated_minus_nearest,fully_staffed_frac_vulnerable,0.12371181615375768,0.11856909539605216,0.1286853618066753,0.17827161922952278,0.05455980307576511
ablation_diff,S4,0,care_score_uncoordinated_minus_nearest,wait_gap_vulnerable,-2.8942895958661126,-3.0706810732655887,-2.7292121317050255,-4.559719901024918,-1.665430305158803
ablation_diff,S4,0,care_score_uncoordinated_minus_nearest,median_wait_severe,-2.044030826392539,-2.260002689050159,-1.8421571362672706,63.30516490101554,65.34919572740812
ablation_diff,S4,0,care_score_uncoordinated_minus_nearest,unserved_frac_severe,-0.1310812042247804,-0.13893044425140025,-0.1234407807220708,0.7996649141418886,0.9307461183666703
ablation_diff,S4,0,care_score_uncoordinated_minus_nearest,fully_staffed_frac_severe,0.11365565796387223,0.10603388465901542,0.12147591111157507,0.1760520768401044,0.06239641887623231
ablation_diff,S4,0,care_score_uncoordinated_minus_nearest,wait_gap_severe,-2.267591840127383,-2.4973565313525095,-2.0609954333746345,-2.6058618248971617,-0.3382699847697767
ablation_diff,S4,0,care_score_uncoordinated_minus_nearest,invalid_claim_frac,-0.0030201230104097967,-0.00390705106126628,-0.002183822449850756,0.9662694223109825,0.9692895453213922
ablation_diff,S4,0,care_score_uncoordinated_minus_nearest,gini,-0.004341174813554663,-0.0056293358310088885,-0.0030824931703321936,0.9459891674402049,0.9503303422537596
ablation_diff,S4,0,care_score_uncoordinated_minus_nearest,mean_commute_min,13.920441009497239,13.517771485828305,14.320161640966456,19.814500761433017,5.894059751935789
ablation_diff,S4,0,care_score_uncoordinated_minus_nearest,median_wait_nonvulnerable,0.4321123854907245,0.3942278318728741,0.46938371234987225,66.51246244335582,66.08035005786508
ablation_diff,S4,0,care_score_uncoordinated_minus_nearest,unserved_frac_nonvulnerable,0.04458832583705065,0.042384648133315696,0.04672405296799347,0.9742964354313881,0.9297081095943389
ablation_diff,S4,0,care_score_uncoordinated_minus_nearest,fully_staffed_frac_all,0.002950000000000002,0.001500000000000001,0.00445,0.062299999999999994,0.059350000000000014
summary,S4,1,latest,median_wait_vulnerable,1.3402977353174639,0.6851611545036902,2.20712417927232,,
summary,S4,1,latest,unserved_frac_vulnerable,0.3506342232962417,0.3437881113740202,0.3577048368599117,,
summary,S4,1,latest,fully_staffed_frac_vulnerable,0.5453845456235115,0.537681849116508,0.5527657757257555,,
summary,S4,1,latest,wait_gap_vulnerable,-1.6439667352184657,-3.287390051208244,-0.1259410783639186,,
summary,S4,1,latest,median_wait_severe,6.529499692182223,4.562289174910684,8.60571675204122,,
summary,S4,1,latest,unserved_frac_severe,0.3932683946199321,0.38374686128139374,0.40257378687887424,,
summary,S4,1,latest,fully_staffed_frac_severe,0.4929754423984564,0.4831733473819686,0.5029204422222886,,
summary,S4,1,latest,wait_gap_severe,6.002082131607711,4.034881410573278,8.077758543994685,,
summary,S4,1,latest,invalid_claim_frac,0.7466054384399204,0.7445727316743116,0.7486716577806621,,
summary,S4,1,latest,gini,0.571104185152337,0.5681174452928491,0.5740773202330465,,
summary,S4,1,latest,mean_commute_min,19.882803695938648,19.520461835684163,20.227196750304984,,
summary,S4,1,latest,median_wait_nonvulnerable,2.9842644705359307,1.7052371222010725,4.397717907203082,,
summary,S4,1,latest,unserved_frac_nonvulnerable,0.41625039529977975,0.4113975787235899,0.4209633737774283,,
summary,S4,1,latest,fully_staffed_frac_all,0.4851666666666667,0.48118333333333313,0.4891166666666667,,
summary,S4,1,nearest,median_wait_vulnerable,64.20612661944742,64.03796154882454,64.36574661210364,,
summary,S4,1,nearest,unserved_frac_vulnerable,0.9244186845212249,0.9208017778833703,0.9279859433161022,,
summary,S4,1,nearest,fully_staffed_frac_vulnerable,0.06777068183486247,0.06440270884723893,0.07116237024138396,,
summary,S4,1,nearest,wait_gap_vulnerable,-1.7052103279181665,-1.8884695840023116,-1.525972595433875,,
summary,S4,1,nearest,median_wait_severe,65.14872323761678,64.9696712318274,65.33996113012071,,
summary,S4,1,nearest,unserved_frac_severe,0.9167410387753008,0.9116682077218365,0.9216939155451731,,
summary,S4,1,nearest,fully_staffed_frac_severe,0.07493010469740986,0.07010400478010054,0.07958029120947957,,
summary,S4,1,nearest,wait_gap_severe,-0.365042201107507,-0.5602983021739233,-0.14990207394266045,,
summary,S4,1,nearest,invalid_claim_frac,0.9623074687938762,0.9616106041496617,0.9630779611497697,,
summary,S4,1,nearest,gini,0.9401845423786559,0.9390906624646539,0.941233393339239,,
summary,S4,1,nearest,mean_commute_min,6.235984510469532,5.862647363967487,6.622153164632105,,
summary,S4,1,nearest,median_wait_nonvulnerable,65.91133694736556,65.8262688747043,65.99688109653675,,
summary,S4,1,nearest,unserved_frac_nonvulnerable,0.9149613951099996,0.9130888613896458,0.9169057119762307,,
summary,S4,1,nearest,fully_staffed_frac_all,0.07289999999999999,0.07150000000000004,0.07425000000000002,,
summary,S4,1,attention,median_wait_vulnerable,6.586207782275585,6.4303652989189,6.739293280149093,,
summary,S4,1,attention,unserved_frac_vulnerable,0.08455994496357996,0.07995059182312246,0.08895400177998103,,
summary,S4,1,attention,fully_staffed_frac_vulnerable,0.7854424377602324,0.7790400612446298,0.7913366627618897,,
summary,S4,1,attention,wait_gap_vulnerable,2.4821786710123748,2.323183741067202,2.6468206545127866,,
summary,S4,1,attention,median_wait_severe,4.90716870407979,4.750917968496489,5.065730525233334,,
summary,S4,1,attention,unserved_frac_severe,0.04834128201240685,0.044022757027101234,0.05278289371386058,,
summary,S4,1,attention,fully_staffed_frac_severe,0.8656635453384625,0.8590522459352282,0.8724118219711903,,
summary,S4,1,attention,wait_gap_severe,0.2654760234025936,0.10403070817639282,0.4225066604228285,,
summary,S4,1,attention,invalid_claim_frac,0.5524077683527441,0.551325435693304,0.5535491972698504,,
summary,S4,1,attention,gini,0.31442099779854915,0.3127199441951103,0.3161217868072976,,
summary,S4,1,attention,mean_commute_min,19.83003032871216,19.482930105225297,20.16107827129441,,
summary,S4,1,attention,median_wait_nonvulnerable,4.104029111263205,4.033448602304458,4.174204055928217,,
summary,S4,1,attention,unserved_frac_nonvulnerable,0.028069060472045125,0.02645123502986479,0.029663735032497123,,
summary,S4,1,attention,fully_staffed_frac_all,0.8742166666666669,0.8716333333333337,0.8767333333333333,,
summary,S4,1,random,median_wait_vulnerable,3.6128539746011863,3.5409107769209633,3.6814714201283345,,
summary,S4,1,random,unserved_frac_vulnerable,0,0,0,,
summary,S4,1,random,fully_staffed_frac_vulnerable,0.9982347881361795,0.9975892305809542,0.9988152916598131,,
summary,S4,1,random,wait_gap_vulnerable,-0.22945827225539095,-0.3126184622084194,-0.1486486577068108,,
summary,S4,1,random,median_wait_severe,3.8159448437528622,3.7215707676084464,3.903700850231201,,
summary,S4,1,random,unserved_frac_severe,0,0,0,,
summary,S4,1,random,fully_staffed_frac_severe,0.9983435816563755,0.9974915226676639,0.9990647399838224,,
summary,S4,1,random,wait_gap_severe,0.04949007564450102,-0.04797473140304469,0.14171355714555153,,
summary,S4,1,random,invalid_claim_frac,0.500288002120242,0.5001902698262398,0.5003968866275366,,
summary,S4,1,random,gini,0.2842379755205887,0.2830257219290148,0.2855003975954601,,
summary,S4,1,random,mean_commute_min,19.836098300569013,19.49706846103362,20.163630528351057,,
summary,S4,1,random,median_wait_nonvulnerable,3.8423122468565807,3.786393029530816,3.8980105889993153,,
summary,S4,1,random,unserved_frac_nonvulnerable,0.000046462684150882305,0,0.00011639954670552048,,
summary,S4,1,random,fully_staffed_frac_all,0.9984500000000006,0.9981500000000011,0.9987333333333341,,
summary,S4,1,care_score,median_wait_vulnerable,1.1602669684361466,1.0881451901545578,1.2337073920004737,,
summary,S4,1,care_score,unserved_frac_vulnerable,0,0,0,,
summary,S4,1,care_score,fully_staffed_frac_vulnerable,1,1,1,,
summary,S4,1,care_score,wait_gap_vulnerable,-6.11342474560252,-6.226040088174339,-5.998019852957273,,
summary,S4,1,care_score,median_wait_severe,1.6724985029615034,1.5523484332427655,1.7984444475419676,,
summary,S4,1,care_score,unserved_frac_severe,0,0,0,,
summary,S4,1,care_score,fully_staffed_frac_severe,1,1,1,,
summary,S4,1,care_score,wait_gap_severe,-4.668415093772453,-4.819115281493916,-4.517640733153639,,
summary,S4,1,care_score,invalid_claim_frac,0,0,0,,
summary,S4,1,care_score,gini,0.28450407117898585,0.2832972690482125,0.2857979854906404,,
summary,S4,1,care_score,mean_commute_min,19.837053147716045,19.497173822968424,20.165424036350146,,
summary,S4,1,care_score,median_wait_nonvulnerable,7.273691714038656,7.163922689580558,7.380551903713178,,
summary,S4,1,care_score,unserved_frac_nonvulnerable,0,0,0,,
summary,S4,1,care_score,fully_staffed_frac_all,1,1,1,,
summary,S4,1,coordinated_latest,median_wait_vulnerable,0.5354203182007751,0.5102688361587737,0.5713873940067606,,
summary,S4,1,coordinated_latest,unserved_frac_vulnerable,0,0,0,,
summary,S4,1,coordinated_latest,fully_staffed_frac_vulnerable,1,1,1,,
summary,S4,1,coordinated_latest,wait_gap_vulnerable,-0.0715459563726486,-0.12924266460688705,-0.02158339503014695,,
summary,S4,1,coordinated_latest,median_wait_severe,0.8776765815115711,0.7290802580099417,1.0430261775918988,,
summary,S4,1,coordinated_latest,unserved_frac_severe,0,0,0,,
summary,S4,1,coordinated_latest,fully_staffed_frac_severe,1,1,1,,
summary,S4,1,coordinated_latest,wait_gap_severe,0.3303304609978391,0.18322797244806585,0.49410942895998744,,
summary,S4,1,coordinated_latest,invalid_claim_frac,0,0,0,,
summary,S4,1,coordinated_latest,gini,0.28450407117898585,0.2832972690482125,0.2857979854906404,,
summary,S4,1,coordinated_latest,mean_commute_min,19.83705314771604,19.497173822968428,20.165424036350146,,
summary,S4,1,coordinated_latest,median_wait_nonvulnerable,0.6069662745734238,0.5704056889679162,0.6582668579064164,,
summary,S4,1,coordinated_latest,unserved_frac_nonvulnerable,0,0,0,,
summary,S4,1,coordinated_latest,fully_staffed_frac_all,1,1,1,,
summary,S4,1,coordinated_nearest,median_wait_vulnerable,3.996010075655463,3.815995135648477,4.1914079673511635,,
summary,S4,1,coordinated_nearest,unserved_frac_vulnerable,0,0,0,,
summary,S4,1,coordinated_nearest,fully_staffed_frac_vulnerable,1,1,1,,
summary,S4,1,coordinated_nearest,wait_gap_vulnerable,-1.5013647265317398,-1.714425001326027,-1.2880155897461334,,
summary,S4,1,coordinated_nearest,median_wait_severe,4.892757728337134,4.654577621293589,5.123886761612278,,
summary,S4,1,coordinated_nearest,unserved_frac_severe,0,0,0,,
summary,S4,1,coordinated_nearest,fully_staffed_frac_severe,1,1,1,,
summary,S4,1,coordinated_nearest,wait_gap_severe,-0.24104753058804704,-0.4987320601039274,0.0012376985375159514,,
summary,S4,1,coordinated_nearest,invalid_claim_frac,0,0,0,,
summary,S4,1,coordinated_nearest,gini,0.28450407117898585,0.2832972690482125,0.2857979854906404,,
summary,S4,1,coordinated_nearest,mean_commute_min,19.837053147716038,19.497173822968435,20.165424036350153,,
summary,S4,1,coordinated_nearest,median_wait_nonvulnerable,5.497374802187202,5.361879816979673,5.630430686865398,,
summary,S4,1,coordinated_nearest,unserved_frac_nonvulnerable,0,0,0,,
summary,S4,1,coordinated_nearest,fully_staffed_frac_all,1,1,1,,
summary,S4,1,care_score_uncoordinated,median_wait_vulnerable,61.20843047435992,60.9677202862508,61.44629491627409,,
summary,S4,1,care_score_uncoordinated,unserved_frac_vulnerable,0.7626261698208973,0.7574085935397942,0.7677975546561666,,
summary,S4,1,care_score_uncoordinated,fully_staffed_frac_vulnerable,0.20870666582615263,0.2043016653392551,0.21319888140380908,,
summary,S4,1,care_score_uncoordinated,wait_gap_vulnerable,-5.228408033492064,-5.467449328756308,-4.996615742424903,,
summary,S4,1,care_score_uncoordinated,median_wait_severe,62.65667738160805,62.35061204684328,62.9381884209208,,
summary,S4,1,care_score_uncoordinated,unserved_frac_severe,0.7684693114907647,0.7610070841632348,0.7760319786015621,,
summary,S4,1,care_score_uncoordinated,fully_staffed_frac_severe,0.20268213549862268,0.19588201785214887,0.20961863238889286,,
summary,S4,1,care_score_uncoordinated,wait_gap_severe,-3.128997320252367,-3.4443783309549825,-2.8328781055117194,,
summary,S4,1,care_score_uncoordinated,invalid_claim_frac,0.9595413725780854,0.9587867562551112,0.960352891128506,,
summary,S4,1,care_score_uncoordinated,gini,0.9359413665283572,0.9347500872461425,0.9371882857068895,,
summary,S4,1,care_score_uncoordinated,mean_commute_min,19.84187556068719,19.447382857661353,20.239892588139824,,
summary,S4,1,care_score_uncoordinated,median_wait_nonvulnerable,66.4368385078519,66.3621166289627,66.50800891544445,,
summary,S4,1,care_score_uncoordinated,unserved_frac_nonvulnerable,0.9675290919925121,0.965791792814947,0.9691961970027639,,
summary,S4,1,care_score_uncoordinated,fully_staffed_frac_all,0.07453333333333337,0.07316666666666666,0.0758666666666666,,
summary,S4,1,care_score_full_compliance,median_wait_vulnerable,0.873990745940693,0.8254472940147098,0.930327147791308,,
summary,S4,1,care_score_full_compliance,unserved_frac_vulnerable,0,0,0,,
summary,S4,1,care_score_full_compliance,fully_staffed_frac_vulnerable,1,1,1,,
summary,S4,1,care_score_full_compliance,wait_gap_vulnerable,-6.87884406875844,-6.975856790841169,-6.772343148551559,,
summary,S4,1,care_score_full_compliance,median_wait_severe,1.2526433261792058,1.1568822717340148,1.3589407107130786,,
summary,S4,1,care_score_full_compliance,unserved_frac_severe,0,0,0,,
summary,S4,1,care_score_full_compliance,fully_staffed_frac_severe,1,1,1,,
summary,S4,1,care_score_full_compliance,wait_gap_severe,-5.601765620777166,-5.729320161409028,-5.474191938962323,,
summary,S4,1,care_score_full_compliance,invalid_claim_frac,0,0,0,,
summary,S4,1,care_score_full_compliance,gini,0.28450407117898585,0.2832972690482125,0.2857979854906404,,
summary,S4,1,care_score_full_compliance,mean_commute_min,19.83705314771605,19.49717382296842,20.16542403635015,,
summary,S4,1,care_score_full_compliance,median_wait_nonvulnerable,7.752834814699136,7.650641322611295,7.850158411785736,,
summary,S4,1,care_score_full_compliance,unserved_frac_nonvulnerable,0,0,0,,
summary,S4,1,care_score_full_compliance,fully_staffed_frac_all,1,1,1,,
paired_diff,S4,1,coordinated_latest,median_wait_vulnerable,0.6248466502353714,0.5484325975503967,0.7025870321866092,1.1602669684361466,0.5354203182007751
paired_diff,S4,1,coordinated_latest,unserved_frac_vulnerable,0,0,0,0,0
paired_diff,S4,1,coordinated_latest,fully_staffed_frac_vulnerable,0,0,0,1,1
paired_diff,S4,1,coordinated_latest,wait_gap_vulnerable,-6.041878789229864,-6.158953528567714,-5.920761384781009,-6.11342474560252,-0.0715459563726486
paired_diff,S4,1,coordinated_latest,median_wait_severe,0.794821921449932,0.6149462546726596,0.9711214248108619,1.6724985029615034,0.8776765815115711
paired_diff,S4,1,coordinated_latest,unserved_frac_severe,0,0,0,0,0
paired_diff,S4,1,coordinated_latest,fully_staffed_frac_severe,0,0,0,1,1
paired_diff,S4,1,coordinated_latest,wait_gap_severe,-4.998745554770285,-5.202595771333775,-4.801883697423371,-4.668415093772453,0.3303304609978391
paired_diff,S4,1,coordinated_latest,invalid_claim_frac,0,0,0,0,0
paired_diff,S4,1,coordinated_latest,gini,0,0,0,0.28450407117898585,0.28450407117898585
paired_diff,S4,1,coordinated_latest,mean_commute_min,-1.0954200509634878e-15,-3.552713678800501e-15,1.3737159558028603e-15,19.837053147716045,19.83705314771604
paired_diff,S4,1,coordinated_latest,median_wait_nonvulnerable,6.6667254394652335,6.55891526795897,6.774880154859067,7.273691714038656,0.6069662745734238
paired_diff,S4,1,coordinated_latest,unserved_frac_nonvulnerable,0,0,0,0,0
paired_diff,S4,1,coordinated_latest,fully_staffed_frac_all,0,0,0,1,1
paired_diff,S4,1,random,median_wait_vulnerable,-2.452587006165039,-2.540982514644697,-2.3621632680972,1.1602669684361466,3.6128539746011863
paired_diff,S4,1,random,unserved_frac_vulnerable,0,0,0,0,0
paired_diff,S4,1,random,fully_staffed_frac_vulnerable,0.0017652118638205106,0.0011847083401864936,0.0024107694190454855,1,0.9982347881361795
paired_diff,S4,1,random,wait_gap_vulnerable,-5.883966473347127,-6.011465434013602,-5.747732526045446,-6.11342474560252,-0.22945827225539095
paired_diff,S4,1,random,median_wait_severe,-2.1434463407913604,-2.275898162382559,-2.0066251762309815,1.6724985029615034,3.8159448437528622
paired_diff,S4,1,random,unserved_frac_severe,0,0,0,0,0
paired_diff,S4,1,random,fully_staffed_frac_severe,0.0016564183436246168,0.000935260016177711,0.002508477332335813,1,0.9983435816563755
paired_diff,S4,1,random,wait_gap_severe,-4.717905169416953,-4.88890541061288,-4.549739734365013,-4.668415093772453,0.04949007564450102
paired_diff,S4,1,random,invalid_claim_frac,-0.500288002120242,-0.5003968866275366,-0.5001902698262398,0,0.500288002120242
paired_diff,S4,1,random,gini,0.00026609565839705936,0.00017261413455796015,0.0003627440412033082,0.28450407117898585,0.2842379755205887
paired_diff,S4,1,random,mean_commute_min,0.0009548471470315908,-0.0006471911110889413,0.002631270013441066,19.837053147716045,19.836098300569013
paired_diff,S4,1,random,median_wait_nonvulnerable,3.4313794671820856,3.3388337075361703,3.5213461019877066,7.273691714038656,3.8423122468565807
paired_diff,S4,1,random,unserved_frac_nonvulnerable,-0.000046462684150882305,-0.00011639954670552048,0,0,0.000046462684150882305
paired_diff,S4,1,random,fully_staffed_frac_all,0.0015500000000000015,0.001266666666666668,0.0018500000000000016,1,0.9984500000000006
paired_diff,S4,1,latest,median_wait_vulnerable,-0.18003076688131658,-1.036535592125714,0.488711260908361,1.1602669684361466,1.3402977353174639
paired_diff,S4,1,latest,unserved_frac_vulnerable,-0.3506342232962417,-0.3577048368599117,-0.3437881113740202,0,0.3506342232962417
paired_diff,S4,1,latest,fully_staffed_frac_vulnerable,0.4546154543764879,0.44723422427424436,0.4623181508834916,1,0.5453845456235115
paired_diff,S4,1,latest,wait_gap_vulnerable,-4.469458010384048,-5.974190808539339,-2.830434754833441,-6.11342474560252,-1.6439667352184657
paired_diff,S4,1,latest,median_wait_severe,-4.857001189220719,-6.877986339011598,-2.918637174966608,1.6724985029615034,6.529499692182223
paired_diff,S4,1,latest,unserved_frac_severe,-0.3932683946199321,-0.40257378687887424,-0.38374686128139374,0,0.3932683946199321
paired_diff,S4,1,latest,fully_staffed_frac_severe,0.5070245576015432,0.4970795577777115,0.5168266526180314,1,0.4929754423984564
paired_diff,S4,1,latest,wait_gap_severe,-10.67049722538016,-12.70828626622462,-8.727879104064641,-4.668415093772453,6.002082131607711
paired_diff,S4,1,latest,invalid_claim_frac,-0.7466054384399204,-0.7486716577806621,-0.7445727316743116,0,0.7466054384399204
paired_diff,S4,1,latest,gini,-0.28660011397335095,-0.2896402222585727,-0.2835355195922613,0.28450407117898585,0.571104185152337
paired_diff,S4,1,latest,mean_commute_min,-0.04575054822260156,-0.10972537525583931,0.015870989874273902,19.837053147716045,19.882803695938648
paired_diff,S4,1,latest,median_wait_nonvulnerable,4.28942724350273,2.859072114279827,5.5828132168615126,7.273691714038656,2.9842644705359307
paired_diff,S4,1,latest,unserved_frac_nonvulnerable,-0.41625039529977975,-0.4209633737774283,-0.4113975787235899,0,0.41625039529977975
paired_diff,S4,1,latest,fully_staffed_frac_all,0.5148333333333334,0.5108833333333332,0.5188166666666669,1,0.4851666666666667
paired_diff,S4,1,nearest,median_wait_vulnerable,-63.04585965101127,-63.189547580540385,-62.893753501686554,1.1602669684361466,64.20612661944742
paired_diff,S4,1,nearest,unserved_frac_vulnerable,-0.9244186845212249,-0.9279859433161022,-0.9208017778833703,0,0.9244186845212249
paired_diff,S4,1,nearest,fully_staffed_frac_vulnerable,0.9322293181651375,0.9288376297586161,0.9355972911527599,1,0.06777068183486247
paired_diff,S4,1,nearest,wait_gap_vulnerable,-4.408214417684347,-4.5910707248891365,-4.2142642397234455,-6.11342474560252,-1.7052103279181665
paired_diff,S4,1,nearest,median_wait_severe,-63.47622473465526,-63.654643618816685,-63.314585754850064,1.6724985029615034,65.14872323761678
paired_diff,S4,1,nearest,unserved_frac_severe,-0.9167410387753008,-0.9216939155451731,-0.9116682077218365,0,0.9167410387753008
paired_diff,S4,1,nearest,fully_staffed_frac_severe,0.9250698953025903,0.9204197087905207,0.9298959952198996,1,0.07493010469740986
paired_diff,S4,1,nearest,wait_gap_severe,-4.303372892664947,-4.523766836810898,-4.107437988165985,-4.668415093772453,-0.365042201107507
paired_diff,S4,1,nearest,invalid_claim_frac,-0.9623074687938762,-0.9630779611497697,-0.9616106041496617,0,0.9623074687938762
paired_diff,S4,1,nearest,gini,-0.655680471199671,-0.6572469428414585,-0.6540616785398935,0.28450407117898585,0.9401845423786559
paired_diff,S4,1,nearest,mean_commute_min,13.601068637246515,13.270726739890252,13.940936436289476,19.837053147716045,6.235984510469532
paired_diff,S4,1,nearest,median_wait_nonvulnerable,-58.63764523332692,-58.73643745934891,-58.54276889767116,7.273691714038656,65.91133694736556
paired_diff,S4,1,nearest,unserved_frac_nonvulnerable,-0.9149613951099996,-0.9169057119762307,-0.9130888613896458,0,0.9149613951099996
paired_diff,S4,1,nearest,fully_staffed_frac_all,0.9271000000000007,0.9257500000000006,0.9285000000000007,1,0.07289999999999999
ablation_diff,S4,1,care_score_uncoordinated_minus_latest,median_wait_vulnerable,59.86813273904242,59.021777226622554,60.553036601463006,61.20843047435992,1.3402977353174639
ablation_diff,S4,1,care_score_uncoordinated_minus_latest,unserved_frac_vulnerable,0.41199194652465565,0.40302834262833226,0.4208688644796732,0.7626261698208973,0.3506342232962417
ablation_diff,S4,1,care_score_uncoordinated_minus_latest,fully_staffed_frac_vulnerable,-0.33667787979735897,-0.345569716846648,-0.3276332538208746,0.20870666582615263,0.5453845456235115
ablation_diff,S4,1,care_score_uncoordinated_minus_latest,wait_gap_vulnerable,-3.5844412982735987,-5.112815756383676,-1.9654233423825038,-5.228408033492064,-1.6439667352184657
ablation_diff,S4,1,care_score_uncoordinated_minus_latest,median_wait_severe,56.12717768942579,54.16049046243401,58.05664222724803,62.65667738160805,6.529499692182223
ablation_diff,S4,1,care_score_uncoordinated_minus_latest,unserved_frac_severe,0.3752009168708323,0.36320145909942037,0.387071836122816,0.7684693114907647,0.3932683946199321
ablation_diff,S4,1,care_score_uncoordinated_minus_latest,fully_staffed_frac_severe,-0.2902933068998338,-0.30304739805493297,-0.2775542341371693,0.20268213549862268,0.4929754423984564
ablation_diff,S4,1,care_score_uncoordinated_minus_latest,wait_gap_severe,-9.131079451860074,-11.116665436399703,-7.184358987470261,-3.128997320252367,6.002082131607711
ablation_diff,S4,1,care_score_uncoordinated_minus_latest,invalid_claim_frac,0.21293593413816603,0.21083316535656804,0.2150371266931628,0.9595413725780854,0.7466054384399204
ablation_diff,S4,1,care_score_uncoordinated_minus_latest,gini,0.3648371813760208,0.3619693907862997,0.36774782047801796,0.9359413665283572,0.571104185152337
ablation_diff,S4,1,care_score_uncoordinated_minus_latest,mean_commute_min,-0.0409281352514598,-0.2922535647409065,0.2167493722004778,19.84187556068719,19.882803695938648
ablation_diff,S4,1,care_score_uncoordinated_minus_latest,median_wait_nonvulnerable,63.452574037316,62.03437979201121,64.74002788842219,66.4368385078519,2.9842644705359307
ablation_diff,S4,1,care_score_uncoordinated_minus_latest,unserved_frac_nonvulnerable,0.551278696692733,0.5466237841704796,0.5560226492358649,0.9675290919925121,0.41625039529977975
ablation_diff,S4,1,care_score_uncoordinated_minus_latest,fully_staffed_frac_all,-0.4106333333333337,-0.41466666666666663,-0.4067333333333334,0.07453333333333337,0.4851666666666667
ablation_diff,S4,1,care_score_uncoordinated_minus_nearest,median_wait_vulnerable,-2.997696145087539,-3.1798328131443174,-2.8148954385044176,61.20843047435992,64.20612661944742
ablation_diff,S4,1,care_score_uncoordinated_minus_nearest,unserved_frac_vulnerable,-0.16179251470032743,-0.16740024862867497,-0.1558977101391933,0.7626261698208973,0.9244186845212249
ablation_diff,S4,1,care_score_uncoordinated_minus_nearest,fully_staffed_frac_vulnerable,0.14093598399129034,0.13557980081867113,0.14629505015886798,0.20870666582615263,0.06777068183486247
ablation_diff,S4,1,care_score_uncoordinated_minus_nearest,wait_gap_vulnerable,-3.5231977055738994,-3.7119521510328437,-3.3310800748774216,-5.228408033492064,-1.7052103279181665
ablation_diff,S4,1,care_score_uncoordinated_minus_nearest,median_wait_severe,-2.4920458560086898,-2.755966813020697,-2.2548008516072455,62.65667738160805,65.14872323761678
ablation_diff,S4,1,care_score_uncoordinated_minus_nearest,unserved_frac_severe,-0.1482717272845353,-0.1564578179861506,-0.13950438309621593,0.7684693114907647,0.9167410387753008
ablation_diff,S4,1,care_score_uncoordinated_minus_nearest,fully_staffed_frac_severe,0.12775203080121306,0.11998541085708228,0.13559615028183408,0.20268213549862268,0.07493010469740986
ablation_diff,S4,1,care_score_uncoordinated_minus_nearest,wait_gap_severe,-2.763955119144859,-3.039443155540241,-2.513772380703992,-3.128997320252367,-0.365042201107507
ablation_diff,S4,1,care_score_uncoordinated_minus_nearest,invalid_claim_frac,-0.0027660962157896834,-0.0037817176166604657,-0.0017811923450286005,0.9595413725780854,0.9623074687938762
ablation_diff,S4,1,care_score_uncoordinated_minus_nearest,gini,-0.0042431758502981245,-0.005733912167161175,-0.0027152025864636588,0.9359413665283572,0.9401845423786559
ablation_diff,S4,1,care_score_uncoordinated_minus_nearest,mean_commute_min,13.605891050217657,13.219605726826813,13.987284055156785,19.84187556068719,6.235984510469532
ablation_diff,S4,1,care_score_uncoordinated_minus_nearest,median_wait_nonvulnerable,0.5255015604863604,0.48388764475332663,0.5646466077583034,66.4368385078519,65.91133694736556
ablation_diff,S4,1,care_score_uncoordinated_minus_nearest,unserved_frac_nonvulnerable,0.052567696882512845,0.05030692529637626,0.05488018674348873,0.9675290919925121,0.9149613951099996
ablation_diff,S4,1,care_score_uncoordinated_minus_nearest,fully_staffed_frac_all,0.0016333333333333345,-0.000050000000000000416,0.003366666666666669,0.07453333333333337,0.07289999999999999
summary,S4,5,latest,median_wait_vulnerable,1.0169807667079465,0.5730998671937403,1.6668229884779058,,
summary,S4,5,latest,unserved_frac_vulnerable,0.33669937724997034,0.329345201439046,0.34396124620494345,,
summary,S4,5,latest,fully_staffed_frac_vulnerable,0.5782452720593481,0.5705052939170008,0.5858222998069007,,
summary,S4,5,latest,wait_gap_vulnerable,-0.5887370098735606,-1.696015007784517,0.48729230852076055,,
summary,S4,5,latest,median_wait_severe,5.475155939429821,3.608418344011804,7.39619987448951,,
summary,S4,5,latest,unserved_frac_severe,0.3783327261521901,0.36873003895567574,0.3881878488854549,,
summary,S4,5,latest,fully_staffed_frac_severe,0.5263602963496568,0.5161432732852957,0.5367160812543229,,
summary,S4,5,latest,wait_gap_severe,4.974449363159717,3.106458844501008,6.895199955684519,,
summary,S4,5,latest,invalid_claim_frac,0.7324128657824077,0.7302919954098034,0.7346145321183074,,
summary,S4,5,latest,gini,0.5632949721737373,0.5600881620262717,0.56629365099256,,
summary,S4,5,latest,mean_commute_min,19.88464100686359,19.52776693665746,20.225848555822644,,
summary,S4,5,latest,median_wait_nonvulnerable,1.6057177765815078,0.7386399796056731,2.6890954741374533,,
summary,S4,5,latest,unserved_frac_nonvulnerable,0.40150659516954346,0.3966175416187505,0.4061955217180021,,
summary,S4,5,latest,fully_staffed_frac_all,0.5179666666666666,0.5137833333333333,0.5224166666666668,,
summary,S4,5,nearest,median_wait_vulnerable,63.717056619084175,63.53561454402681,63.88786074512278,,
summary,S4,5,nearest,unserved_frac_vulnerable,0.892388396052735,0.8881393936710189,0.8967010713337411,,
summary,S4,5,nearest,fully_staffed_frac_vulnerable,0.09795115715427674,0.09388409802761265,0.101995976844082,,
summary,S4,5,nearest,wait_gap_vulnerable,-1.827414654868971,-2.020900539017978,-1.6407031210070868,,
summary,S4,5,nearest,median_wait_severe,64.71889554794707,64.51618975432521,64.92914705289145,,
summary,S4,5,nearest,unserved_frac_severe,0.885398429338508,0.879677411256396,0.8912499438206782,,
summary,S4,5,nearest,fully_staffed_frac_severe,0.104991609103758,0.09963457548607645,0.1102227221500676,,
summary,S4,5,nearest,wait_gap_severe,-0.445940339404865,-0.6637449939562344,-0.21584249658221283,,
summary,S4,5,nearest,invalid_claim_frac,0.9466257617124635,0.9457958034026445,0.9475209991565084,,
summary,S4,5,nearest,gini,0.917905746789481,0.9165927174507115,0.9192554942893859,,
summary,S4,5,nearest,mean_commute_min,6.779484862611616,6.3977635251912535,7.170643839863646,,
summary,S4,5,nearest,median_wait_nonvulnerable,65.54447127395315,65.45050991522673,65.63421019322881,,
summary,S4,5,nearest,unserved_frac_nonvulnerable,0.8842297788151557,0.8819227914918679,0.8865611364700019,,
summary,S4,5,nearest,fully_staffed_frac_all,0.10401666666666669,0.1024166666666667,0.1056666666666666,,
summary,S4,5,attention,median_wait_vulnerable,4.928961037125178,4.803996034123206,5.0572363062892105,,
summary,S4,5,attention,unserved_frac_vulnerable,0.016238043205623866,0.01429833251308123,0.018128462524546553,,
summary,S4,5,attention,fully_staffed_frac_vulnerable,0.9417824753772199,0.9383249469163231,0.9452335586978459,,
summary,S4,5,attention,wait_gap_vulnerable,1.5914043665883864,1.465395070734735,1.7222032490065575,,
summary,S4,5,attention,median_wait_severe,3.8822849191616244,3.7548656852212834,4.00872299436475,,
summary,S4,5,attention,unserved_frac_severe,0.0076102124577496506,0.006075656216076776,0.009223130424373194,,
summary,S4,5,attention,fully_staffed_frac_severe,0.969847177948904,0.966653999352972,0.973020388161351,,
summary,S4,5,attention,wait_gap_severe,0.20683255503672812,0.0788496514341186,0.3368730900758832,,
summary,S4,5,attention,invalid_claim_frac,0.5106459706158364,0.5100588968677295,0.5112431234683505,,
summary,S4,5,attention,gini,0.28874310082698235,0.2874122117332731,0.290060825402147,,
summary,S4,5,attention,mean_commute_min,19.83395845839496,19.489839476598576,20.163890911912972,,
summary,S4,5,attention,median_wait_nonvulnerable,3.337556670536789,3.276109160393997,3.4007050199167415,,
summary,S4,5,attention,unserved_frac_nonvulnerable,0.0033145534661335996,0.0028370131321264797,0.0038312816452258916,,
summary,S4,5,attention,fully_staffed_frac_all,0.9725666666666674,0.971283333333334,0.973833333333334,,
summary,S4,5,random,median_wait_vulnerable,3.1439145453131294,3.065963499477934,3.2188602043752486,,
summary,S4,5,random,unserved_frac_vulnerable,0,0,0,,
summary,S4,5,random,fully_staffed_frac_vulnerable,1,1,1,,
summary,S4,5,random,wait_gap_vulnerable,-0.3076383421372343,-0.3923691647156071,-0.22921056858129446,,
summary,S4,5,random,median_wait_severe,3.402568886836249,3.3051201321669272,3.4985177767237263,,
summary,S4,5,random,unserved_frac_severe,0,0,0,,
summary,S4,5,random,fully_staffed_frac_severe,1,1,1,,
summary,S4,5,random,wait_gap_severe,0.034987173572067334,-0.06214208772853137,0.13314416592918224,,
summary,S4,5,random,invalid_claim_frac,0.4998590507233528,0.49981509788886114,0.4998955444635786,,
summary,S4,5,random,gini,0.28450407117898585,0.2832972690482125,0.2857979854906404,,
summary,S4,5,random,mean_commute_min,19.837053147716045,19.497173822968424,20.165424036350146,,
summary,S4,5,random,median_wait_nonvulnerable,3.4515528874503656,3.393792702616295,3.5088232549449785,,
summary,S4,5,random,unserved_frac_nonvulnerable,0,0,0,,
summary,S4,5,random,fully_staffed_frac_all,1,1,1,,
summary,S4,5,care_score,median_wait_vulnerable,1.1602669684361466,1.0881451901545578,1.2337073920004737,,
summary,S4,5,care_score,unserved_frac_vulnerable,0,0,0,,
summary,S4,5,care_score,fully_staffed_frac_vulnerable,1,1,1,,
summary,S4,5,care_score,wait_gap_vulnerable,-6.11342474560252,-6.226040088174339,-5.998019852957273,,
summary,S4,5,care_score,median_wait_severe,1.6724985029615034,1.5523484332427655,1.7984444475419676,,
summary,S4,5,care_score,unserved_frac_severe,0,0,0,,
summary,S4,5,care_score,fully_staffed_frac_severe,1,1,1,,
summary,S4,5,care_score,wait_gap_severe,-4.668415093772453,-4.819115281493916,-4.517640733153639,,
summary,S4,5,care_score,invalid_claim_frac,0,0,0,,
summary,S4,5,care_score,gini,0.28450407117898585,0.2832972690482125,0.2857979854906404,,
summary,S4,5,care_score,mean_commute_min,19.837053147716045,19.497173822968424,20.165424036350146,,
summary,S4,5,care_score,median_wait_nonvulnerable,7.273691714038656,7.163922689580558,7.380551903713178,,
summary,S4,5,care_score,unserved_frac_nonvulnerable,0,0,0,,
summary,S4,5,care_score,fully_staffed_frac_all,1,1,1,,
summary,S4,5,coordinated_latest,median_wait_vulnerable,0.5354203182007751,0.5102688361587737,0.5713873940067606,,
summary,S4,5,coordinated_latest,unserved_frac_vulnerable,0,0,0,,
summary,S4,5,coordinated_latest,fully_staffed_frac_vulnerable,1,1,1,,
summary,S4,5,coordinated_latest,wait_gap_vulnerable,-0.0715459563726486,-0.12924266460688705,-0.02158339503014695,,
summary,S4,5,coordinated_latest,median_wait_severe,0.8776765815115711,0.7290802580099417,1.0430261775918988,,
summary,S4,5,coordinated_latest,unserved_frac_severe,0,0,0,,
summary,S4,5,coordinated_latest,fully_staffed_frac_severe,1,1,1,,
summary,S4,5,coordinated_latest,wait_gap_severe,0.3303304609978391,0.18322797244806585,0.49410942895998744,,
summary,S4,5,coordinated_latest,invalid_claim_frac,0,0,0,,
summary,S4,5,coordinated_latest,gini,0.28450407117898585,0.2832972690482125,0.2857979854906404,,
summary,S4,5,coordinated_latest,mean_commute_min,19.83705314771604,19.497173822968428,20.165424036350146,,
summary,S4,5,coordinated_latest,median_wait_nonvulnerable,0.6069662745734238,0.5704056889679162,0.6582668579064164,,
summary,S4,5,coordinated_latest,unserved_frac_nonvulnerable,0,0,0,,
summary,S4,5,coordinated_latest,fully_staffed_frac_all,1,1,1,,
summary,S4,5,coordinated_nearest,median_wait_vulnerable,3.996010075655463,3.815995135648477,4.1914079673511635,,
summary,S4,5,coordinated_nearest,unserved_frac_vulnerable,0,0,0,,
summary,S4,5,coordinated_nearest,fully_staffed_frac_vulnerable,1,1,1,,
summary,S4,5,coordinated_nearest,wait_gap_vulnerable,-1.5013647265317398,-1.714425001326027,-1.2880155897461334,,
summary,S4,5,coordinated_nearest,median_wait_severe,4.892757728337134,4.654577621293589,5.123886761612278,,
summary,S4,5,coordinated_nearest,unserved_frac_severe,0,0,0,,
summary,S4,5,coordinated_nearest,fully_staffed_frac_severe,1,1,1,,
summary,S4,5,coordinated_nearest,wait_gap_severe,-0.24104753058804704,-0.4987320601039274,0.0012376985375159514,,
summary,S4,5,coordinated_nearest,invalid_claim_frac,0,0,0,,
summary,S4,5,coordinated_nearest,gini,0.28450407117898585,0.2832972690482125,0.2857979854906404,,
summary,S4,5,coordinated_nearest,mean_commute_min,19.837053147716038,19.497173822968435,20.165424036350153,,
summary,S4,5,coordinated_nearest,median_wait_nonvulnerable,5.497374802187202,5.361879816979673,5.630430686865398,,
summary,S4,5,coordinated_nearest,unserved_frac_nonvulnerable,0,0,0,,
summary,S4,5,coordinated_nearest,fully_staffed_frac_all,1,1,1,,
summary,S4,5,care_score_uncoordinated,median_wait_vulnerable,58.969859136189264,58.65845344531743,59.26935290577586,,
summary,S4,5,care_score_uncoordinated,unserved_frac_vulnerable,0.6874860571394807,0.6819142176013984,0.6932141934045779,,
summary,S4,5,care_score_uncoordinated,fully_staffed_frac_vulnerable,0.28371971416044206,0.2782235905719529,0.28889177249329195,,
summary,S4,5,care_score_uncoordinated,wait_gap_vulnerable,-7.273038819243484,-7.584700018382664,-6.96928643280939,,
summary,S4,5,care_score_uncoordinated,median_wait_severe,60.08385419147755,59.330915088889874,60.68419432659362,,
summary,S4,5,care_score_uncoordinated,unserved_frac_severe,0.6929756775331227,0.6840077154567558,0.7015600533456391,,
summary,S4,5,care_score_uncoordinated,fully_staffed_frac_severe,0.27626865662062483,0.26815660839789857,0.2844069482766709,,
summary,S4,5,care_score_uncoordinated,wait_gap_severe,-5.423951144233257,-6.1798965142547635,-4.799298006983386,,
summary,S4,5,care_score_uncoordinated,invalid_claim_frac,0.942957382441262,0.9420568213084475,0.9438959148574342,,
summary,S4,5,care_score_uncoordinated,gini,0.9122247303247181,0.9108738002021795,0.9136116599994913,,
summary,S4,5,care_score_uncoordinated,mean_commute_min,19.798060075716876,19.41971057450212,20.168534938219626,,
summary,S4,5,care_score_uncoordinated,median_wait_nonvulnerable,66.24289795543272,66.16400832585428,66.31725641356842,,
summary,S4,5,care_score_uncoordinated,unserved_frac_nonvulnerable,0.9503687344095274,0.9483850885762831,0.952410133909097,,
summary,S4,5,care_score_uncoordinated,fully_staffed_frac_all,0.10578333333333337,0.10425000000000001,0.10716666666666663,,
summary,S4,5,care_score_full_compliance,median_wait_vulnerable,0.873990745940693,0.8254472940147098,0.930327147791308,,
summary,S4,5,care_score_full_compliance,unserved_frac_vulnerable,0,0,0,,
summary,S4,5,care_score_full_compliance,fully_staffed_frac_vulnerable,1,1,1,,
summary,S4,5,care_score_full_compliance,wait_gap_vulnerable,-6.87884406875844,-6.975856790841169,-6.772343148551559,,
summary,S4,5,care_score_full_compliance,median_wait_severe,1.2526433261792058,1.1568822717340148,1.3589407107130786,,
summary,S4,5,care_score_full_compliance,unserved_frac_severe,0,0,0,,
summary,S4,5,care_score_full_compliance,fully_staffed_frac_severe,1,1,1,,
summary,S4,5,care_score_full_compliance,wait_gap_severe,-5.601765620777166,-5.729320161409028,-5.474191938962323,,
summary,S4,5,care_score_full_compliance,invalid_claim_frac,0,0,0,,
summary,S4,5,care_score_full_compliance,gini,0.28450407117898585,0.2832972690482125,0.2857979854906404,,
summary,S4,5,care_score_full_compliance,mean_commute_min,19.83705314771605,19.49717382296842,20.16542403635015,,
summary,S4,5,care_score_full_compliance,median_wait_nonvulnerable,7.752834814699136,7.650641322611295,7.850158411785736,,
summary,S4,5,care_score_full_compliance,unserved_frac_nonvulnerable,0,0,0,,
summary,S4,5,care_score_full_compliance,fully_staffed_frac_all,1,1,1,,
paired_diff,S4,5,coordinated_latest,median_wait_vulnerable,0.6248466502353714,0.5484325975503967,0.7025870321866092,1.1602669684361466,0.5354203182007751
paired_diff,S4,5,coordinated_latest,unserved_frac_vulnerable,0,0,0,0,0
paired_diff,S4,5,coordinated_latest,fully_staffed_frac_vulnerable,0,0,0,1,1
paired_diff,S4,5,coordinated_latest,wait_gap_vulnerable,-6.041878789229864,-6.158953528567714,-5.920761384781009,-6.11342474560252,-0.0715459563726486
paired_diff,S4,5,coordinated_latest,median_wait_severe,0.794821921449932,0.6149462546726596,0.9711214248108619,1.6724985029615034,0.8776765815115711
paired_diff,S4,5,coordinated_latest,unserved_frac_severe,0,0,0,0,0
paired_diff,S4,5,coordinated_latest,fully_staffed_frac_severe,0,0,0,1,1
paired_diff,S4,5,coordinated_latest,wait_gap_severe,-4.998745554770285,-5.202595771333775,-4.801883697423371,-4.668415093772453,0.3303304609978391
paired_diff,S4,5,coordinated_latest,invalid_claim_frac,0,0,0,0,0
paired_diff,S4,5,coordinated_latest,gini,0,0,0,0.28450407117898585,0.28450407117898585
paired_diff,S4,5,coordinated_latest,mean_commute_min,-1.0954200509634878e-15,-3.552713678800501e-15,1.3737159558028603e-15,19.837053147716045,19.83705314771604
paired_diff,S4,5,coordinated_latest,median_wait_nonvulnerable,6.6667254394652335,6.55891526795897,6.774880154859067,7.273691714038656,0.6069662745734238
paired_diff,S4,5,coordinated_latest,unserved_frac_nonvulnerable,0,0,0,0,0
paired_diff,S4,5,coordinated_latest,fully_staffed_frac_all,0,0,0,1,1
paired_diff,S4,5,random,median_wait_vulnerable,-1.9836475768769841,-2.0632014808437518,-1.9015135055565138,1.1602669684361466,3.1439145453131294
paired_diff,S4,5,random,unserved_frac_vulnerable,0,0,0,0,0
paired_diff,S4,5,random,fully_staffed_frac_vulnerable,0,0,0,1,1
paired_diff,S4,5,random,wait_gap_vulnerable,-5.805786403465284,-5.936784082093455,-5.675495284724498,-6.11342474560252,-0.3076383421372343
paired_diff,S4,5,random,median_wait_severe,-1.730070383874746,-1.8637430455067276,-1.5881429733829922,1.6724985029615034,3.402568886836249
paired_diff,S4,5,random,unserved_frac_severe,0,0,0,0,0
paired_diff,S4,5,random,fully_staffed_frac_severe,0,0,0,1,1
paired_diff,S4,5,random,wait_gap_severe,-4.703402267344519,-4.870175790524234,-4.536284479263921,-4.668415093772453,0.034987173572067334
paired_diff,S4,5,random,invalid_claim_frac,-0.4998590507233528,-0.4998955444635786,-0.49981509788886114,0,0.4998590507233528
paired_diff,S4,5,random,gini,0,0,0,0.28450407117898585,0.28450407117898585
paired_diff,S4,5,random,mean_commute_min,8.4673009344745275e-16,-1.3145040611561853e-15,2.9724371112630858e-15,19.837053147716045,19.837053147716045
paired_diff,S4,5,random,median_wait_nonvulnerable,3.822138826588298,3.733514029904667,3.9115936056578575,7.273691714038656,3.4515528874503656
paired_diff,S4,5,random,unserved_frac_nonvulnerable,0,0,0,0,0
paired_diff,S4,5,random,fully_staffed_frac_all,0,0,0,1,1
paired_diff,S4,5,latest,median_wait_vulnerable,0.14328620172819942,-0.4680160438854143,0.6118258866408637,1.1602669684361466,1.0169807667079465
paired_diff,S4,5,latest,unserved_frac_vulnerable,-0.33669937724997034,-0.34396124620494345,-0.329345201439046,0,0.33669937724997034
paired_diff,S4,5,latest,fully_staffed_frac_vulnerable,0.4217547279406519,0.4141777001930993,0.4294947060829989,1,0.5782452720593481
paired_diff,S4,5,latest,wait_gap_vulnerable,-5.524687735728955,-6.542779645250065,-4.398634283097472,-6.11342474560252,-0.5887370098735606
paired_diff,S4,5,latest,median_wait_severe,-3.8026574364683166,-5.698886301313838,-1.9892288781968888,1.6724985029615034,5.475155939429821
paired_diff,S4,5,latest,unserved_frac_severe,-0.3783327261521901,-0.3881878488854549,-0.36873003895567574,0,0.3783327261521901
paired_diff,S4,5,latest,fully_staffed_frac_severe,0.4736397036503435,0.463283918745677,0.48385672671470437,1,0.5263602963496568
paired_diff,S4,5,latest,wait_gap_severe,-9.642864456932173,-11.508713087708214,-7.797882590052131,-4.668415093772453,4.974449363159717
paired_diff,S4,5,latest,invalid_claim_frac,-0.7324128657824077,-0.7346145321183074,-0.7302919954098034,0,0.7324128657824077
paired_diff,S4,5,latest,gini,-0.2787909009947517,-0.2818310683510963,-0.27558328293010104,0.28450407117898585,0.5632949721737373
paired_diff,S4,5,latest,mean_commute_min,-0.04758785914753636,-0.1055255275873785,0.011507808977213579,19.837053147716045,19.88464100686359
paired_diff,S4,5,latest,median_wait_nonvulnerable,5.667973937457147,4.654204285235515,6.5016873715957395,7.273691714038656,1.6057177765815078
paired_diff,S4,5,latest,unserved_frac_nonvulnerable,-0.40150659516954346,-0.4061955217180021,-0.3966175416187505,0,0.40150659516954346
paired_diff,S4,5,latest,fully_staffed_frac_all,0.48203333333333326,0.47758333333333347,0.4862166666666668,1,0.5179666666666666
paired_diff,S4,5,nearest,median_wait_vulnerable,-62.5567896506481,-62.70734192885329,-62.39786353698512,1.1602669684361466,63.717056619084175
paired_diff,S4,5,nearest,unserved_frac_vulnerable,-0.892388396052735,-0.8967010713337411,-0.8881393936710189,0,0.892388396052735
paired_diff,S4,5,nearest,fully_staffed_frac_vulnerable,0.9020488428457228,0.8980040231559174,0.9061159019723868,1,0.09795115715427674
paired_diff,S4,5,nearest,wait_gap_vulnerable,-4.286010090733544,-4.477839084309015,-4.075416146245039,-6.11342474560252,-1.827414654868971
paired_diff,S4,5,nearest,median_wait_severe,-63.04639704498557,-63.230477338460055,-62.87026578301926,1.6724985029615034,64.71889554794707
paired_diff,S4,5,nearest,unserved_frac_severe,-0.885398429338508,-0.8912499438206782,-0.879677411256396,0,0.885398429338508
paired_diff,S4,5,nearest,fully_staffed_frac_severe,0.8950083908962415,0.8897772778499318,0.9003654245139233,1,0.104991609103758
paired_diff,S4,5,nearest,wait_gap_severe,-4.222474754367585,-4.442126326313456,-4.0129362831337065,-4.668415093772453,-0.445940339404865
paired_diff,S4,5,nearest,invalid_claim_frac,-0.9466257617124635,-0.9475209991565084,-0.9457958034026445,0,0.9466257617124635
paired_diff,S4,5,nearest,gini,-0.6334016756104952,-0.6351827929832642,-0.6316029713550231,0.28450407117898585,0.917905746789481
paired_diff,S4,5,nearest,mean_commute_min,13.057568285104441,12.732508140312147,13.3882196723785,19.837053147716045,6.779484862611616
paired_diff,S4,5,nearest,median_wait_nonvulnerable,-58.27077955991448,-58.369943895836535,-58.17259792019205,7.273691714038656,65.54447127395315
paired_diff,S4,5,nearest,unserved_frac_nonvulnerable,-0.8842297788151557,-0.8865611364700019,-0.8819227914918679,0,0.8842297788151557
paired_diff,S4,5,nearest,fully_staffed_frac_all,0.8959833333333328,0.894333333333333,0.8975833333333327,1,0.10401666666666669
ablation_diff,S4,5,care_score_uncoordinated_minus_latest,median_wait_vulnerable,57.95287836948127,57.2937473800619,58.50921341681433,58.969859136189264,1.0169807667079465
ablation_diff,S4,5,care_score_uncoordinated_minus_latest,unserved_frac_vulnerable,0.3507866798895105,0.34189284943960013,0.35995721043304396,0.6874860571394807,0.33669937724997034
ablation_diff,S4,5,care_score_uncoordinated_minus_latest,fully_staffed_frac_vulnerable,-0.29452555789890555,-0.30392610218653443,-0.28548626735639854,0.28371971416044206,0.5782452720593481
ablation_diff,S4,5,care_score_uncoordinated_minus_latest,wait_gap_vulnerable,-6.684301809369926,-7.696775675488449,-5.537133751440385,-7.273038819243484,-0.5887370098735606
ablation_diff,S4,5,care_score_uncoordinated_minus_latest,median_wait_severe,54.60869825204774,52.74788915994017,56.44420702725022,60.08385419147755,5.475155939429821
ablation_diff,S4,5,care_score_uncoordinated_minus_latest,unserved_frac_severe,0.3146429513809327,0.3020962118912809,0.3280009931158821,0.6929756775331227,0.3783327261521901
ablation_diff,S4,5,care_score_uncoordinated_minus_latest,fully_staffed_frac_severe,-0.25009163972903187,-0.2636899089202535,-0.23668848324329636,0.27626865662062483,0.5263602963496568
ablation_diff,S4,5,care_score_uncoordinated_minus_latest,wait_gap_severe,-10.39840050739298,-12.253961084032598,-8.526736790625753,-5.423951144233257,4.974449363159717
ablation_diff,S4,5,care_score_uncoordinated_minus_latest,invalid_claim_frac,0.21054451665885462,0.20830365476704266,0.21269788886156385,0.942957382441262,0.7324128657824077
ablation_diff,S4,5,care_score_uncoordinated_minus_latest,gini,0.3489297581509806,0.34612144457336974,0.35208231626781156,0.9122247303247181,0.5632949721737373
ablation_diff,S4,5,care_score_uncoordinated_minus_latest,mean_commute_min,-0.08658093114670029,-0.29361157154353645,0.12183313539210758,19.798060075716876,19.88464100686359
ablation_diff,S4,5,care_score_uncoordinated_minus_latest,median_wait_nonvulnerable,64.63718017885128,63.59913751645236,65.47469885454703,66.24289795543272,1.6057177765815078
ablation_diff,S4,5,care_score_uncoordinated_minus_latest,unserved_frac_nonvulnerable,0.5488621392399857,0.5440614981676313,0.5537773320337944,0.9503687344095274,0.40150659516954346
ablation_diff,S4,5,care_score_uncoordinated_minus_latest,fully_staffed_frac_all,-0.4121833333333332,-0.4165000000000004,-0.40815000000000023,0.10578333333333337,0.5179666666666666
ablation_diff,S4,5,care_score_uncoordinated_minus_nearest,median_wait_vulnerable,-4.747197482894941,-5.005524524121062,-4.495342930761664,58.969859136189264,63.717056619084175
ablation_diff,S4,5,care_score_uncoordinated_minus_nearest,unserved_frac_vulnerable,-0.2049023389132545,-0.21120230301037865,-0.19843371357558834,0.6874860571394807,0.892388396052735
ablation_diff,S4,5,care_score_uncoordinated_minus_nearest,fully_staffed_frac_vulnerable,0.18576855700616549,0.17950276002696108,0.19186391596163554,0.28371971416044206,0.09795115715427674
ablation_diff,S4,5,care_score_uncoordinated_minus_nearest,wait_gap_vulnerable,-5.445624164374519,-5.715643218028479,-5.1762824329949755,-7.273038819243484,-1.827414654868971
ablation_diff,S4,5,care_score_uncoordinated_minus_nearest,median_wait_severe,-4.635041356469479,-5.369031980365459,-4.05358831175218,60.08385419147755,64.71889554794707
ablation_diff,S4,5,care_score_uncoordinated_minus_nearest,unserved_frac_severe,-0.19242275180538532,-0.20272375149570424,-0.1826927254990092,0.6929756775331227,0.885398429338508
ablation_diff,S4,5,care_score_uncoordinated_minus_nearest,fully_staffed_frac_severe,0.1712770475168668,0.16211343354377175,0.18076619804613067,0.27626865662062483,0.104991609103758
ablation_diff,S4,5,care_score_uncoordinated_minus_nearest,wait_gap_severe,-4.978010804828399,-5.729913045050946,-4.38648912870037,-5.423951144233257,-0.445940339404865
ablation_diff,S4,5,care_score_uncoordinated_minus_nearest,invalid_claim_frac,-0.0036683792712015532,-0.004789543958819085,-0.002509347232847703,0.942957382441262,0.9466257617124635
ablation_diff,S4,5,care_score_uncoordinated_minus_nearest,gini,-0.005681016464762198,-0.007302112959834674,-0.003950641251594867,0.9122247303247181,0.917905746789481
ablation_diff,S4,5,care_score_uncoordinated_minus_nearest,mean_commute_min,13.018575213105272,12.664499224986722,13.383492354625659,19.798060075716876,6.779484862611616
ablation_diff,S4,5,care_score_uncoordinated_minus_nearest,median_wait_nonvulnerable,0.6984266814795801,0.6512501365494772,0.7482785311922591,66.24289795543272,65.54447127395315
ablation_diff,S4,5,care_score_uncoordinated_minus_nearest,unserved_frac_nonvulnerable,0.06613895559437225,0.06340755581053414,0.06882463241980175,0.9503687344095274,0.8842297788151557
ablation_diff,S4,5,care_score_uncoordinated_minus_nearest,fully_staffed_frac_all,0.0017666666666666664,-0.0002333333333333335,0.0035500000000000015,0.10578333333333337,0.10401666666666669
summary,S6,0,latest,median_wait_vulnerable,14.29462012553469,11.510405339614756,17.191108698891508,,
summary,S6,0,latest,unserved_frac_vulnerable,0.45179890539510476,0.4437148371924932,0.4594358185369555,,
summary,S6,0,latest,fully_staffed_frac_vulnerable,0.42019468731116066,0.4129994038997242,0.4271969326670645,,
summary,S6,0,latest,wait_gap_vulnerable,6.736890584489823,3.058559327721033,10.317089558619246,,
summary,S6,0,latest,median_wait_severe,20.23136891960024,17.215739664695995,23.478616522131162,,
summary,S6,0,latest,unserved_frac_severe,0.45590726062267056,0.44724155270023896,0.46504791529980155,,
summary,S6,0,latest,fully_staffed_frac_severe,0.41509346587912344,0.40520322976621376,0.4250440373807728,,
summary,S6,0,latest,wait_gap_severe,12.486178553677934,8.537648851974307,16.320012455748305,,
summary,S6,0,latest,invalid_claim_frac,0.779302509737004,0.7775075093722394,0.7810249555391467,,
summary,S6,0,latest,gini,0.6048879050628215,0.6018419755228054,0.6079281329369135,,
summary,S6,0,latest,mean_commute_min,19.849797689255333,19.488956254843057,20.194780776898956,,
summary,S6,0,latest,median_wait_nonvulnerable,7.557729541044869,5.494139913502244,9.768618778446916,,
summary,S6,0,latest,unserved_frac_nonvulnerable,0.4505760142300266,0.44618657895031133,0.45507438961187946,,
summary,S6,0,latest,fully_staffed_frac_all,0.4178000000000001,0.4143000000000006,0.42128333333333323,,
summary,S6,0,nearest,median_wait_vulnerable,66.16133347545606,66.02135037889428,66.29332057096788,,
summary,S6,0,nearest,unserved_frac_vulnerable,0.9356855277979145,0.9323389102823887,0.9390156302873967,,
summary,S6,0,nearest,fully_staffed_frac_vulnerable,0.05601986788093099,0.05287710504111497,0.05911574417049907,,
summary,S6,0,nearest,wait_gap_vulnerable,0.05044742701201592,-0.10520641398517126,0.2070532556120742,,
summary,S6,0,nearest,median_wait_severe,65.9260787265053,65.75510949634602,66.10413272666722,,
summary,S6,0,nearest,unserved_frac_severe,0.9323443792471598,0.9278681308644131,0.9368910316662871,,
summary,S6,0,nearest,fully_staffed_frac_severe,0.060155395230275084,0.055676749678985546,0.0645814331441166,,
summary,S6,0,nearest,wait_gap_severe,-0.24471799529916297,-0.42780642828679677,-0.050611367149502345,,
summary,S6,0,nearest,invalid_claim_frac,0.9697405179891644,0.969116305545592,0.9704011156410042,,
summary,S6,0,nearest,gini,0.9509579747529151,0.9499534278363998,0.9519478987607349,,
summary,S6,0,nearest,mean_commute_min,5.824133785055409,5.454317816493567,6.210771045300276,,
summary,S6,0,nearest,median_wait_nonvulnerable,66.11088604844407,66.03029621555403,66.1912372792339,,
summary,S6,0,nearest,unserved_frac_nonvulnerable,0.9318927543893378,0.9300822295055923,0.9336803293992241,,
summary,S6,0,nearest,fully_staffed_frac_all,0.058383333333333336,0.05724999999999999,0.05950000000000002,,
summary,S6,0,attention,median_wait_vulnerable,6.166776057044479,6.022980573707389,6.312454691213418,,
summary,S6,0,attention,unserved_frac_vulnerable,0.0933793126283133,0.08898931867505236,0.09745405044593182,,
summary,S6,0,attention,fully_staffed_frac_vulnerable,0.7681124203846074,0.7616963480751272,0.7739808593151203,,
summary,S6,0,attention,wait_gap_vulnerable,0.02329359747036908,-0.14163413538541075,0.20287717365489766,,
summary,S6,0,attention,median_wait_severe,6.432437234954809,6.235977989999296,6.629490982187262,,
summary,S6,0,attention,unserved_frac_severe,0.09678815179905928,0.09125853558673903,0.10251155854493839,,
summary,S6,0,attention,fully_staffed_frac_severe,0.7629270599565198,0.7549984284842236,0.7707907598979524,,
summary,S6,0,attention,wait_gap_severe,0.3405032864090603,0.11607525736843238,0.5472559906067492,,
summary,S6,0,attention,invalid_claim_frac,0.5989970636594667,0.5973391664022121,0.6005887330228056,,
summary,S6,0,attention,gini,0.34672779231092465,0.34478516427659117,0.34875045342220595,,
summary,S6,0,attention,mean_commute_min,19.83063638462102,19.48872922148297,20.15559220914312,,
summary,S6,0,attention,median_wait_nonvulnerable,6.143482459574105,6.045235342565931,6.24935618002954,,
summary,S6,0,attention,unserved_frac_nonvulnerable,0.09166799989202898,0.08886401731720085,0.09472312714639192,,
summary,S6,0,attention,fully_staffed_frac_all,0.7680499999999995,0.7648833333333335,0.7714666666666661,,
summary,S6,0,random,median_wait_vulnerable,4.7904849861852306,4.702276417029992,4.87871534992112,,
summary,S6,0,random,unserved_frac_vulnerable,0.0027476757343225713,0.0019807611016382106,0.0035425886207411613,,
summary,S6,0,random,fully_staffed_frac_vulnerable,0.9615962428895978,0.9585492527945563,0.9644467344093516,,
summary,S6,0,random,wait_gap_vulnerable,0.04880384053224552,-0.058589490905831605,0.15546752324914734,,
summary,S6,0,random,median_wait_severe,4.736370953515231,4.6204561244424385,4.8620389074485155,,
summary,S6,0,random,unserved_frac_severe,0.0026708509113286196,0.001732644414944924,0.003681725109915042,,
summary,S6,0,random,fully_staffed_frac_severe,0.9618108993584059,0.9579095552343434,0.9655060549129292,,
summary,S6,0,random,wait_gap_severe,-0.01031996115483107,-0.13509262719802448,0.11918350875626466,,
summary,S6,0,random,invalid_claim_frac,0.512936106944508,0.5124276795334076,0.5134753755975873,,
summary,S6,0,random,gini,0.281532023594722,0.2803742907222961,0.2827702076166652,,
summary,S6,0,random,mean_commute_min,19.84064087589756,19.501363239055923,20.169778765905424,,
summary,S6,0,random,median_wait_nonvulnerable,4.741681145652986,4.679456652471437,4.805858916996144,,
summary,S6,0,random,unserved_frac_nonvulnerable,0.002369640942787916,0.001955775054296589,0.0028154471888554885,,
summary,S6,0,random,fully_staffed_frac_all,0.9617166666666667,0.9603333333333328,0.9630500000000003,,
summary,S6,0,care_score,median_wait_vulnerable,2.0567324620381076,1.948950857702068,2.1729774146632126,,
summary,S6,0,care_score,unserved_frac_vulnerable,0,0,0,,
summary,S6,0,care_score,fully_staffed_frac_vulnerable,1,1,1,,
summary,S6,0,care_score,wait_gap_vulnerable,-5.623250770759889,-5.762465609318794,-5.481482361272949,,
summary,S6,0,care_score,median_wait_severe,2.225116203142656,2.0855756423556255,2.3726318822135797,,
summary,S6,0,care_score,unserved_frac_severe,0,0,0,,
summary,S6,0,care_score,fully_staffed_frac_severe,1,1,1,,
summary,S6,0,care_score,wait_gap_severe,-4.712856910290476,-4.879561161388486,-4.545781643545697,,
summary,S6,0,care_score,invalid_claim_frac,0,0,0,,
summary,S6,0,care_score,gini,0.28450407117898585,0.2832972690482125,0.2857979854906404,,
summary,S6,0,care_score,mean_commute_min,19.837053147716045,19.497173822968428,20.165424036350146,,
summary,S6,0,care_score,median_wait_nonvulnerable,7.679983232797998,7.573713403900257,7.7844669640773265,,
summary,S6,0,care_score,unserved_frac_nonvulnerable,0,0,0,,
summary,S6,0,care_score,fully_staffed_frac_all,1,1,1,,
summary,S6,0,coordinated_latest,median_wait_vulnerable,0.9591013344511221,0.8293067259134272,1.1104144393013102,,
summary,S6,0,coordinated_latest,unserved_frac_vulnerable,0,0,0,,
summary,S6,0,coordinated_latest,fully_staffed_frac_vulnerable,1,1,1,,
summary,S6,0,coordinated_latest,wait_gap_vulnerable,0.324391646325384,0.1737904866071171,0.48616889288648196,,
summary,S6,0,coordinated_latest,median_wait_severe,1.2017261832860189,1.0143275206652056,1.394391029161075,,
summary,S6,0,coordinated_latest,unserved_frac_severe,0,0,0,,
summary,S6,0,coordinated_latest,fully_staffed_frac_severe,1,1,1,,
summary,S6,0,coordinated_latest,wait_gap_severe,0.6004675418078878,0.4092975245770075,0.7985983814449789,,
summary,S6,0,coordinated_latest,invalid_claim_frac,0,0,0,,
summary,S6,0,coordinated_latest,gini,0.28450407117898585,0.2832972690482125,0.2857979854906404,,
summary,S6,0,coordinated_latest,mean_commute_min,19.83705314771604,19.49717382296843,20.16542403635015,,
summary,S6,0,coordinated_latest,median_wait_nonvulnerable,0.6347096881257375,0.5880771340361995,0.6983118594287151,,
summary,S6,0,coordinated_latest,unserved_frac_nonvulnerable,0,0,0,,
summary,S6,0,coordinated_latest,fully_staffed_frac_all,1,1,1,,
summary,S6,0,coordinated_nearest,median_wait_vulnerable,5.741907320444917,5.559319100098978,5.9345017454421365,,
summary,S6,0,coordinated_nearest,unserved_frac_vulnerable,0,0,0,,
summary,S6,0,coordinated_nearest,fully_staffed_frac_vulnerable,1,1,1,,
summary,S6,0,coordinated_nearest,wait_gap_vulnerable,-0.014923484760819991,-0.22890258305757252,0.1922575999082573,,
summary,S6,0,coordinated_nearest,median_wait_severe,5.586932240943024,5.350927897883148,5.811571471340944,,
summary,S6,0,coordinated_nearest,unserved_frac_severe,0,0,0,,
summary,S6,0,coordinated_nearest,fully_staffed_frac_severe,1,1,1,,
summary,S6,0,coordinated_nearest,wait_gap_severe,-0.17326899412248245,-0.4272518337117113,0.0566895550661971,,
summary,S6,0,coordinated_nearest,invalid_claim_frac,0,0,0,,
summary,S6,0,coordinated_nearest,gini,0.28450407117898585,0.2832972690482125,0.2857979854906404,,
summary,S6,0,coordinated_nearest,mean_commute_min,19.837053147716038,19.497173822968435,20.165424036350153,,
summary,S6,0,coordinated_nearest,median_wait_nonvulnerable,5.75683080520574,5.62891322593575,5.889155706427447,,
summary,S6,0,coordinated_nearest,unserved_frac_nonvulnerable,0,0,0,,
summary,S6,0,coordinated_nearest,fully_staffed_frac_all,1,1,1,,
summary,S6,0,care_score_uncoordinated,median_wait_vulnerable,64.26815012999398,64.08975441781541,64.43880990654885,,
summary,S6,0,care_score_uncoordinated,unserved_frac_vulnerable,0.7986110025510788,0.7942633330379982,0.8029272386373655,,
summary,S6,0,care_score_uncoordinated,fully_staffed_frac_vulnerable,0.17477054242973933,0.1710024462791813,0.1786355303732398,,
summary,S6,0,care_score_uncoordinated,wait_gap_vulnerable,-2.3012938501466365,-2.4864371314413463,-2.1175262151260785,,
summary,S6,0,care_score_uncoordinated,median_wait_severe,64.08941280236549,63.83677131564257,64.3331495470181,,
summary,S6,0,care_score_uncoordinated,unserved_frac_severe,0.8084620544268645,0.8018510425040467,0.8149978615842765,,
summary,S6,0,care_score_uncoordinated,fully_staffed_frac_severe,0.16736534416937474,0.16144472290468698,0.1732747794094318,,
summary,S6,0,care_score_uncoordinated,wait_gap_severe,-2.2702070115985515,-2.5329334358757634,-2.0126947950460794,,
summary,S6,0,care_score_uncoordinated,invalid_claim_frac,0.9678950350736094,0.967284042631141,0.9685510468774451,,
summary,S6,0,care_score_uncoordinated,gini,0.9485777771618962,0.9476183715234009,0.9495611762676534,,
summary,S6,0,care_score_uncoordinated,mean_commute_min,19.82520759078251,19.422249726906262,20.253150322541895,,
summary,S6,0,care_score_uncoordinated,median_wait_nonvulnerable,66.56944398014062,66.49781943451588,66.6401241665162,,
summary,S6,0,care_score_uncoordinated,unserved_frac_nonvulnerable,0.9783295615691384,0.9768552380730241,0.97970293123359,,
summary,S6,0,care_score_uncoordinated,fully_staffed_frac_all,0.058916666666666694,0.05785,0.05995000000000001,,
summary,S6,0,care_score_full_compliance,median_wait_vulnerable,1.5419110103568179,1.4505034279766906,1.6432513962257516,,
summary,S6,0,care_score_full_compliance,unserved_frac_vulnerable,0,0,0,,
summary,S6,0,care_score_full_compliance,fully_staffed_frac_vulnerable,1,1,1,,
summary,S6,0,care_score_full_compliance,wait_gap_vulnerable,-6.614691334479676,-6.726704955738743,-6.490146048307878,,
summary,S6,0,care_score_full_compliance,median_wait_severe,1.6904175996685842,1.5715221613950139,1.8220612769901565,,
summary,S6,0,care_score_full_compliance,unserved_frac_severe,0,0,0,,
summary,S6,0,care_score_full_compliance,fully_staffed_frac_severe,1,1,1,,
summary,S6,0,care_score_full_compliance,wait_gap_severe,-5.692797956682401,-5.829292690950097,-5.547463968227698,,
summary,S6,0,care_score_full_compliance,invalid_claim_frac,0,0,0,,
summary,S6,0,care_score_full_compliance,gini,0.28450407117898585,0.2832972690482125,0.2857979854906404,,
summary,S6,0,care_score_full_compliance,mean_commute_min,19.83705314771605,19.49717382296842,20.165424036350146,,
summary,S6,0,care_score_full_compliance,median_wait_nonvulnerable,8.156602344836493,8.055790980210832,8.25109167952923,,
summary,S6,0,care_score_full_compliance,unserved_frac_nonvulnerable,0,0,0,,
summary,S6,0,care_score_full_compliance,fully_staffed_frac_all,1,1,1,,
paired_diff,S6,0,coordinated_latest,median_wait_vulnerable,1.0976311275869854,0.9336187587722018,1.2480415961429376,2.0567324620381076,0.9591013344511221
paired_diff,S6,0,coordinated_latest,unserved_frac_vulnerable,0,0,0,0,0
paired_diff,S6,0,coordinated_latest,fully_staffed_frac_vulnerable,0,0,0,1,1
paired_diff,S6,0,coordinated_latest,wait_gap_vulnerable,-5.947642417085273,-6.131720178802983,-5.760020471980755,-5.623250770759889,0.324391646325384
paired_diff,S6,0,coordinated_latest,median_wait_severe,1.0233900198566366,0.8262501234525306,1.2323700840213418,2.225116203142656,1.2017261832860189
paired_diff,S6,0,coordinated_latest,unserved_frac_severe,0,0,0,0,0
paired_diff,S6,0,coordinated_latest,fully_staffed_frac_severe,0,0,0,1,1
paired_diff,S6,0,coordinated_latest,wait_gap_severe,-5.313324452098359,-5.538857599866572,-5.0877167637844245,-4.712856910290476,0.6004675418078878
paired_diff,S6,0,coordinated_latest,invalid_claim_frac,0,0,0,0,0
paired_diff,S6,0,coordinated_latest,gini,0,0,0,0.28450407117898585,0.28450407117898585
paired_diff,S6,0,coordinated_latest,mean_commute_min,-1.3381888190148553e-15,-3.611925573447176e-15,9.592326932761353e-16,19.837053147716045,19.83705314771604
paired_diff,S6,0,coordinated_latest,median_wait_nonvulnerable,7.045273544672253,6.941407063194682,7.1524447200786625,7.679983232797998,0.6347096881257375
paired_diff,S6,0,coordinated_latest,unserved_frac_nonvulnerable,0,0,0,0,0
paired_diff,S6,0,coordinated_latest,fully_staffed_frac_all,0,0,0,1,1
paired_diff,S6,0,random,median_wait_vulnerable,-2.733752524147122,-2.863426813567167,-2.6078694941521277,2.0567324620381076,4.7904849861852306
paired_diff,S6,0,random,unserved_frac_vulnerable,-0.0027476757343225713,-0.0035425886207411613,-0.0019807611016382106,0,0.0027476757343225713
paired_diff,S6,0,random,fully_staffed_frac_vulnerable,0.038403757110402156,0.03555326559064773,0.04145074720544389,1,0.9615962428895978
paired_diff,S6,0,random,wait_gap_vulnerable,-5.672054611292137,-5.841479415536531,-5.500158314052955,-5.623250770759889,0.04880384053224552
paired_diff,S6,0,random,median_wait_severe,-2.511254750372577,-2.686192061566322,-2.3374246658695585,2.225116203142656,4.736370953515231
paired_diff,S6,0,random,unserved_frac_severe,-0.0026708509113286196,-0.003681725109915042,-0.001732644414944924,0,0.0026708509113286196
paired_diff,S6,0,random,fully_staffed_frac_severe,0.03818910064159466,0.034493945087071404,0.04209044476565697,1,0.9618108993584059
paired_diff,S6,0,random,wait_gap_severe,-4.702536949135646,-4.907518213056759,-4.4963621391021436,-4.712856910290476,-0.01031996115483107
paired_diff,S6,0,random,invalid_claim_frac,-0.512936106944508,-0.5134753755975873,-0.5124276795334076,0,0.512936106944508
paired_diff,S6,0,random,gini,0.002972047584263652,0.002465236281104608,0.0034899747405718194,0.28450407117898585,0.281532023594722
paired_diff,S6,0,random,mean_commute_min,-0.003587728181513275,-0.014044294168789122,0.006596257909962245,19.837053147716045,19.84064087589756
paired_diff,S6,0,random,median_wait_nonvulnerable,2.938302087145011,2.8373730024492567,3.0293203109448443,7.679983232797998,4.741681145652986
paired_diff,S6,0,random,unserved_frac_nonvulnerable,-0.002369640942787916,-0.0028154471888554885,-0.001955775054296589,0,0.002369640942787916
paired_diff,S6,0,random,fully_staffed_frac_all,0.038283333333333336,0.03695,0.039666666666666704,1,0.9617166666666667
paired_diff,S6,0,latest,median_wait_vulnerable,-12.237887663496586,-15.083135684983265,-9.46950956422539,2.0567324620381076,14.29462012553469
paired_diff,S6,0,latest,unserved_frac_vulnerable,-0.45179890539510476,-0.4594358185369555,-0.4437148371924932,0,0.45179890539510476
paired_diff,S6,0,latest,fully_staffed_frac_vulnerable,0.5798053126888392,0.5728030673329356,0.5870005961002751,1,0.42019468731116066
paired_diff,S6,0,latest,wait_gap_vulnerable,-12.360141355249713,-15.852610200663193,-8.709940378121717,-5.623250770759889,6.736890584489823
paired_diff,S6,0,latest,median_wait_severe,-18.00625271645757,-21.18467280405274,-15.084548213722226,2.225116203142656,20.23136891960024
paired_diff,S6,0,latest,unserved_frac_severe,-0.45590726062267056,-0.46504791529980155,-0.44724155270023896,0,0.45590726062267056
paired_diff,S6,0,latest,fully_staffed_frac_severe,0.5849065341208762,0.574955962619227,0.5947967702337857,1,0.41509346587912344
paired_diff,S6,0,latest,wait_gap_severe,-17.19903546396843,-21.05599477683797,-13.306659392530523,-4.712856910290476,12.486178553677934
paired_diff,S6,0,latest,invalid_claim_frac,-0.779302509737004,-0.7810249555391467,-0.7775075093722394,0,0.779302509737004
paired_diff,S6,0,latest,gini,-0.3203838338838355,-0.32353828807348295,-0.3172715269540636,0.28450407117898585,0.6048879050628215
paired_diff,S6,0,latest,mean_commute_min,-0.012744541539282016,-0.08634817007530887,0.05604159411577591,19.837053147716045,19.849797689255333
paired_diff,S6,0,latest,median_wait_nonvulnerable,0.12225369175312892,-2.0849822388196104,2.125877406462639,7.679983232797998,7.557729541044869
paired_diff,S6,0,latest,unserved_frac_nonvulnerable,-0.4505760142300266,-0.45507438961187946,-0.44618657895031133,0,0.4505760142300266
paired_diff,S6,0,latest,fully_staffed_frac_all,0.5821999999999997,0.5787166666666667,0.5856999999999997,1,0.4178000000000001
paired_diff,S6,0,nearest,median_wait_vulnerable,-64.10460101341796,-64.22265382241363,-63.976192903331004,2.0567324620381076,66.16133347545606
paired_diff,S6,0,nearest,unserved_frac_vulnerable,-0.9356855277979145,-0.9390156302873967,-0.9323389102823887,0,0.9356855277979145
paired_diff,S6,0,nearest,fully_staffed_frac_vulnerable,0.9439801321190687,0.9408842558295005,0.9471228949588854,1,0.05601986788093099
paired_diff,S6,0,nearest,wait_gap_vulnerable,-5.673698197771899,-5.823948421551218,-5.505986024356438,-5.623250770759889,0.05044742701201592
paired_diff,S6,0,nearest,median_wait_severe,-63.70096252336265,-63.86177220785458,-63.54119702807871,2.225116203142656,65.9260787265053
paired_diff,S6,0,nearest,unserved_frac_severe,-0.9323443792471598,-0.9368910316662871,-0.9278681308644131,0,0.9323443792471598
paired_diff,S6,0,nearest,fully_staffed_frac_severe,0.9398446047697258,0.9354185668558841,0.9443232503210148,1,0.060155395230275084
paired_diff,S6,0,nearest,wait_gap_severe,-4.46813891499131,-4.662513135879613,-4.282197592974794,-4.712856910290476,-0.24471799529916297
paired_diff,S6,0,nearest,invalid_claim_frac,-0.9697405179891644,-0.9704011156410042,-0.969116305545592,0,0.9697405179891644
paired_diff,S6,0,nearest,gini,-0.66645390357393,-0.6679547455167264,-0.6648616063373464,0.28450407117898585,0.9509579747529151
paired_diff,S6,0,nearest,mean_commute_min,14.012919362660636,13.682232527845153,14.353658426193654,19.837053147716045,5.824133785055409
paired_diff,S6,0,nearest,median_wait_nonvulnerable,-58.4309028156461,-58.52829157617622,-58.338658159163124,7.679983232797998,66.11088604844407
paired_diff,S6,0,nearest,unserved_frac_nonvulnerable,-0.9318927543893378,-0.9336803293992241,-0.9300822295055923,0,0.9318927543893378
paired_diff,S6,0,nearest,fully_staffed_frac_all,0.9416166666666654,0.9404999999999991,0.9427499999999984,1,0.058383333333333336
ablation_diff,S6,0,care_score_uncoordinated_minus_latest,median_wait_vulnerable,49.9735300044593,47.17003938971357,52.70299727026968,64.26815012999398,14.29462012553469
ablation_diff,S6,0,care_score_uncoordinated_minus_latest,unserved_frac_vulnerable,0.34681209715597444,0.33781194925766334,0.3557037475908967,0.7986110025510788,0.45179890539510476
ablation_diff,S6,0,care_score_uncoordinated_minus_latest,fully_staffed_frac_vulnerable,-0.24542414488142134,-0.2534544397975697,-0.2372475286587813,0.17477054242973933,0.42019468731116066
ablation_diff,S6,0,care_score_uncoordinated_minus_latest,wait_gap_vulnerable,-9.038184434636456,-12.575379067259425,-5.430645867700709,-2.3012938501466365,6.736890584489823
ablation_diff,S6,0,care_score_uncoordinated_minus_latest,median_wait_severe,43.85804388276525,40.72230139966907,46.75021957069215,64.08941280236549,20.23136891960024
ablation_diff,S6,0,care_score_uncoordinated_minus_latest,unserved_frac_severe,0.3525547938041942,0.3414461866456273,0.36357917544527685,0.8084620544268645,0.45590726062267056
ablation_diff,S6,0,care_score_uncoordinated_minus_latest,fully_staffed_frac_severe,-0.24772812170974887,-0.2596885478562037,-0.23564908043281477,0.16736534416937474,0.41509346587912344
ablation_diff,S6,0,care_score_uncoordinated_minus_latest,wait_gap_severe,-14.756385565276487,-18.530928062175015,-10.904542962916072,-2.2702070115985515,12.486178553677934
ablation_diff,S6,0,care_score_uncoordinated_minus_latest,invalid_claim_frac,0.18859252533660592,0.18673551648414696,0.19049424456544256,0.9678950350736094,0.779302509737004
ablation_diff,S6,0,care_score_uncoordinated_minus_latest,gini,0.3436898720990751,0.3407429739539064,0.3466489869501889,0.9485777771618962,0.6048879050628215
ablation_diff,S6,0,care_score_uncoordinated_minus_latest,mean_commute_min,-0.02459009847282467,-0.30517994376463725,0.2624753723330453,19.82520759078251,19.849797689255333
ablation_diff,S6,0,care_score_uncoordinated_minus_latest,median_wait_nonvulnerable,59.01171443909576,56.828447776737946,61.05064239051411,66.56944398014062,7.557729541044869
ablation_diff,S6,0,care_score_uncoordinated_minus_latest,unserved_frac_nonvulnerable,0.5277535473391137,0.5232179359685343,0.5323567083584612,0.9783295615691384,0.4505760142300266
ablation_diff,S6,0,care_score_uncoordinated_minus_latest,fully_staffed_frac_all,-0.3588833333333329,-0.36239999999999994,-0.35533333333333333,0.058916666666666694,0.4178000000000001
ablation_diff,S6,0,care_score_uncoordinated_minus_nearest,median_wait_vulnerable,-1.8931833454621128,-2.019304148049405,-1.7748749435903441,64.26815012999398,66.16133347545606
ablation_diff,S6,0,care_score_uncoordinated_minus_nearest,unserved_frac_vulnerable,-0.13707452524683575,-0.14225131750192901,-0.13175447607129917,0.7986110025510788,0.9356855277979145
ablation_diff,S6,0,care_score_uncoordinated_minus_nearest,fully_staffed_frac_vulnerable,0.11875067454880832,0.11409943942040521,0.12321765331345456,0.17477054242973933,0.05601986788093099
ablation_diff,S6,0,care_score_uncoordinated_minus_nearest,wait_gap_vulnerable,-2.3517412771586534,-2.493903402117745,-2.222383824790658,-2.3012938501466365,0.05044742701201592
ablation_diff,S6,0,care_score_uncoordinated_minus_nearest,median_wait_severe,-1.8366659241398606,-2.0476885424769966,-1.6431912967714737,64.08941280236549,65.9260787265053
ablation_diff,S6,0,care_score_uncoordinated_minus_nearest,unserved_frac_severe,-0.12388232482029445,-0.1315916067263769,-0.11661293698287525,0.8084620544268645,0.9323443792471598
ablation_diff,S6,0,care_score_uncoordinated_minus_nearest,fully_staffed_frac_severe,0.10720994893909963,0.09989996503198129,0.11431750805397693,0.16736534416937474,0.060155395230275084
ablation_diff,S6,0,care_score_uncoordinated_minus_nearest,wait_gap_severe,-2.025489016299391,-2.243633582499993,-1.825626626583862,-2.2702070115985515,-0.24471799529916297
ablation_diff,S6,0,care_score_uncoordinated_minus_nearest,invalid_claim_frac,-0.0018454829155539576,-0.0027070902401302344,-0.0010102352014940122,0.9678950350736094,0.9697405179891644
ablation_diff,S6,0,care_score_uncoordinated_minus_nearest,gini,-0.0023801975910192376,-0.0035840125818608322,-0.001140052201555132,0.9485777771618962,0.9509579747529151
ablation_diff,S6,0,care_score_uncoordinated_minus_nearest,mean_commute_min,14.001073805727104,13.598967271457914,14.410584133385392,19.82520759078251,5.824133785055409
ablation_diff,S6,0,care_score_uncoordinated_minus_nearest,median_wait_nonvulnerable,0.45855793169654013,0.4218016473763187,0.4946101411114184,66.56944398014062,66.11088604844407
ablation_diff,S6,0,care_score_uncoordinated_minus_nearest,unserved_frac_nonvulnerable,0.04643680717980241,0.04433261383692208,0.04864638768958497,0.9783295615691384,0.9318927543893378
ablation_diff,S6,0,care_score_uncoordinated_minus_nearest,fully_staffed_frac_all,0.000533333333333333,-0.0007333333333333333,0.001850000000000001,0.058916666666666694,0.058383333333333336
summary,S6,1,latest,median_wait_vulnerable,10.01201138540106,7.608386211390495,12.519434785628334,,
summary,S6,1,latest,unserved_frac_vulnerable,0.4230405701253841,0.4153046835355473,0.4305352581256762,,
summary,S6,1,latest,fully_staffed_frac_vulnerable,0.4616165458605255,0.4544553754156714,0.4690313552965704,,
summary,S6,1,latest,wait_gap_vulnerable,6.478458743463985,3.4800273990277453,9.618101983386296,,
summary,S6,1,latest,median_wait_severe,13.890147962405875,11.162407512802929,16.785791850401417,,
summary,S6,1,latest,unserved_frac_severe,0.4256823412200957,0.4164077976358351,0.4358725292016848,,
summary,S6,1,latest,fully_staffed_frac_severe,0.46086329807512166,0.45054754419303633,0.4706536199403684,,
summary,S6,1,latest,wait_gap_severe,12.143070496880396,9.231844552645514,15.220676125695082,,
summary,S6,1,latest,invalid_claim_frac,0.7594127154820299,0.7574870878511973,0.7613960468230788,,
summary,S6,1,latest,gini,0.5882700019233218,0.5852931837274126,0.5912518808598235,,
summary,S6,1,latest,mean_commute_min,19.86257487166787,19.497821705804142,20.20162359720336,,
summary,S6,1,latest,median_wait_nonvulnerable,3.533552641937077,2.14895809605996,5.080460392024176,,
summary,S6,1,latest,unserved_frac_nonvulnerable,0.42319803546542967,0.41852293786905315,0.4278681171155742,,
summary,S6,1,latest,fully_staffed_frac_all,0.4611499999999997,0.4574999999999999,0.46498333333333297,,
summary,S6,1,nearest,median_wait_vulnerable,65.99099376230296,65.84803572351693,66.12425558666563,,
summary,S6,1,nearest,unserved_frac_vulnerable,0.9214180428535422,0.9178172407040396,0.9250914794028207,,
summary,S6,1,nearest,fully_staffed_frac_vulnerable,0.06979478208513436,0.0665228775669163,0.07302760801758981,,
summary,S6,1,nearest,wait_gap_vulnerable,0.018548837004704312,-0.14609970152335638,0.1716569140884846,,
summary,S6,1,nearest,median_wait_severe,65.75273590623289,65.58787243036178,65.92963408891023,,
summary,S6,1,nearest,unserved_frac_severe,0.9181761473296831,0.9130094108805927,0.9232274588845515,,
summary,S6,1,nearest,fully_staffed_frac_severe,0.07375463670765987,0.06905011499902039,0.07852973571205336,,
summary,S6,1,nearest,wait_gap_severe,-0.2548127269099217,-0.4378738348506952,-0.055576164802439695,,
summary,S6,1,nearest,invalid_claim_frac,0.9629527716883545,0.9622369454288879,0.9637313658032589,,
summary,S6,1,nearest,gini,0.9414025903930656,0.9402725426349257,0.9424899846629522,,
summary,S6,1,nearest,mean_commute_min,6.152498728856034,5.782672512015804,6.538466470041462,,
summary,S6,1,nearest,median_wait_nonvulnerable,65.9724449252982,65.88930342026693,66.05766782866122,,
summary,S6,1,nearest,unserved_frac_nonvulnerable,0.9186458959615534,0.916688187735992,0.9206615898147693,,
summary,S6,1,nearest,fully_staffed_frac_all,0.07134999999999993,0.07001666666666664,0.0726666666666667,,
summary,S6,1,attention,median_wait_vulnerable,4.7351355275384845,4.6330494695103885,4.838142638045785,,
summary,S6,1,attention,unserved_frac_vulnerable,0.03475376500338019,0.03188503404893406,0.03751698006501101,,
summary,S6,1,attention,fully_staffed_frac_vulnerable,0.8898995243987764,0.8849158606406039,0.894693493351654,,
summary,S6,1,attention,wait_gap_vulnerable,-0.031149121843560272,-0.1432840725553896,0.08199562307979849,,
summary,S6,1,attention,median_wait_severe,4.879879022161368,4.735013219333117,5.027812967126247,,
summary,S6,1,attention,unserved_frac_severe,0.036502110087377714,0.032868267871158326,0.040245736747292836,,
summary,S6,1,attention,fully_staffed_frac_severe,0.8853279340148515,0.8797198364572155,0.8913165265031354,,
summary,S6,1,attention,wait_gap_severe,0.12063204978328464,-0.027442888038930136,0.27846313819027685,,
summary,S6,1,attention,invalid_claim_frac,0.5461290048691043,0.5450183844305962,0.5471956412979441,,
summary,S6,1,attention,gini,0.3085910251489448,0.3070433823493694,0.31010240327256205,,
summary,S6,1,attention,mean_commute_min,19.832742556387583,19.48894041834158,20.159098277525654,,
summary,S6,1,attention,median_wait_nonvulnerable,4.766284649382046,4.693807440469357,4.838029584524825,,
summary,S6,1,attention,unserved_frac_nonvulnerable,0.03600638411097149,0.03418977032412403,0.037809152356694485,,
summary,S6,1,attention,fully_staffed_frac_all,0.8873333333333329,0.8851166666666668,0.8896833333333333,,
summary,S6,1,random,median_wait_vulnerable,4.080216181662675,3.998595221993377,4.168541916569659,,
summary,S6,1,random,unserved_frac_vulnerable,0.00006944444444444444,0,0.00020833333333333335,,
summary,S6,1,random,fully_staffed_frac_vulnerable,0.9989196291594287,0.9983558218567424,0.9994098770602293,,
summary,S6,1,random,wait_gap_vulnerable,0.10712635187218536,0.021020742246603052,0.1946288481244826,,
summary,S6,1,random,median_wait_severe,3.9637152539094616,3.8616330815721684,4.071347304251748,,
summary,S6,1,random,unserved_frac_severe,0,0,0,,
summary,S6,1,random,fully_staffed_frac_severe,0.9990791152595223,0.9983871004540928,0.999636730715678,,
summary,S6,1,random,wait_gap_severe,-0.04272656342318756,-0.15555490357469146,0.06841569496254084,,
summary,S6,1,random,invalid_claim_frac,0.5002560579759483,0.5001408315570155,0.50037504162258,,
summary,S6,1,random,gini,0.284282997253885,0.2830921185315105,0.28557053809231847,,
summary,S6,1,random,mean_commute_min,19.837414438981032,19.497029234450114,20.165032953824873,,
summary,S6,1,random,median_wait_nonvulnerable,3.9730898297904877,3.9167211280536245,4.032669084334593,,
summary,S6,1,random,unserved_frac_nonvulnerable,0,0,0,,
summary,S6,1,random,fully_staffed_frac_all,0.998883333333334,0.9986000000000009,0.9991500000000005,,
summary,S6,1,care_score,median_wait_vulnerable,2.0567324620381076,1.948950857702068,2.1729774146632126,,
summary,S6,1,care_score,unserved_frac_vulnerable,0,0,0,,
summary,S6,1,care_score,fully_staffed_frac_vulnerable,1,1,1,,
summary,S6,1,care_score,wait_gap_vulnerable,-5.623250770759889,-5.762465609318794,-5.481482361272949,,
summary,S6,1,care_score,median_wait_severe,2.225116203142656,2.0855756423556255,2.3726318822135797,,
summary,S6,1,care_score,unserved_frac_severe,0,0,0,,
summary,S6,1,care_score,fully_staffed_frac_severe,1,1,1,,
summary,S6,1,care_score,wait_gap_severe,-4.712856910290476,-4.879561161388486,-4.545781643545697,,
summary,S6,1,care_score,invalid_claim_frac,0,0,0,,
summary,S6,1,care_score,gini,0.28450407117898585,0.2832972690482125,0.2857979854906404,,
summary,S6,1,care_score,mean_commute_min,19.837053147716045,19.497173822968428,20.165424036350146,,
summary,S6,1,care_score,median_wait_nonvulnerable,7.679983232797998,7.573713403900257,7.7844669640773265,,
summary,S6,1,care_score,unserved_frac_nonvulnerable,0,0,0,,
summary,S6,1,care_score,fully_staffed_frac_all,1,1,1,,
summary,S6,1,coordinated_latest,median_wait_vulnerable,0.9591013344511221,0.8293067259134272,1.1104144393013102,,
summary,S6,1,coordinated_latest,unserved_frac_vulnerable,0,0,0,,
summary,S6,1,coordinated_latest,fully_staffed_frac_vulnerable,1,1,1,,
summary,S6,1,coordinated_latest,wait_gap_vulnerable,0.324391646325384,0.1737904866071171,0.48616889288648196,,
summary,S6,1,coordinated_latest,median_wait_severe,1.2017261832860189,1.0143275206652056,1.394391029161075,,
summary,S6,1,coordinated_latest,unserved_frac_severe,0,0,0,,
summary,S6,1,coordinated_latest,fully_staffed_frac_severe,1,1,1,,
summary,S6,1,coordinated_latest,wait_gap_severe,0.6004675418078878,0.4092975245770075,0.7985983814449789,,
summary,S6,1,coordinated_latest,invalid_claim_frac,0,0,0,,
summary,S6,1,coordinated_latest,gini,0.28450407117898585,0.2832972690482125,0.2857979854906404,,
summary,S6,1,coordinated_latest,mean_commute_min,19.83705314771604,19.49717382296843,20.16542403635015,,
summary,S6,1,coordinated_latest,median_wait_nonvulnerable,0.6347096881257375,0.5880771340361995,0.6983118594287151,,
summary,S6,1,coordinated_latest,unserved_frac_nonvulnerable,0,0,0,,
summary,S6,1,coordinated_latest,fully_staffed_frac_all,1,1,1,,
summary,S6,1,coordinated_nearest,median_wait_vulnerable,5.741907320444917,5.559319100098978,5.9345017454421365,,
summary,S6,1,coordinated_nearest,unserved_frac_vulnerable,0,0,0,,
summary,S6,1,coordinated_nearest,fully_staffed_frac_vulnerable,1,1,1,,
summary,S6,1,coordinated_nearest,wait_gap_vulnerable,-0.014923484760819991,-0.22890258305757252,0.1922575999082573,,
summary,S6,1,coordinated_nearest,median_wait_severe,5.586932240943024,5.350927897883148,5.811571471340944,,
summary,S6,1,coordinated_nearest,unserved_frac_severe,0,0,0,,
summary,S6,1,coordinated_nearest,fully_staffed_frac_severe,1,1,1,,
summary,S6,1,coordinated_nearest,wait_gap_severe,-0.17326899412248245,-0.4272518337117113,0.0566895550661971,,
summary,S6,1,coordinated_nearest,invalid_claim_frac,0,0,0,,
summary,S6,1,coordinated_nearest,gini,0.28450407117898585,0.2832972690482125,0.2857979854906404,,
summary,S6,1,coordinated_nearest,mean_commute_min,19.837053147716038,19.497173822968435,20.165424036350153,,
summary,S6,1,coordinated_nearest,median_wait_nonvulnerable,5.75683080520574,5.62891322593575,5.889155706427447,,
summary,S6,1,coordinated_nearest,unserved_frac_nonvulnerable,0,0,0,,
summary,S6,1,coordinated_nearest,fully_staffed_frac_all,1,1,1,,
summary,S6,1,care_score_uncoordinated,median_wait_vulnerable,63.622383712725764,63.42173407296909,63.8248983240384,,
summary,S6,1,care_score_uncoordinated,unserved_frac_vulnerable,0.7664523680391929,0.7615828643300331,0.7713145383097769,,
summary,S6,1,care_score_uncoordinated,fully_staffed_frac_vulnerable,0.20603065047660804,0.20162897298327628,0.21050455470506324,,
summary,S6,1,care_score_uncoordinated,wait_gap_vulnerable,-2.8835944626022965,-3.0908436982732264,-2.679271216589267,,
summary,S6,1,care_score_uncoordinated,median_wait_severe,63.48407774962897,63.19875201989916,63.74980834783414,,
summary,S6,1,care_score_uncoordinated,unserved_frac_severe,0.7788614089849419,0.7714600712449122,0.7858670306946811,,
summary,S6,1,care_score_uncoordinated,fully_staffed_frac_severe,0.19474640409066296,0.18823264868359116,0.20143296327183935,,
summary,S6,1,care_score_uncoordinated,wait_gap_severe,-2.761682834830768,-3.0539530645237067,-2.494066228190802,,
summary,S6,1,care_score_uncoordinated,invalid_claim_frac,0.9615079734881775,0.9608038548115203,0.9622609461821482,,
summary,S6,1,care_score_uncoordinated,gini,0.9392370084809992,0.9381529535887586,0.9403834364397773,,
summary,S6,1,care_score_uncoordinated,mean_commute_min,19.888168112465035,19.498802006251672,20.28455004698264,,
summary,S6,1,care_score_uncoordinated,median_wait_nonvulnerable,66.50597817532808,66.43263258285425,66.57793757035641,,
summary,S6,1,care_score_uncoordinated,unserved_frac_nonvulnerable,0.9725746718013419,0.970925206971879,0.974114497045241,,
summary,S6,1,care_score_uncoordinated,fully_staffed_frac_all,0.07128333333333331,0.07008333333333325,0.0724333333333333,,
summary,S6,1,care_score_full_compliance,median_wait_vulnerable,1.5419110103568179,1.4505034279766906,1.6432513962257516,,
summary,S6,1,care_score_full_compliance,unserved_frac_vulnerable,0,0,0,,
summary,S6,1,care_score_full_compliance,fully_staffed_frac_vulnerable,1,1,1,,
summary,S6,1,care_score_full_compliance,wait_gap_vulnerable,-6.614691334479676,-6.726704955738743,-6.490146048307878,,
summary,S6,1,care_score_full_compliance,median_wait_severe,1.6904175996685842,1.5715221613950139,1.8220612769901565,,
summary,S6,1,care_score_full_compliance,unserved_frac_severe,0,0,0,,
summary,S6,1,care_score_full_compliance,fully_staffed_frac_severe,1,1,1,,
summary,S6,1,care_score_full_compliance,wait_gap_severe,-5.692797956682401,-5.829292690950097,-5.547463968227698,,
summary,S6,1,care_score_full_compliance,invalid_claim_frac,0,0,0,,
summary,S6,1,care_score_full_compliance,gini,0.28450407117898585,0.2832972690482125,0.2857979854906404,,
summary,S6,1,care_score_full_compliance,mean_commute_min,19.83705314771605,19.49717382296842,20.165424036350146,,
summary,S6,1,care_score_full_compliance,median_wait_nonvulnerable,8.156602344836493,8.055790980210832,8.25109167952923,,
summary,S6,1,care_score_full_compliance,unserved_frac_nonvulnerable,0,0,0,,
summary,S6,1,care_score_full_compliance,fully_staffed_frac_all,1,1,1,,
paired_diff,S6,1,coordinated_latest,median_wait_vulnerable,1.0976311275869854,0.9336187587722018,1.2480415961429376,2.0567324620381076,0.9591013344511221
paired_diff,S6,1,coordinated_latest,unserved_frac_vulnerable,0,0,0,0,0
paired_diff,S6,1,coordinated_latest,fully_staffed_frac_vulnerable,0,0,0,1,1
paired_diff,S6,1,coordinated_latest,wait_gap_vulnerable,-5.947642417085273,-6.131720178802983,-5.760020471980755,-5.623250770759889,0.324391646325384
paired_diff,S6,1,coordinated_latest,median_wait_severe,1.0233900198566366,0.8262501234525306,1.2323700840213418,2.225116203142656,1.2017261832860189
paired_diff,S6,1,coordinated_latest,unserved_frac_severe,0,0,0,0,0
paired_diff,S6,1,coordinated_latest,fully_staffed_frac_severe,0,0,0,1,1
paired_diff,S6,1,coordinated_latest,wait_gap_severe,-5.313324452098359,-5.538857599866572,-5.0877167637844245,-4.712856910290476,0.6004675418078878
paired_diff,S6,1,coordinated_latest,invalid_claim_frac,0,0,0,0,0
paired_diff,S6,1,coordinated_latest,gini,0,0,0,0.28450407117898585,0.28450407117898585
paired_diff,S6,1,coordinated_latest,mean_commute_min,-1.3381888190148553e-15,-3.611925573447176e-15,9.592326932761353e-16,19.837053147716045,19.83705314771604
paired_diff,S6,1,coordinated_latest,median_wait_nonvulnerable,7.045273544672253,6.941407063194682,7.1524447200786625,7.679983232797998,0.6347096881257375
paired_diff,S6,1,coordinated_latest,unserved_frac_nonvulnerable,0,0,0,0,0
paired_diff,S6,1,coordinated_latest,fully_staffed_frac_all,0,0,0,1,1
paired_diff,S6,1,random,median_wait_vulnerable,-2.023483719624567,-2.140979673562671,-1.9034395873138208,2.0567324620381076,4.080216181662675
paired_diff,S6,1,random,unserved_frac_vulnerable,-0.00006944444444444444,-0.00020833333333333335,0,0,0.00006944444444444444
paired_diff,S6,1,random,fully_staffed_frac_vulnerable,0.0010803708405715858,0.0005901229397707027,0.0016441781432577462,1,0.9989196291594287
paired_diff,S6,1,random,wait_gap_vulnerable,-5.730377122632074,-5.88382829590907,-5.574532996371525,-5.623250770759889,0.10712635187218536
paired_diff,S6,1,random,median_wait_severe,-1.738599050766808,-1.8980949900040003,-1.5838616867061435,2.225116203142656,3.9637152539094616
paired_diff,S6,1,random,unserved_frac_severe,0,0,0,0,0
paired_diff,S6,1,random,fully_staffed_frac_severe,0.0009208847404778645,0.0003632692843219158,0.0016128995459073047,1,0.9990791152595223
paired_diff,S6,1,random,wait_gap_severe,-4.670130346867291,-4.854112754580023,-4.493981474433925,-4.712856910290476,-0.04272656342318756
paired_diff,S6,1,random,invalid_claim_frac,-0.5002560579759483,-0.50037504162258,-0.5001408315570155,0,0.5002560579759483
paired_diff,S6,1,random,gini,0.00022107392510067807,0.00014619138885161678,0.0002988624868324171,0.28450407117898585,0.284282997253885
paired_diff,S6,1,random,mean_commute_min,-0.00036129126499459947,-0.00204338349245696,0.001390550974855742,19.837053147716045,19.837414438981032
paired_diff,S6,1,random,median_wait_nonvulnerable,3.706893403007507,3.614822219649108,3.80168466463482,7.679983232797998,3.9730898297904877
paired_diff,S6,1,random,unserved_frac_nonvulnerable,0,0,0,0,0
paired_diff,S6,1,random,fully_staffed_frac_all,0.0011166666666666677,0.0008500000000000007,0.0014000000000000013,1,0.998883333333334
paired_diff,S6,1,latest,median_wait_vulnerable,-7.955278923362956,-10.429890100395752,-5.546916656024683,2.0567324620381076,10.01201138540106
paired_diff,S6,1,latest,unserved_frac_vulnerable,-0.4230405701253841,-0.4305352581256762,-0.4153046835355473,0,0.4230405701253841
paired_diff,S6,1,latest,fully_staffed_frac_vulnerable,0.5383834541394744,0.5309686447034296,0.5455446245843282,1,0.4616165458605255
paired_diff,S6,1,latest,wait_gap_vulnerable,-12.101709514223876,-15.213858095037923,-9.162330891866937,-5.623250770759889,6.478458743463985
paired_diff,S6,1,latest,median_wait_severe,-11.665031759263224,-14.482107925748123,-8.980941832428721,2.225116203142656,13.890147962405875
paired_diff,S6,1,latest,unserved_frac_severe,-0.4256823412200957,-0.4358725292016848,-0.4164077976358351,0,0.4256823412200957
paired_diff,S6,1,latest,fully_staffed_frac_severe,0.5391367019248781,0.5293463800596316,0.5494524558069637,1,0.46086329807512166
paired_diff,S6,1,latest,wait_gap_severe,-16.85592740717087,-19.86086438960005,-14.001766292438615,-4.712856910290476,12.143070496880396
paired_diff,S6,1,latest,invalid_claim_frac,-0.7594127154820299,-0.7613960468230788,-0.7574870878511973,0,0.7594127154820299
paired_diff,S6,1,latest,gini,-0.303765930744336,-0.3067975969149227,-0.30073935730017565,0.28450407117898585,0.5882700019233218
paired_diff,S6,1,latest,mean_commute_min,-0.025521723951822426,-0.09207154298501512,0.039256912019199834,19.837053147716045,19.86257487166787
paired_diff,S6,1,latest,median_wait_nonvulnerable,4.146430590860914,2.608512837865935,5.506747798818752,7.679983232797998,3.533552641937077
paired_diff,S6,1,latest,unserved_frac_nonvulnerable,-0.42319803546542967,-0.4278681171155742,-0.41852293786905315,0,0.42319803546542967
paired_diff,S6,1,latest,fully_staffed_frac_all,0.5388500000000002,0.5350166666666668,0.5425000000000001,1,0.4611499999999997
paired_diff,S6,1,nearest,median_wait_vulnerable,-63.93426130026477,-64.05664377348624,-63.8058292076388,2.0567324620381076,65.99099376230296
paired_diff,S6,1,nearest,unserved_frac_vulnerable,-0.9214180428535422,-0.9250914794028207,-0.9178172407040396,0,0.9214180428535422
paired_diff,S6,1,nearest,fully_staffed_frac_vulnerable,0.9302052179148647,0.9269723919824099,0.9334771224330829,1,0.06979478208513436
paired_diff,S6,1,nearest,wait_gap_vulnerable,-5.641799607764593,-5.79378022968388,-5.476558810555631,-5.623250770759889,0.018548837004704312
paired_diff,S6,1,nearest,median_wait_severe,-63.52761970309022,-63.687943720681055,-63.36815134649223,2.225116203142656,65.75273590623289
paired_diff,S6,1,nearest,unserved_frac_severe,-0.9181761473296831,-0.9232274588845515,-0.9130094108805927,0,0.9181761473296831
paired_diff,S6,1,nearest,fully_staffed_frac_severe,0.9262453632923403,0.9214702642879465,0.9309498850009794,1,0.07375463670765987
paired_diff,S6,1,nearest,wait_gap_severe,-4.45804418338055,-4.6530005052945,-4.267429281538195,-4.712856910290476,-0.2548127269099217
paired_diff,S6,1,nearest,invalid_claim_frac,-0.9629527716883545,-0.9637313658032589,-0.9622369454288879,0,0.9629527716883545
paired_diff,S6,1,nearest,gini,-0.6568985192140805,-0.6584800262382986,-0.6552453977316848,0.28450407117898585,0.9414025903930656
paired_diff,S6,1,nearest,mean_commute_min,13.684554418860019,13.35977848551611,14.027967677622124,19.837053147716045,6.152498728856034
paired_diff,S6,1,nearest,median_wait_nonvulnerable,-58.292461692500204,-58.38874253970725,-58.200694346699734,7.679983232797998,65.9724449252982
paired_diff,S6,1,nearest,unserved_frac_nonvulnerable,-0.9186458959615534,-0.9206615898147693,-0.916688187735992,0,0.9186458959615534
paired_diff,S6,1,nearest,fully_staffed_frac_all,0.9286500000000004,0.9273333333333339,0.9299833333333342,1,0.07134999999999993
ablation_diff,S6,1,care_score_uncoordinated_minus_latest,median_wait_vulnerable,53.610372327324704,51.1524138895777,56.015113672084034,63.622383712725764,10.01201138540106
ablation_diff,S6,1,care_score_uncoordinated_minus_latest,unserved_frac_vulnerable,0.34341179791380905,0.3347199832338829,0.35263306939422207,0.7664523680391929,0.4230405701253841
ablation_diff,S6,1,care_score_uncoordinated_minus_latest,fully_staffed_frac_vulnerable,-0.2555858953839176,-0.26409077105503814,-0.24682282578575107,0.20603065047660804,0.4616165458605255
ablation_diff,S6,1,care_score_uncoordinated_minus_latest,wait_gap_vulnerable,-9.36205320606628,-12.477532276028398,-6.443020438038147,-2.8835944626022965,6.478458743463985
ablation_diff,S6,1,care_score_uncoordinated_minus_latest,median_wait_severe,49.59392978722312,46.80866364270672,52.264613144367324,63.48407774962897,13.890147962405875
ablation_diff,S6,1,care_score_uncoordinated_minus_latest,unserved_frac_severe,0.3531790677648462,0.34104333026778405,0.36462429804572644,0.7788614089849419,0.4256823412200957
ablation_diff,S6,1,care_score_uncoordinated_minus_latest,fully_staffed_frac_severe,-0.26611689398445865,-0.2785057217585806,-0.2530351499795597,0.19474640409066296,0.46086329807512166
ablation_diff,S6,1,care_score_uncoordinated_minus_latest,wait_gap_severe,-14.904753331711175,-17.93416751520609,-12.094960190361249,-2.761682834830768,12.143070496880396
ablation_diff,S6,1,care_score_uncoordinated_minus_latest,invalid_claim_frac,0.20209525800614744,0.20007467256689393,0.20413634929557228,0.9615079734881775,0.7594127154820299
ablation_diff,S6,1,care_score_uncoordinated_minus_latest,gini,0.3509670065576769,0.34821517621757825,0.3538977921933426,0.9392370084809992,0.5882700019233218
ablation_diff,S6,1,care_score_uncoordinated_minus_latest,mean_commute_min,0.02559324079716981,-0.23063413955794612,0.2946940640192462,19.888168112465035,19.86257487166787
ablation_diff,S6,1,care_score_uncoordinated_minus_latest,median_wait_nonvulnerable,62.97242553339098,61.43440935794316,64.31529909365882,66.50597817532808,3.533552641937077
ablation_diff,S6,1,care_score_uncoordinated_minus_latest,unserved_frac_nonvulnerable,0.5493766363359137,0.5445634445586135,0.5539901752809976,0.9725746718013419,0.42319803546542967
ablation_diff,S6,1,care_score_uncoordinated_minus_latest,fully_staffed_frac_all,-0.3898666666666663,-0.3935666666666667,-0.3863,0.07128333333333331,0.4611499999999997
ablation_diff,S6,1,care_score_uncoordinated_minus_nearest,median_wait_vulnerable,-2.3686100495771436,-2.5216813416416612,-2.214684680798349,63.622383712725764,65.99099376230296
ablation_diff,S6,1,care_score_uncoordinated_minus_nearest,unserved_frac_vulnerable,-0.15496567481434917,-0.16073159458343123,-0.1490319637903097,0.7664523680391929,0.9214180428535422
ablation_diff,S6,1,care_score_uncoordinated_minus_nearest,fully_staffed_frac_vulnerable,0.1362358683914738,0.13087535885325552,0.14133067081553585,0.20603065047660804,0.06979478208513436
ablation_diff,S6,1,care_score_uncoordinated_minus_nearest,wait_gap_vulnerable,-2.902143299606999,-3.061851691525894,-2.7367152895837137,-2.8835944626022965,0.018548837004704312
ablation_diff,S6,1,care_score_uncoordinated_minus_nearest,median_wait_severe,-2.2686581566039083,-2.5171642128394907,-2.050145401996632,63.48407774962897,65.75273590623289
ablation_diff,S6,1,care_score_uncoordinated_minus_nearest,unserved_frac_severe,-0.13931473834474076,-0.14777057832411017,-0.13112093516350626,0.7788614089849419,0.9181761473296831
ablation_diff,S6,1,care_score_uncoordinated_minus_nearest,fully_staffed_frac_severe,0.12099176738300327,0.11339257598969878,0.12882471405592383,0.19474640409066296,0.07375463670765987
ablation_diff,S6,1,care_score_uncoordinated_minus_nearest,wait_gap_severe,-2.506870107920849,-2.7652793773375897,-2.2774647321874255,-2.761682834830768,-0.2548127269099217
ablation_diff,S6,1,care_score_uncoordinated_minus_nearest,invalid_claim_frac,-0.0014447982001762863,-0.0024425613669284162,-0.00046185557306665403,0.9615079734881775,0.9629527716883545
ablation_diff,S6,1,care_score_uncoordinated_minus_nearest,gini,-0.0021655819120674604,-0.0035560536487937162,-0.0006907488763043649,0.9392370084809992,0.9414025903930656
ablation_diff,S6,1,care_score_uncoordinated_minus_nearest,mean_commute_min,13.735669383609002,13.346967803633845,14.114922858013482,19.888168112465035,6.152498728856034
ablation_diff,S6,1,care_score_uncoordinated_minus_nearest,median_wait_nonvulnerable,0.5335332500298544,0.4933102057350779,0.5733006422735388,66.50597817532808,65.9724449252982
ablation_diff,S6,1,care_score_uncoordinated_minus_nearest,unserved_frac_nonvulnerable,0.053928775839789854,0.051669398317409874,0.056176889909971495,0.9725746718013419,0.9186458959615534
ablation_diff,S6,1,care_score_uncoordinated_minus_nearest,fully_staffed_frac_all,-0.00006666666666666675,-0.0016333333333333336,0.0015000000000000007,0.07128333333333331,0.07134999999999993
summary,S6,5,latest,median_wait_vulnerable,8.195076646192032,5.998048347371335,10.496043186086704,,
summary,S6,5,latest,unserved_frac_vulnerable,0.411422657420066,0.4034750077857234,0.4189368637203608,,
summary,S6,5,latest,fully_staffed_frac_vulnerable,0.49046912055416775,0.48290826990374486,0.49847726693462374,,
summary,S6,5,latest,wait_gap_vulnerable,6.140954168084849,3.5333921580647862,8.682534750803747,,
summary,S6,5,latest,median_wait_severe,12.178854721420764,9.455924195902258,14.975138059961239,,
summary,S6,5,latest,unserved_frac_severe,0.4126125124276781,0.40334718935799097,0.4228968820359894,,
summary,S6,5,latest,fully_staffed_frac_severe,0.49230831133727987,0.4818142046345332,0.502095163337937,,
summary,S6,5,latest,wait_gap_severe,10.572862763358971,7.7333501102682645,13.590278602551866,,
summary,S6,5,latest,invalid_claim_frac,0.7462103003405925,0.7440835753262462,0.7483751874677605,,
summary,S6,5,latest,gini,0.5816962932464937,0.5785416262323008,0.5848015447976294,,
summary,S6,5,latest,mean_commute_min,19.882152379608538,19.52070557366558,20.217840090830062,,
summary,S6,5,latest,median_wait_nonvulnerable,2.0541224781071823,1.0748505944908489,3.251701524107211,,
summary,S6,5,latest,unserved_frac_nonvulnerable,0.40937376140671566,0.4045216128550095,0.4142626088316211,,
summary,S6,5,latest,fully_staffed_frac_all,0.4916,0.48755000000000004,0.4958833333333334,,
summary,S6,5,nearest,median_wait_vulnerable,65.61662450617582,65.46780059662677,65.75674735945145,,
summary,S6,5,nearest,unserved_frac_vulnerable,0.8900814882128861,0.8858520918618442,0.8942043730579526,,
summary,S6,5,nearest,fully_staffed_frac_vulnerable,0.10059295098185599,0.09677089154168211,0.10452992352142308,,
summary,S6,5,nearest,wait_gap_vulnerable,-0.010727005115566375,-0.1814381355949549,0.1547507068255544,,
summary,S6,5,nearest,median_wait_severe,65.38417157370554,65.20030305821093,65.5706476758227,,
summary,S6,5,nearest,unserved_frac_severe,0.888574108837724,0.8832111340218323,0.8939543574590771,,
summary,S6,5,nearest,fully_staffed_frac_severe,0.10257418720239043,0.0974759352004186,0.10767947346420435,,
summary,S6,5,nearest,wait_gap_severe,-0.2733700904795188,-0.4770453794514744,-0.06761845294750432,,
summary,S6,5,nearest,invalid_claim_frac,0.94782681900348,0.9470161974002658,0.9486893148636267,,
summary,S6,5,nearest,gini,0.9199379522245893,0.9186634186025098,0.9212451818928586,,
summary,S6,5,nearest,mean_commute_min,6.690221147351425,6.314349188405389,7.083766928227603,,
summary,S6,5,nearest,median_wait_nonvulnerable,65.62735151129132,65.53725613883248,65.71508650773809,,
summary,S6,5,nearest,unserved_frac_nonvulnerable,0.8890000417304174,0.8866816256340325,0.8912844869944871,,
summary,S6,5,nearest,fully_staffed_frac_all,0.10176666666666676,0.10016666666666664,0.10345000000000006,,
summary,S6,5,attention,median_wait_vulnerable,3.9695393431610433,3.8667383956066828,4.068644200985262,,
summary,S6,5,attention,unserved_frac_vulnerable,0.003963405253883074,0.003039309932672711,0.004909313302545704,,
summary,S6,5,attention,fully_staffed_frac_vulnerable,0.979015928729313,0.9770675134606757,0.9809974557406901,,
summary,S6,5,attention,wait_gap_vulnerable,-0.008130533105144827,-0.11796560586450708,0.09964851929887257,,
summary,S6,5,attention,median_wait_severe,4.0649663004499725,3.944155129426849,4.190423451513297,,
summary,S6,5,attention,unserved_frac_severe,0.0049025490364514035,0.003554830675020453,0.006400333526514883,,
summary,S6,5,attention,fully_staffed_frac_severe,0.9774777189661751,0.974677707928274,0.980178392658147,,
summary,S6,5,attention,wait_gap_severe,0.11783033227155293,-0.01897879897021234,0.2512255779477032,,
summary,S6,5,attention,invalid_claim_frac,0.5086763177316358,0.5081690514748034,0.5092179621258618,,
summary,S6,5,attention,gini,0.28706735649802845,0.2858790196408561,0.28833428181718423,,
summary,S6,5,attention,mean_commute_min,19.828705709973555,19.485757337537386,20.157268404158106,,
summary,S6,5,attention,median_wait_nonvulnerable,3.977669876266191,3.9044869603486823,4.049707767732255,,
summary,S6,5,attention,unserved_frac_nonvulnerable,0.004766312715962749,0.0041503390196352685,0.005441253063778928,,
summary,S6,5,attention,fully_staffed_frac_all,0.9779000000000013,0.976733333333334,0.9789666666666682,,
summary,S6,5,random,median_wait_vulnerable,3.7297636226080013,3.64461813556335,3.815049061599281,,
summary,S6,5,random,unserved_frac_vulnerable,0,0,0,,
summary,S6,5,random,fully_staffed_frac_vulnerable,1,1,1,,
summary,S6,5,random,wait_gap_vulnerable,0.08644079845647433,0.0007182345487292722,0.1683064265947913,,
summary,S6,5,random,median_wait_severe,3.6885020391849284,3.5872944231007615,3.7922857732882833,,
summary,S6,5,random,unserved_frac_severe,0,0,0,,
summary,S6,5,random,fully_staffed_frac_severe,1,1,1,,
summary,S6,5,random,wait_gap_severe,0.02488720094033994,-0.08638275256617911,0.13357849102898708,,
summary,S6,5,random,invalid_claim_frac,0.49986291811561473,0.49982107029887857,0.4998985628189873,,
summary,S6,5,random,gini,0.28450407117898585,0.2832972690482125,0.2857979854906404,,
summary,S6,5,random,mean_commute_min,19.83705314771604,19.497173822968428,20.16542403635015,,
summary,S6,5,random,median_wait_nonvulnerable,3.6433228241515256,3.584980339939087,3.70197537247648,,
summary,S6,5,random,unserved_frac_nonvulnerable,0,0,0,,
summary,S6,5,random,fully_staffed_frac_all,1,1,1,,
summary,S6,5,care_score,median_wait_vulnerable,2.0567324620381076,1.948950857702068,2.1729774146632126,,
summary,S6,5,care_score,unserved_frac_vulnerable,0,0,0,,
summary,S6,5,care_score,fully_staffed_frac_vulnerable,1,1,1,,
summary,S6,5,care_score,wait_gap_vulnerable,-5.623250770759889,-5.762465609318794,-5.481482361272949,,
summary,S6,5,care_score,median_wait_severe,2.225116203142656,2.0855756423556255,2.3726318822135797,,
summary,S6,5,care_score,unserved_frac_severe,0,0,0,,
summary,S6,5,care_score,fully_staffed_frac_severe,1,1,1,,
summary,S6,5,care_score,wait_gap_severe,-4.712856910290476,-4.879561161388486,-4.545781643545697,,
summary,S6,5,care_score,invalid_claim_frac,0,0,0,,
summary,S6,5,care_score,gini,0.28450407117898585,0.2832972690482125,0.2857979854906404,,
summary,S6,5,care_score,mean_commute_min,19.837053147716045,19.497173822968428,20.165424036350146,,
summary,S6,5,care_score,median_wait_nonvulnerable,7.679983232797998,7.573713403900257,7.7844669640773265,,
summary,S6,5,care_score,unserved_frac_nonvulnerable,0,0,0,,
summary,S6,5,care_score,fully_staffed_frac_all,1,1,1,,
summary,S6,5,coordinated_latest,median_wait_vulnerable,0.9591013344511221,0.8293067259134272,1.1104144393013102,,
summary,S6,5,coordinated_latest,unserved_frac_vulnerable,0,0,0,,
summary,S6,5,coordinated_latest,fully_staffed_frac_vulnerable,1,1,1,,
summary,S6,5,coordinated_latest,wait_gap_vulnerable,0.324391646325384,0.1737904866071171,0.48616889288648196,,
summary,S6,5,coordinated_latest,median_wait_severe,1.2017261832860189,1.0143275206652056,1.394391029161075,,
summary,S6,5,coordinated_latest,unserved_frac_severe,0,0,0,,
summary,S6,5,coordinated_latest,fully_staffed_frac_severe,1,1,1,,
summary,S6,5,coordinated_latest,wait_gap_severe,0.6004675418078878,0.4092975245770075,0.7985983814449789,,
summary,S6,5,coordinated_latest,invalid_claim_frac,0,0,0,,
summary,S6,5,coordinated_latest,gini,0.28450407117898585,0.2832972690482125,0.2857979854906404,,
summary,S6,5,coordinated_latest,mean_commute_min,19.83705314771604,19.49717382296843,20.16542403635015,,
summary,S6,5,coordinated_latest,median_wait_nonvulnerable,0.6347096881257375,0.5880771340361995,0.6983118594287151,,
summary,S6,5,coordinated_latest,unserved_frac_nonvulnerable,0,0,0,,
summary,S6,5,coordinated_latest,fully_staffed_frac_all,1,1,1,,
summary,S6,5,coordinated_nearest,median_wait_vulnerable,5.741907320444917,5.559319100098978,5.9345017454421365,,
summary,S6,5,coordinated_nearest,unserved_frac_vulnerable,0,0,0,,
summary,S6,5,coordinated_nearest,fully_staffed_frac_vulnerable,1,1,1,,
summary,S6,5,coordinated_nearest,wait_gap_vulnerable,-0.014923484760819991,-0.22890258305757252,0.1922575999082573,,
summary,S6,5,coordinated_nearest,median_wait_severe,5.586932240943024,5.350927897883148,5.811571471340944,,
summary,S6,5,coordinated_nearest,unserved_frac_severe,0,0,0,,
summary,S6,5,coordinated_nearest,fully_staffed_frac_severe,1,1,1,,
summary,S6,5,coordinated_nearest,wait_gap_severe,-0.17326899412248245,-0.4272518337117113,0.0566895550661971,,
summary,S6,5,coordinated_nearest,invalid_claim_frac,0,0,0,,
summary,S6,5,coordinated_nearest,gini,0.28450407117898585,0.2832972690482125,0.2857979854906404,,
summary,S6,5,coordinated_nearest,mean_commute_min,19.837053147716038,19.497173822968435,20.165424036350153,,
summary,S6,5,coordinated_nearest,median_wait_nonvulnerable,5.75683080520574,5.62891322593575,5.889155706427447,,
summary,S6,5,coordinated_nearest,unserved_frac_nonvulnerable,0,0,0,,
summary,S6,5,coordinated_nearest,fully_staffed_frac_all,1,1,1,,
summary,S6,5,care_score_uncoordinated,median_wait_vulnerable,61.743309107430285,61.4549544216847,62.0207927137537,,
summary,S6,5,care_score_uncoordinated,unserved_frac_vulnerable,0.6919513287556339,0.6864431984698767,0.6975638341117701,,
summary,S6,5,care_score_uncoordinated,fully_staffed_frac_vulnerable,0.2791928498175917,0.27387146709005405,0.28428311889072283,,
summary,S6,5,care_score_uncoordinated,wait_gap_vulnerable,-4.617656489414587,-4.903787509081606,-4.335280457135295,,
summary,S6,5,care_score_uncoordinated,median_wait_severe,61.70298815737603,61.24095438589681,62.100557045485886,,
summary,S6,5,care_score_uncoordinated,unserved_frac_severe,0.7076866573702492,0.6992116361571977,0.7159662711108641,,
summary,S6,5,care_score_uncoordinated,fully_staffed_frac_severe,0.2638519292796918,0.2560414135626848,0.2716684022271623,,
summary,S6,5,care_score_uncoordinated,wait_gap_severe,-4.2821118135253755,-4.75563885984505,-3.8667276316067856,,
summary,S6,5,care_score_uncoordinated,invalid_claim_frac,0.946057962255523,0.9452275537139029,0.9469191005930175,,
summary,S6,5,care_score_uncoordinated,gini,0.9171999858166415,0.9160034419783557,0.9185007508481077,,
summary,S6,5,care_score_uncoordinated,mean_commute_min,19.795521085773075,19.417372090459896,20.17532397411029,,
summary,S6,5,care_score_uncoordinated,median_wait_nonvulnerable,66.36096559684484,66.28557627237828,66.43399202874318,,
summary,S6,5,care_score_uncoordinated,unserved_frac_nonvulnerable,0.9582396153386893,0.956406269333673,0.9601187996780766,,
summary,S6,5,care_score_uncoordinated,fully_staffed_frac_all,0.10035000000000002,0.09898333333333335,0.10166666666666672,,
summary,S6,5,care_score_full_compliance,median_wait_vulnerable,1.5419110103568179,1.4505034279766906,1.6432513962257516,,
summary,S6,5,care_score_full_compliance,unserved_frac_vulnerable,0,0,0,,
summary,S6,5,care_score_full_compliance,fully_staffed_frac_vulnerable,1,1,1,,
summary,S6,5,care_score_full_compliance,wait_gap_vulnerable,-6.614691334479676,-6.726704955738743,-6.490146048307878,,
summary,S6,5,care_score_full_compliance,median_wait_severe,1.6904175996685842,1.5715221613950139,1.8220612769901565,,
summary,S6,5,care_score_full_compliance,unserved_frac_severe,0,0,0,,
summary,S6,5,care_score_full_compliance,fully_staffed_frac_severe,1,1,1,,
summary,S6,5,care_score_full_compliance,wait_gap_severe,-5.692797956682401,-5.829292690950097,-5.547463968227698,,
summary,S6,5,care_score_full_compliance,invalid_claim_frac,0,0,0,,
summary,S6,5,care_score_full_compliance,gini,0.28450407117898585,0.2832972690482125,0.2857979854906404,,
summary,S6,5,care_score_full_compliance,mean_commute_min,19.83705314771605,19.49717382296842,20.165424036350146,,
summary,S6,5,care_score_full_compliance,median_wait_nonvulnerable,8.156602344836493,8.055790980210832,8.25109167952923,,
summary,S6,5,care_score_full_compliance,unserved_frac_nonvulnerable,0,0,0,,
summary,S6,5,care_score_full_compliance,fully_staffed_frac_all,1,1,1,,
paired_diff,S6,5,coordinated_latest,median_wait_vulnerable,1.0976311275869854,0.9336187587722018,1.2480415961429376,2.0567324620381076,0.9591013344511221
paired_diff,S6,5,coordinated_latest,unserved_frac_vulnerable,0,0,0,0,0
paired_diff,S6,5,coordinated_latest,fully_staffed_frac_vulnerable,0,0,0,1,1
paired_diff,S6,5,coordinated_latest,wait_gap_vulnerable,-5.947642417085273,-6.131720178802983,-5.760020471980755,-5.623250770759889,0.324391646325384
paired_diff,S6,5,coordinated_latest,median_wait_severe,1.0233900198566366,0.8262501234525306,1.2323700840213418,2.225116203142656,1.2017261832860189
paired_diff,S6,5,coordinated_latest,unserved_frac_severe,0,0,0,0,0
paired_diff,S6,5,coordinated_latest,fully_staffed_frac_severe,0,0,0,1,1
paired_diff,S6,5,coordinated_latest,wait_gap_severe,-5.313324452098359,-5.538857599866572,-5.0877167637844245,-4.712856910290476,0.6004675418078878
paired_diff,S6,5,coordinated_latest,invalid_claim_frac,0,0,0,0,0
paired_diff,S6,5,coordinated_latest,gini,0,0,0,0.28450407117898585,0.28450407117898585
paired_diff,S6,5,coordinated_latest,mean_commute_min,-1.3381888190148553e-15,-3.611925573447176e-15,9.592326932761353e-16,19.837053147716045,19.83705314771604
paired_diff,S6,5,coordinated_latest,median_wait_nonvulnerable,7.045273544672253,6.941407063194682,7.1524447200786625,7.679983232797998,0.6347096881257375
paired_diff,S6,5,coordinated_latest,unserved_frac_nonvulnerable,0,0,0,0,0
paired_diff,S6,5,coordinated_latest,fully_staffed_frac_all,0,0,0,1,1
paired_diff,S6,5,random,median_wait_vulnerable,-1.6730311605698942,-1.7833776401945476,-1.559102726340823,2.0567324620381076,3.7297636226080013
paired_diff,S6,5,random,unserved_frac_vulnerable,0,0,0,0,0
paired_diff,S6,5,random,fully_staffed_frac_vulnerable,0,0,0,1,1
paired_diff,S6,5,random,wait_gap_vulnerable,-5.709691569216361,-5.858145399419333,-5.558027670424,-5.623250770759889,0.08644079845647433
paired_diff,S6,5,random,median_wait_severe,-1.4633858360422702,-1.6186820999015983,-1.3053528822024798,2.225116203142656,3.6885020391849284
paired_diff,S6,5,random,unserved_frac_severe,0,0,0,0,0
paired_diff,S6,5,random,fully_staffed_frac_severe,0,0,0,1,1
paired_diff,S6,5,random,wait_gap_severe,-4.737744111230811,-4.920926653188325,-4.558412894172799,-4.712856910290476,0.02488720094033994
paired_diff,S6,5,random,invalid_claim_frac,-0.49986291811561473,-0.4998985628189873,-0.49982107029887857,0,0.49986291811561473
paired_diff,S6,5,random,gini,0,0,0,0.28450407117898585,0.28450407117898585
paired_diff,S6,5,random,mean_commute_min,-1.7171449447535754e-16,-2.2263672387149807e-15,1.8947806286936005e-15,19.837053147716045,19.83705314771604
paired_diff,S6,5,random,median_wait_nonvulnerable,4.036660408646467,3.9512588489062646,4.126850208544903,7.679983232797998,3.6433228241515256
paired_diff,S6,5,random,unserved_frac_nonvulnerable,0,0,0,0,0
paired_diff,S6,5,random,fully_staffed_frac_all,0,0,0,1,1
paired_diff,S6,5,latest,median_wait_vulnerable,-6.138344184153916,-8.404808020449984,-3.9613386708555307,2.0567324620381076,8.195076646192032
paired_diff,S6,5,latest,unserved_frac_vulnerable,-0.411422657420066,-0.4189368637203608,-0.4034750077857234,0,0.411422657420066
paired_diff,S6,5,latest,fully_staffed_frac_vulnerable,0.5095308794458322,0.5015227330653763,0.5170917300962549,1,0.49046912055416775
paired_diff,S6,5,latest,wait_gap_vulnerable,-11.764204938844733,-14.322800878602678,-9.215738464776805,-5.623250770759889,6.140954168084849
paired_diff,S6,5,latest,median_wait_severe,-9.953738518278113,-12.728284895936921,-7.243686108181011,2.225116203142656,12.178854721420764
paired_diff,S6,5,latest,unserved_frac_severe,-0.4126125124276781,-0.4228968820359894,-0.40334718935799097,0,0.4126125124276781
paired_diff,S6,5,latest,fully_staffed_frac_severe,0.5076916886627199,0.49790483666206287,0.5181857953654667,1,0.49230831133727987
paired_diff,S6,5,latest,wait_gap_severe,-15.285719673649432,-18.31294473939649,-12.474737696679693,-4.712856910290476,10.572862763358971
paired_diff,S6,5,latest,invalid_claim_frac,-0.7462103003405925,-0.7483751874677605,-0.7440835753262462,0,0.7462103003405925
paired_diff,S6,5,latest,gini,-0.2971922220675079,-0.3002378545875055,-0.29404024407357543,0.28450407117898585,0.5816962932464937
paired_diff,S6,5,latest,mean_commute_min,-0.04509923189248378,-0.10943385889645176,0.021753322041945012,19.837053147716045,19.882152379608538
paired_diff,S6,5,latest,median_wait_nonvulnerable,5.625860754690812,4.472640563777327,6.560125207760975,7.679983232797998,2.0541224781071823
paired_diff,S6,5,latest,unserved_frac_nonvulnerable,-0.40937376140671566,-0.4142626088316211,-0.4045216128550095,0,0.40937376140671566
paired_diff,S6,5,latest,fully_staffed_frac_all,0.5084000000000002,0.5041166666666665,0.5124500000000001,1,0.4916
paired_diff,S6,5,nearest,median_wait_vulnerable,-63.55989204413767,-63.69127590899789,-63.42738950025298,2.0567324620381076,65.61662450617582
paired_diff,S6,5,nearest,unserved_frac_vulnerable,-0.8900814882128861,-0.8942043730579526,-0.8858520918618442,0,0.8900814882128861
paired_diff,S6,5,nearest,fully_staffed_frac_vulnerable,0.8994070490181431,0.8954700764785766,0.9032291084583174,1,0.10059295098185599
paired_diff,S6,5,nearest,wait_gap_vulnerable,-5.612523765644322,-5.771968523442735,-5.442710143807521,-5.623250770759889,-0.010727005115566375
paired_diff,S6,5,nearest,median_wait_severe,-63.1590553705629,-63.32138249740598,-62.99339981269444,2.225116203142656,65.38417157370554
paired_diff,S6,5,nearest,unserved_frac_severe,-0.888574108837724,-0.8939543574590771,-0.8832111340218323,0,0.888574108837724
paired_diff,S6,5,nearest,fully_staffed_frac_severe,0.8974258127976094,0.8923205265357954,0.9025240647995816,1,0.10257418720239043
paired_diff,S6,5,nearest,wait_gap_severe,-4.4394868198109565,-4.635482861983619,-4.251480055968952,-4.712856910290476,-0.2733700904795188
paired_diff,S6,5,nearest,invalid_claim_frac,-0.94782681900348,-0.9486893148636267,-0.9470161974002658,0,0.94782681900348
paired_diff,S6,5,nearest,gini,-0.6354338810456036,-0.6372168575603293,-0.6335987234774187,0.28450407117898585,0.9199379522245893
paired_diff,S6,5,nearest,mean_commute_min,13.146832000364618,12.821115651471821,13.483370709781163,19.837053147716045,6.690221147351425
paired_diff,S6,5,nearest,median_wait_nonvulnerable,-57.9473682784934,-58.045046172689645,-57.85308049818834,7.679983232797998,65.62735151129132
paired_diff,S6,5,nearest,unserved_frac_nonvulnerable,-0.8890000417304174,-0.8912844869944871,-0.8866816256340325,0,0.8890000417304174
paired_diff,S6,5,nearest,fully_staffed_frac_all,0.8982333333333337,0.896549999999999,0.8998333333333325,1,0.10176666666666676
ablation_diff,S6,5,care_score_uncoordinated_minus_latest,median_wait_vulnerable,53.548232461238285,51.3403966514,55.68123743530062,61.743309107430285,8.195076646192032
ablation_diff,S6,5,care_score_uncoordinated_minus_latest,unserved_frac_vulnerable,0.2805286713355688,0.2712592006881793,0.290108373230316,0.6919513287556339,0.411422657420066
ablation_diff,S6,5,care_score_uncoordinated_minus_latest,fully_staffed_frac_vulnerable,-0.21127627073657607,-0.2204016080826725,-0.20256958580054318,0.2791928498175917,0.49046912055416775
ablation_diff,S6,5,care_score_uncoordinated_minus_latest,wait_gap_vulnerable,-10.758610657499439,-13.287558792961885,-8.294152287375942,-4.617656489414587,6.140954168084849
ablation_diff,S6,5,care_score_uncoordinated_minus_latest,median_wait_severe,49.52413343595528,46.782002516234,52.17197080391298,61.70298815737603,12.178854721420764
ablation_diff,S6,5,care_score_uncoordinated_minus_latest,unserved_frac_severe,0.2950741449425715,0.2821257410729528,0.3077345108840377,0.7076866573702492,0.4126125124276781
ablation_diff,S6,5,care_score_uncoordinated_minus_latest,fully_staffed_frac_severe,-0.22845638205758823,-0.24145687334659552,-0.21490433084495913,0.2638519292796918,0.49230831133727987
ablation_diff,S6,5,care_score_uncoordinated_minus_latest,wait_gap_severe,-14.854974576884352,-17.821143407044325,-12.006077278115479,-4.2821118135253755,10.572862763358971
ablation_diff,S6,5,care_score_uncoordinated_minus_latest,invalid_claim_frac,0.19984766191493053,0.1977424761588747,0.20196507918749573,0.946057962255523,0.7462103003405925
ablation_diff,S6,5,care_score_uncoordinated_minus_latest,gini,0.33550369257014634,0.33255286050946187,0.33864529750520467,0.9171999858166415,0.5816962932464937
ablation_diff,S6,5,care_score_uncoordinated_minus_latest,mean_commute_min,-0.08663129383545776,-0.31031138135905734,0.14679445751609788,19.795521085773075,19.882152379608538
ablation_diff,S6,5,care_score_uncoordinated_minus_latest,median_wait_nonvulnerable,64.30684311873767,63.14852543203578,65.24217424881587,66.36096559684484,2.0541224781071823
ablation_diff,S6,5,care_score_uncoordinated_minus_latest,unserved_frac_nonvulnerable,0.548865853931974,0.5439015511040013,0.5538262027002734,0.9582396153386893,0.40937376140671566
ablation_diff,S6,5,care_score_uncoordinated_minus_latest,fully_staffed_frac_all,-0.39125000000000004,-0.39546666666666674,-0.38743333333333346,0.10035000000000002,0.4916
ablation_diff,S6,5,care_score_uncoordinated_minus_nearest,median_wait_vulnerable,-3.873315398745511,-4.1210652054484145,-3.631769419146569,61.743309107430285,65.61662450617582
ablation_diff,S6,5,care_score_uncoordinated_minus_nearest,unserved_frac_vulnerable,-0.1981301594572519,-0.20432455459864218,-0.19182777807352977,0.6919513287556339,0.8900814882128861
ablation_diff,S6,5,care_score_uncoordinated_minus_nearest,fully_staffed_frac_vulnerable,0.17859989883573565,0.17255086740414372,0.18453078821977212,0.2791928498175917,0.10059295098185599
ablation_diff,S6,5,care_score_uncoordinated_minus_nearest,wait_gap_vulnerable,-4.606929484299022,-4.86495624907477,-4.354097726573966,-4.617656489414587,-0.010727005115566375
ablation_diff,S6,5,care_score_uncoordinated_minus_nearest,median_wait_severe,-3.6811834163295276,-4.133100836693883,-3.2906698275695807,61.70298815737603,65.38417157370554
ablation_diff,S6,5,care_score_uncoordinated_minus_nearest,unserved_frac_severe,-0.18088745146747504,-0.19117587988753548,-0.1712154927294627,0.7076866573702492,0.888574108837724
ablation_diff,S6,5,care_score_uncoordinated_minus_nearest,fully_staffed_frac_severe,0.1612777420773013,0.15235416564209248,0.17073562113072457,0.2638519292796918,0.10257418720239043
ablation_diff,S6,5,care_score_uncoordinated_minus_nearest,wait_gap_severe,-4.008741723045859,-4.467025906787584,-3.6097761461921904,-4.2821118135253755,-0.2733700904795188
ablation_diff,S6,5,care_score_uncoordinated_minus_nearest,invalid_claim_frac,-0.001768856747956837,-0.002867790353074739,-0.0006696646852547091,0.946057962255523,0.94782681900348
ablation_diff,S6,5,care_score_uncoordinated_minus_nearest,gini,-0.002737966407948888,-0.0043476322336514495,-0.0011017689603469798,0.9171999858166415,0.9199379522245893
ablation_diff,S6,5,care_score_uncoordinated_minus_nearest,mean_commute_min,13.105299938421647,12.751529284691616,13.47301873607889,19.795521085773075,6.690221147351425
ablation_diff,S6,5,care_score_uncoordinated_minus_nearest,median_wait_nonvulnerable,0.7336140855535147,0.6846124251039404,0.7818022491936675,66.36096559684484,65.62735151129132
ablation_diff,S6,5,care_score_uncoordinated_minus_nearest,unserved_frac_nonvulnerable,0.0692395736082722,0.06660117239738735,0.07181786981213799,0.9582396153386893,0.8890000417304174
ablation_diff,S6,5,care_score_uncoordinated_minus_nearest,fully_staffed_frac_all,-0.001416666666666668,-0.0034666666666666682,0.0005000000000000002,0.10035000000000002,0.10176666666666676
summary,S10,0,latest,median_wait_vulnerable,40.49105612504041,37.32648876034872,43.68992061312819,,
summary,S10,0,latest,unserved_frac_vulnerable,0.5190650370690355,0.5113564559260084,0.526443548157288,,
summary,S10,0,latest,fully_staffed_frac_vulnerable,0.3787571009834544,0.37149187022537383,0.38587277885462756,,
summary,S10,0,latest,wait_gap_vulnerable,-24.672563022880283,-27.885476336667914,-21.36999441698044,,
summary,S10,0,latest,median_wait_severe,53.321520808938004,50.69034225707779,55.975994406130646,,
summary,S10,0,latest,unserved_frac_severe,0.5731255183760204,0.5639265726700234,0.5825493257950529,,
summary,S10,0,latest,fully_staffed_frac_severe,0.3245040723356329,0.31473287193169946,0.33420127006784656,,
summary,S10,0,latest,wait_gap_severe,-10.927231024217653,-13.618758710536003,-8.267332322732361,,
summary,S10,0,latest,invalid_claim_frac,0.5235591811676023,0.5195449830359696,0.5276650150112596,,
summary,S10,0,latest,gini,0.700675829321836,0.6981629805766412,0.7032648056328906,,
summary,S10,0,latest,mean_commute_min,19.8988269329679,19.532118553211347,20.246357148858795,,
summary,S10,0,latest,median_wait_nonvulnerable,65.16361914792068,64.65557566492298,65.50946449500559,,
summary,S10,0,latest,unserved_frac_nonvulnerable,0.6074399669984548,0.6034838039685494,0.6113926499546634,,
summary,S10,0,latest,fully_staffed_frac_all,0.31491666666666696,0.3120166666666668,0.31800000000000017,,
summary,S10,0,nearest,median_wait_vulnerable,63.47698931413683,63.290319757705355,63.654717531735784,,
summary,S10,0,nearest,unserved_frac_vulnerable,0.8550453502200105,0.8503040446676821,0.8593107290831997,,
summary,S10,0,nearest,fully_staffed_frac_vulnerable,0.1408178033064395,0.1365437534785892,0.1455118173019266,,
summary,S10,0,nearest,wait_gap_vulnerable,-1.9539235702001443,-2.1561067555260127,-1.7588782691971059,,
summary,S10,0,nearest,median_wait_severe,64.52625410611972,64.3092976740562,64.74789911717218,,
summary,S10,0,nearest,unserved_frac_severe,0.852632518468819,0.8464135465487167,0.8590407711509912,,
summary,S10,0,nearest,fully_staffed_frac_severe,0.1440589410016515,0.13794227442352763,0.15012460135886146,,
summary,S10,0,nearest,wait_gap_severe,-0.4943047133202657,-0.7189558872149909,-0.2538911667086873,,
summary,S10,0,nearest,invalid_claim_frac,0.7966243479301482,0.7947739586719331,0.798486831835668,,
summary,S10,0,nearest,gini,0.8951537285260891,0.894218613833734,0.8960436809162526,,
summary,S10,0,nearest,mean_commute_min,7.198749336806134,6.809356245100363,7.59254533950947,,
summary,S10,0,nearest,median_wait_nonvulnerable,65.43091288433696,65.34158991329707,65.52225974013899,,
summary,S10,0,nearest,unserved_frac_nonvulnerable,0.8547159663099253,0.852709539340349,0.8567388376757712,,
summary,S10,0,nearest,fully_staffed_frac_all,0.14076666666666685,0.13965000000000016,0.1419500000000002,,
summary,S10,0,attention,median_wait_vulnerable,27.3658919874375,26.305197561997733,28.479752740338864,,
summary,S10,0,attention,unserved_frac_vulnerable,0.34835173650624235,0.3412265210033647,0.3556188414276144,,
summary,S10,0,attention,fully_staffed_frac_vulnerable,0.4232643453427935,0.4160938711349575,0.4301653872504328,,
summary,S10,0,attention,wait_gap_vulnerable,14.623204409049613,13.530409102921292,15.768280884837207,,
summary,S10,0,attention,median_wait_severe,16.73661322732466,16.086934121273533,17.449734425437793,,
summary,S10,0,attention,unserved_frac_severe,0.2409703754685438,0.23312485124880103,0.24903811880912735,,
summary,S10,0,attention,fully_staffed_frac_severe,0.547543794469944,0.5381822318910524,0.5568513839384718,,
summary,S10,0,attention,wait_gap_severe,1.9923191210082087,1.261291743902982,2.745484529214897,,
summary,S10,0,attention,invalid_claim_frac,0.12654804183291474,0.12437454266761554,0.12893761101430265,,
summary,S10,0,attention,gini,0.43658421796242247,0.4343171758307874,0.43880634805646046,,
summary,S10,0,attention,mean_commute_min,19.81823028359296,19.471667408419552,20.140672075073827,,
summary,S10,0,attention,median_wait_nonvulnerable,12.742687578387876,12.545591626860338,12.947705805223459,,
summary,S10,0,attention,unserved_frac_nonvulnerable,0.18272169591084822,0.17946868253167955,0.1858967362022016,,
summary,S10,0,attention,fully_staffed_frac_all,0.5651833333333335,0.5625166666666663,0.5676999999999999,,
summary,S10,0,random,median_wait_vulnerable,12.35775760603473,12.08228068698783,12.640193199118428,,
summary,S10,0,random,unserved_frac_vulnerable,0.12638323338117258,0.12140194274131595,0.13124202508886507,,
summary,S10,0,random,fully_staffed_frac_vulnerable,0.5882628793172516,0.5809569554986023,0.5953430523952891,,
summary,S10,0,random,wait_gap_vulnerable,0.17846313368364555,-0.14012976801976282,0.4991525317088956,,
summary,S10,0,random,median_wait_severe,12.683550405886635,12.323216030671007,13.03911177819427,,
summary,S10,0,random,unserved_frac_severe,0.12216396879559684,0.11582405227617396,0.12869505773686682,,
summary,S10,0,random,fully_staffed_frac_severe,0.593634161446113,0.5843285716612389,0.6028182834297462,,
summary,S10,0,random,wait_gap_severe,0.5252512148306105,0.101338335147726,0.9339887117175562,,
summary,S10,0,random,invalid_claim_frac,0.04747555678792493,0.04612277663430589,0.048783518599824854,,
summary,S10,0,random,gini,0.3350957686751936,0.33308624036243806,0.33708211376946234,,
summary,S10,0,random,mean_commute_min,19.86015864690826,19.517304711157948,20.182704639789822,,
summary,S10,0,random,median_wait_nonvulnerable,12.179294472351083,12.012749109585902,12.348696664975508,,
summary,S10,0,random,unserved_frac_nonvulnerable,0.11496937363687133,0.1122248121541273,0.11760927061901498,,
summary,S10,0,random,fully_staffed_frac_all,0.59975,0.5972666666666664,0.6023000000000002,,
summary,S10,0,care_score,median_wait_vulnerable,9.47703017999183,9.21841730777094,9.73970375849466,,
summary,S10,0,care_score,unserved_frac_vulnerable,0.06734140187478953,0.06328618755749289,0.07155156734800865,,
summary,S10,0,care_score,fully_staffed_frac_vulnerable,0.9197716134541629,0.9152387872826404,0.9241621037485857,,
summary,S10,0,care_score,wait_gap_vulnerable,-32.84308729249003,-33.54348990186472,-32.15145965469066,,
summary,S10,0,care_score,median_wait_severe,10.738437591859114,10.422564695745692,11.070956167701597,,
summary,S10,0,care_score,unserved_frac_severe,0.0710096686756947,0.0662109589043669,0.07575009497850103,,
summary,S10,0,care_score,fully_staffed_frac_severe,0.9198035496271405,0.914664904750245,0.9250961392151711,,
summary,S10,0,care_score,wait_gap_severe,-22.649282660591876,-23.39085469030524,-21.924428623819384,,
summary,S10,0,care_score,invalid_claim_frac,0,0,0,,
summary,S10,0,care_score,gini,0.49465348841896173,0.4929794372969884,0.49628099074122994,,
summary,S10,0,care_score,mean_commute_min,18.07496871788701,17.72944194081924,18.41116246046295,,
summary,S10,0,care_score,median_wait_nonvulnerable,42.320117472481854,41.65547299962203,42.996616119637025,,
summary,S10,0,care_score,unserved_frac_nonvulnerable,0.38029450253032054,0.37741673312587537,0.38320292108115966,,
summary,S10,0,care_score,fully_staffed_frac_all,0.6839500000000002,0.6820999999999998,0.6858000000000004,,
summary,S10,0,coordinated_latest,median_wait_vulnerable,10.309272642980682,9.272953230651005,11.325978350470695,,
summary,S10,0,coordinated_latest,unserved_frac_vulnerable,0.2339941178607166,0.2284951521889812,0.2396463447060895,,
summary,S10,0,coordinated_latest,fully_staffed_frac_vulnerable,0.7478624871966739,0.7419117701333632,0.7539296217772539,,
summary,S10,0,coordinated_latest,wait_gap_vulnerable,-14.394782055656433,-15.753843855963842,-13.001976604966227,,
summary,S10,0,coordinated_latest,median_wait_severe,20.086726806078705,18.525801165811398,21.764328018371238,,
summary,S10,0,coordinated_latest,unserved_frac_severe,0.27484514310103736,0.2661764426519722,0.28346571667234305,,
summary,S10,0,coordinated_latest,fully_staffed_frac_severe,0.7035634545239441,0.6949980564877204,0.7123674366545794,,
summary,S10,0,coordinated_latest,wait_gap_severe,-0.9406262572815155,-2.7295743043743093,0.8835165446722675,,
summary,S10,0,coordinated_latest,invalid_claim_frac,0,0,0,,
summary,S10,0,coordinated_latest,gini,0.4909526049641199,0.4891236395398252,0.49280771187588085,,
summary,S10,0,coordinated_latest,mean_commute_min,19.846496811223016,19.495167879820567,20.182884027413184,,
summary,S10,0,coordinated_latest,median_wait_nonvulnerable,24.704054698637105,24.045861951517757,25.404302225086074,,
summary,S10,0,coordinated_latest,unserved_frac_nonvulnerable,0.3037853679113666,0.3008527092479474,0.30684611384360927,,
summary,S10,0,coordinated_latest,fully_staffed_frac_all,0.6942166666666665,0.6922666666666669,0.6962166666666663,,
summary,S10,0,coordinated_nearest,median_wait_vulnerable,27.239020967722375,26.425276914127267,28.07528699820342,,
summary,S10,0,coordinated_nearest,unserved_frac_vulnerable,0.3017685137381923,0.29558739147666435,0.3080226207461095,,
summary,S10,0,coordinated_nearest,fully_staffed_frac_vulnerable,0.6954174668893667,0.6891500399241681,0.701527362890679,,
summary,S10,0,coordinated_nearest,wait_gap_vulnerable,-0.5229613226018873,-1.5756788944844766,0.5368148576959426,,
summary,S10,0,coordinated_nearest,median_wait_severe,29.266264376740693,28.13159685102157,30.448358790061786,,
summary,S10,0,coordinated_nearest,unserved_frac_severe,0.30970460034547365,0.30176267345646307,0.3172988235620135,,
summary,S10,0,coordinated_nearest,fully_staffed_frac_severe,0.6872594680533859,0.6797855276817958,0.6951382928748359,,
summary,S10,0,coordinated_nearest,wait_gap_severe,2.1690521651208687,0.8870737577056288,3.486642642246723,,
summary,S10,0,coordinated_nearest,invalid_claim_frac,0,0,0,,
summary,S10,0,coordinated_nearest,gini,0.4992687207456972,0.4976788966372619,0.5008715055777501,,
summary,S10,0,coordinated_nearest,mean_commute_min,15.778168716816435,15.397698588998066,16.134674896745956,,
summary,S10,0,coordinated_nearest,median_wait_nonvulnerable,27.76198229032427,27.278994833663123,28.295475091152717,,
summary,S10,0,coordinated_nearest,unserved_frac_nonvulnerable,0.30149708082587695,0.2982957480616603,0.30471573736941315,,
summary,S10,0,coordinated_nearest,fully_staffed_frac_all,0.69565,0.6937500000000006,0.6976999999999999,,
summary,S10,0,care_score_uncoordinated,median_wait_vulnerable,53.08049370248293,52.11917536685684,53.963668295843306,,
summary,S10,0,care_score_uncoordinated,unserved_frac_vulnerable,0.5673422367277957,0.5610667689042748,0.5736191255912866,,
summary,S10,0,care_score_uncoordinated,fully_staffed_frac_vulnerable,0.3986643741160303,0.39237654165702096,0.4048215390671308,,
summary,S10,0,care_score_uncoordinated,wait_gap_vulnerable,-13.126381871657172,-14.08262003350325,-12.215898360290653,,
summary,S10,0,care_score_uncoordinated,median_wait_severe,55.896860432390675,54.732337122626134,56.99236148315142,,
summary,S10,0,care_score_uncoordinated,unserved_frac_severe,0.6051603851904459,0.5963514804380105,0.6138876376103253,,
summary,S10,0,care_score_uncoordinated,fully_staffed_frac_severe,0.36702949302196447,0.3580952388206915,0.37588043126612736,,
summary,S10,0,care_score_uncoordinated,wait_gap_severe,-9.419828643407342,-10.597031111133427,-8.309599714010197,,
summary,S10,0,care_score_uncoordinated,invalid_claim_frac,0.7716551245891268,0.7693380133328376,0.7739914316408972,,
summary,S10,0,care_score_uncoordinated,gini,0.8802542130346789,0.8791750785453034,0.8813946279344892,,
summary,S10,0,care_score_uncoordinated,mean_commute_min,19.869759415892155,19.511107093296587,20.223376369135096,,
summary,S10,0,care_score_uncoordinated,median_wait_nonvulnerable,66.20687557414011,66.13022153635805,66.28175631667715,,
summary,S10,0,care_score_uncoordinated,unserved_frac_nonvulnerable,0.9337011074689523,0.9316089761999742,0.9357587758077315,,
summary,S10,0,care_score_uncoordinated,fully_staffed_frac_all,0.1497666666666667,0.14838333333333337,0.15121666666666664,,
summary,S10,0,care_score_full_compliance,median_wait_vulnerable,7.69904212543596,7.473464654960955,7.9301089091459165,,
summary,S10,0,care_score_full_compliance,unserved_frac_vulnerable,0.038442858685348955,0.03562959587961274,0.04139235019482078,,
summary,S10,0,care_score_full_compliance,fully_staffed_frac_vulnerable,0.9558697061533644,0.9528141106454296,0.9588939275399702,,
summary,S10,0,care_score_full_compliance,wait_gap_vulnerable,-38.50490587049172,-39.106883412754094,-37.898428511026346,,
summary,S10,0,care_score_full_compliance,median_wait_severe,9.046596346422591,8.767491229020813,9.330863709483648,,
summary,S10,0,care_score_full_compliance,unserved_frac_severe,0.046552323014609764,0.042207182925908186,0.05085045473841642,,
summary,S10,0,care_score_full_compliance,fully_staffed_frac_severe,0.9449148639541659,0.9400344764669795,0.9496527897211384,,
summary,S10,0,care_score_full_compliance,wait_gap_severe,-24.935834258647642,-25.755390893239078,-24.14875064247595,,
summary,S10,0,care_score_full_compliance,invalid_claim_frac,0,0,0,,
summary,S10,0,care_score_full_compliance,gini,0.49343172002857716,0.4917299272166252,0.49521397209005724,,
summary,S10,0,care_score_full_compliance,mean_commute_min,19.860203572050168,19.50544450590288,20.201900292867265,,
summary,S10,0,care_score_full_compliance,median_wait_nonvulnerable,46.203947995927635,45.62973629315009,46.8061111029715,,
summary,S10,0,care_score_full_compliance,unserved_frac_nonvulnerable,0.3898051128319468,0.3864580290040282,0.3930997910049839,,
summary,S10,0,care_score_full_compliance,fully_staffed_frac_all,0.679416666666667,0.677283333333333,0.6815166666666664,,
paired_diff,S10,0,coordinated_latest,median_wait_vulnerable,-0.8322424629888447,-1.841087752001667,0.16167690287375597,9.47703017999183,10.309272642980682
paired_diff,S10,0,coordinated_latest,unserved_frac_vulnerable,-0.16665271598592696,-0.1735722406943426,-0.15952026412748926,0.06734140187478953,0.2339941178607166
paired_diff,S10,0,coordinated_latest,fully_staffed_frac_vulnerable,0.17190912625749008,0.16430641852939337,0.17960040112501224,0.9197716134541629,0.7478624871966739
paired_diff,S10,0,coordinated_latest,wait_gap_vulnerable,-18.448305236833598,-19.935059025096123,-16.928850194504662,-32.84308729249003,-14.394782055656433
paired_diff,S10,0,coordinated_latest,median_wait_severe,-9.348289214219582,-10.95936916605477,-7.7581156556568995,10.738437591859114,20.086726806078705
paired_diff,S10,0,coordinated_latest,unserved_frac_severe,-0.20383547442534267,-0.2138660563819747,-0.1942981969899755,0.0710096686756947,0.27484514310103736
paired_diff,S10,0,coordinated_latest,fully_staffed_frac_severe,0.21624009510319595,0.20654312451958914,0.22671659070164926,0.9198035496271405,0.7035634545239441
paired_diff,S10,0,coordinated_latest,wait_gap_severe,-21.708656403310354,-23.663789364126483,-19.779418674411517,-22.649282660591876,-0.9406262572815155
paired_diff,S10,0,coordinated_latest,invalid_claim_frac,0,0,0,0,0
paired_diff,S10,0,coordinated_latest,gini,0.0037008834548417926,0.0017891716741137728,0.0056361935021762765,0.49465348841896173,0.4909526049641199
paired_diff,S10,0,coordinated_latest,mean_commute_min,-1.7715280933359987,-1.849708442967181,-1.698253271327233,18.07496871788701,19.846496811223016
paired_diff,S10,0,coordinated_latest,median_wait_nonvulnerable,17.61606277384475,16.732911393287697,18.460186057689363,42.320117472481854,24.704054698637105
paired_diff,S10,0,coordinated_latest,unserved_frac_nonvulnerable,0.07650913461895358,0.07268140989678767,0.08043682009085637,0.38029450253032054,0.3037853679113666
paired_diff,S10,0,coordinated_latest,fully_staffed_frac_all,-0.010266666666666646,-0.012849999999999983,-0.007766666666666657,0.6839500000000002,0.6942166666666665
paired_diff,S10,0,random,median_wait_vulnerable,-2.8807274260428843,-3.2313389475141308,-2.5301940467612836,9.47703017999183,12.35775760603473
paired_diff,S10,0,random,unserved_frac_vulnerable,-0.059041831506382925,-0.0653856719451825,-0.05282104115885085,0.06734140187478953,0.12638323338117258
paired_diff,S10,0,random,fully_staffed_frac_vulnerable,0.3315087341369124,0.32365457235433404,0.3396827102481419,0.9197716134541629,0.5882628793172516
paired_diff,S10,0,random,wait_gap_vulnerable,-33.02155042617368,-33.76027517682713,-32.28392586444473,-32.84308729249003,0.17846313368364555
paired_diff,S10,0,random,median_wait_severe,-1.9451128140275236,-2.4041132721439826,-1.4610018131487768,10.738437591859114,12.683550405886635
paired_diff,S10,0,random,unserved_frac_severe,-0.05115430011990204,-0.05926703680979428,-0.043002876574735734,0.0710096686756947,0.12216396879559684
paired_diff,S10,0,random,fully_staffed_frac_severe,0.3261693881810268,0.3159281688904973,0.3360813747971589,0.9198035496271405,0.593634161446113
paired_diff,S10,0,random,wait_gap_severe,-23.174533875422494,-24.043614521075714,-22.3322799528018,-22.649282660591876,0.5252512148306105
paired_diff,S10,0,random,invalid_claim_frac,-0.04747555678792493,-0.048783518599824854,-0.04612277663430589,0,0.04747555678792493
paired_diff,S10,0,random,gini,0.15955771974376823,0.1571788065982334,0.1620909582000737,0.49465348841896173,0.3350957686751936
paired_diff,S10,0,random,mean_commute_min,-1.7851899290212423,-1.8569457353766363,-1.7142472067915178,18.07496871788701,19.86015864690826
paired_diff,S10,0,random,median_wait_nonvulnerable,30.140823000130847,29.47739408002771,30.833160668061797,42.320117472481854,12.179294472351083
paired_diff,S10,0,random,unserved_frac_nonvulnerable,0.265325128893449,0.2616668031096861,0.2692442005248262,0.38029450253032054,0.11496937363687133
paired_diff,S10,0,random,fully_staffed_frac_all,0.08419999999999996,0.08115000000000004,0.08731666666666664,0.6839500000000002,0.59975
paired_diff,S10,0,latest,median_wait_vulnerable,-31.014025945048573,-34.210100874820554,-27.8931463182902,9.47703017999183,40.49105612504041
paired_diff,S10,0,latest,unserved_frac_vulnerable,-0.4517236351942459,-0.4609987018951827,-0.4428764105862365,0.06734140187478953,0.5190650370690355
paired_diff,S10,0,latest,fully_staffed_frac_vulnerable,0.5410145124707089,0.5322636544664754,0.5501469850264278,0.9197716134541629,0.3787571009834544
paired_diff,S10,0,latest,wait_gap_vulnerable,-8.17052426960977,-11.564988691561304,-4.830563095476757,-32.84308729249003,-24.672563022880283
paired_diff,S10,0,latest,median_wait_severe,-42.58308321707891,-45.11545764699859,-39.99408978453643,10.738437591859114,53.321520808938004
paired_diff,S10,0,latest,unserved_frac_severe,-0.5021158497003263,-0.512571472325669,-0.492130468311685,0.0710096686756947,0.5731255183760204
paired_diff,S10,0,latest,fully_staffed_frac_severe,0.595299477291507,0.5853256571466728,0.605976131811467,0.9198035496271405,0.3245040723356329
paired_diff,S10,0,latest,wait_gap_severe,-11.722051636374225,-14.472492058033504,-8.966626503250824,-22.649282660591876,-10.927231024217653
paired_diff,S10,0,latest,invalid_claim_frac,-0.5235591811676023,-0.5276650150112596,-0.5195449830359696,0,0.5235591811676023
paired_diff,S10,0,latest,gini,-0.20602234090287366,-0.20894918380370378,-0.2031328285402531,0.49465348841896173,0.700675829321836
paired_diff,S10,0,latest,mean_commute_min,-1.823858215080896,-1.9405709697814844,-1.7175081891263817,18.07496871788701,19.8988269329679
paired_diff,S10,0,latest,median_wait_nonvulnerable,-22.843501675438795,-23.610569630344564,-22.06543475345704,42.320117472481854,65.16361914792068
paired_diff,S10,0,latest,unserved_frac_nonvulnerable,-0.22714546446813477,-0.2320350537902824,-0.22221957209099708,0.38029450253032054,0.6074399669984548
paired_diff,S10,0,latest,fully_staffed_frac_all,0.3690333333333335,0.3654,0.3725166666666663,0.6839500000000002,0.31491666666666696
paired_diff,S10,0,nearest,median_wait_vulnerable,-53.99995913414492,-54.28643830402198,-53.71331841343403,9.47703017999183,63.47698931413683
paired_diff,S10,0,nearest,unserved_frac_vulnerable,-0.7877039483452203,-0.7934165547905251,-0.7815766486981286,0.06734140187478953,0.8550453502200105
paired_diff,S10,0,nearest,fully_staffed_frac_vulnerable,0.7789538101477235,0.7724955155136373,0.7850476237455442,0.9197716134541629,0.1408178033064395
paired_diff,S10,0,nearest,wait_gap_vulnerable,-30.889163722289904,-31.593781669084613,-30.213460406669885,-32.84308729249003,-1.9539235702001443
paired_diff,S10,0,nearest,median_wait_severe,-53.78781651426047,-54.124361413344985,-53.452643815649935,10.738437591859114,64.52625410611972
paired_diff,S10,0,nearest,unserved_frac_severe,-0.7816228497931241,-0.789231044704788,-0.7739231644519101,0.0710096686756947,0.852632518468819
paired_diff,S10,0,nearest,fully_staffed_frac_severe,0.7757446086254878,0.7682250456879244,0.7833417302084152,0.9198035496271405,0.1440589410016515
paired_diff,S10,0,nearest,wait_gap_severe,-22.15497794727162,-22.906100509298117,-21.464853213634818,-22.649282660591876,-0.4943047133202657
paired_diff,S10,0,nearest,invalid_claim_frac,-0.7966243479301482,-0.798486831835668,-0.7947739586719331,0,0.7966243479301482
paired_diff,S10,0,nearest,gini,-0.40050024010712765,-0.40216257502195113,-0.3987388527720071,0.49465348841896173,0.8951537285260891
paired_diff,S10,0,nearest,mean_commute_min,10.876219381080888,10.597066195474179,11.155039620591344,18.07496871788701,7.198749336806134
paired_diff,S10,0,nearest,median_wait_nonvulnerable,-23.11079541185507,-23.767211579719884,-22.434628852701163,42.320117472481854,65.43091288433696
paired_diff,S10,0,nearest,unserved_frac_nonvulnerable,-0.47442146377960454,-0.4778270709147071,-0.4710722322259611,0.38029450253032054,0.8547159663099253
paired_diff,S10,0,nearest,fully_staffed_frac_all,0.5431833333333334,0.541,0.5453166666666664,0.6839500000000002,0.14076666666666685
ablation_diff,S10,0,care_score_uncoordinated_minus_latest,median_wait_vulnerable,12.589437577442526,9.377030989146425,15.807512511105719,53.08049370248293,40.49105612504041
ablation_diff,S10,0,care_score_uncoordinated_minus_latest,unserved_frac_vulnerable,0.048277199658760504,0.038268352334941906,0.05776481334541266,0.5673422367277957,0.5190650370690355
ablation_diff,S10,0,care_score_uncoordinated_minus_latest,fully_staffed_frac_vulnerable,0.01990727313257608,0.010740364549993883,0.028916401165211335,0.3986643741160303,0.3787571009834544
ablation_diff,S10,0,care_score_uncoordinated_minus_latest,wait_gap_vulnerable,11.546181151223102,8.27776721325491,14.829004091647576,-13.126381871657172,-24.672563022880283
ablation_diff,S10,0,care_score_uncoordinated_minus_latest,median_wait_severe,2.5753396234526456,-0.010086976344951589,5.166000964916376,55.896860432390675,53.321520808938004
ablation_diff,S10,0,care_score_uncoordinated_minus_latest,unserved_frac_severe,0.032034866814425085,0.019944130582751435,0.04401543123449787,0.6051603851904459,0.5731255183760204
ablation_diff,S10,0,care_score_uncoordinated_minus_latest,fully_staffed_frac_severe,0.04252542068633185,0.030228400223401706,0.05501446158377269,0.36702949302196447,0.3245040723356329
ablation_diff,S10,0,care_score_uncoordinated_minus_latest,wait_gap_severe,1.5074023808102994,-1.1226840906649969,4.164243444574056,-9.419828643407342,-10.927231024217653
ablation_diff,S10,0,care_score_uncoordinated_minus_latest,invalid_claim_frac,0.24809594342152513,0.2435929328458836,0.25220479528368334,0.7716551245891268,0.5235591811676023
ablation_diff,S10,0,care_score_uncoordinated_minus_latest,gini,0.17957838371284385,0.17703783985753443,0.18222263289809754,0.8802542130346789,0.700675829321836
ablation_diff,S10,0,care_score_uncoordinated_minus_latest,mean_commute_min,-0.029067517075756583,-0.22383670645070233,0.1522049674314693,19.869759415892155,19.8988269329679
ablation_diff,S10,0,care_score_uncoordinated_minus_latest,median_wait_nonvulnerable,1.0432564262194293,0.7372311273744983,1.5149276217669483,66.20687557414011,65.16361914792068
ablation_diff,S10,0,care_score_uncoordinated_minus_latest,unserved_frac_nonvulnerable,0.32626114047049753,0.32194696310608417,0.3308009646891428,0.9337011074689523,0.6074399669984548
ablation_diff,S10,0,care_score_uncoordinated_minus_latest,fully_staffed_frac_all,-0.1651499999999999,-0.16835000000000003,-0.1621666666666668,0.1497666666666667,0.31491666666666696
ablation_diff,S10,0,care_score_uncoordinated_minus_nearest,median_wait_vulnerable,-10.396495611653865,-11.347286681409607,-9.514691691167494,53.08049370248293,63.47698931413683
ablation_diff,S10,0,care_score_uncoordinated_minus_nearest,unserved_frac_vulnerable,-0.2877031134922145,-0.29506868728554436,-0.2800677558673786,0.5673422367277957,0.8550453502200105
ablation_diff,S10,0,care_score_uncoordinated_minus_nearest,fully_staffed_frac_vulnerable,0.257846570809591,0.2504213906679778,0.26490346655680125,0.3986643741160303,0.1408178033064395
ablation_diff,S10,0,care_score_uncoordinated_minus_nearest,wait_gap_vulnerable,-11.172458301457032,-12.125199992945182,-10.276239877543178,-13.126381871657172,-1.9539235702001443
ablation_diff,S10,0,care_score_uncoordinated_minus_nearest,median_wait_severe,-8.62939367372896,-9.772453116215926,-7.548491885663046,55.896860432390675,64.52625410611972
ablation_diff,S10,0,care_score_uncoordinated_minus_nearest,unserved_frac_severe,-0.24747213327837367,-0.2582235465419188,-0.2377986395956266,0.6051603851904459,0.852632518468819
ablation_diff,S10,0,care_score_uncoordinated_minus_nearest,fully_staffed_frac_severe,0.2229705520203134,0.21283158830019488,0.2338557461494468,0.36702949302196447,0.1440589410016515
ablation_diff,S10,0,care_score_uncoordinated_minus_nearest,wait_gap_severe,-8.925523930087076,-10.071039083826271,-7.83219649576709,-9.419828643407342,-0.4943047133202657
ablation_diff,S10,0,care_score_uncoordinated_minus_nearest,invalid_claim_frac,-0.024969223341020995,-0.027839972624056825,-0.022183225786804067,0.7716551245891268,0.7966243479301482
ablation_diff,S10,0,care_score_uncoordinated_minus_nearest,gini,-0.014899515491410466,-0.01619344366961723,-0.013505354638029345,0.8802542130346789,0.8951537285260891
ablation_diff,S10,0,care_score_uncoordinated_minus_nearest,mean_commute_min,12.671010079086022,12.321396450807288,13.019970968164666,19.869759415892155,7.198749336806134
ablation_diff,S10,0,care_score_uncoordinated_minus_nearest,median_wait_nonvulnerable,0.7759626898031672,0.7217565149197853,0.8316958324861687,66.20687557414011,65.43091288433696
ablation_diff,S10,0,care_score_uncoordinated_minus_nearest,unserved_frac_nonvulnerable,0.07898514115902697,0.07624169785952076,0.08162554269531451,0.9337011074689523,0.8547159663099253
ablation_diff,S10,0,care_score_uncoordinated_minus_nearest,fully_staffed_frac_all,0.008999999999999992,0.0071333333333333335,0.010716666666666663,0.1497666666666667,0.14076666666666685
summary,S10,1,latest,median_wait_vulnerable,35.43393167432175,32.08697399239971,38.77919587009979,,
summary,S10,1,latest,unserved_frac_vulnerable,0.5045692916047568,0.49679536535081564,0.5123065523255957,,
summary,S10,1,latest,fully_staffed_frac_vulnerable,0.40020893490292364,0.39283736560363874,0.4075525383172169,,
summary,S10,1,latest,wait_gap_vulnerable,-29.429185730423804,-32.987526461079945,-25.922279430117225,,
summary,S10,1,latest,median_wait_severe,50.61647569501497,47.675113762157025,53.519754906121925,,
summary,S10,1,latest,unserved_frac_severe,0.5596376046180851,0.5503631337126274,0.569151186116672,,
summary,S10,1,latest,fully_staffed_frac_severe,0.3440305878768281,0.33450168350974696,0.3534760570438473,,
summary,S10,1,latest,wait_gap_severe,-12.682140754337306,-15.830512505761762,-9.616925433288394,,
summary,S10,1,latest,invalid_claim_frac,0.49749594609463826,0.4933565612255535,0.5016626376513663,,
summary,S10,1,latest,gini,0.6926599050855828,0.690116932289047,0.6952072930698082,,
summary,S10,1,latest,mean_commute_min,19.90131961225041,19.536059799532868,20.25033679131326,,
summary,S10,1,latest,median_wait_nonvulnerable,64.86311740474558,64.16399545948657,65.40235283834583,,
summary,S10,1,latest,unserved_frac_nonvulnerable,0.5946256189109644,0.5906254398178854,0.5985806010878438,,
summary,S10,1,latest,fully_staffed_frac_all,0.3342333333333335,0.3313166666666667,0.3373666666666668,,
summary,S10,1,nearest,median_wait_vulnerable,62.93943203892464,62.73193932117304,63.14735045351665,,
summary,S10,1,nearest,unserved_frac_vulnerable,0.8242875848058576,0.8192565113457078,0.8290675702007521,,
summary,S10,1,nearest,fully_staffed_frac_vulnerable,0.1726352383751283,0.16782926315876837,0.17767271618978897,,
summary,S10,1,nearest,wait_gap_vulnerable,-2.1181771237476554,-2.3503634534803908,-1.8898699071142346,,
summary,S10,1,nearest,median_wait_severe,64.01288616888247,63.779687412277596,64.25111041836982,,
summary,S10,1,nearest,unserved_frac_severe,0.8214827410063182,0.8148644603095644,0.8284964501262304,,
summary,S10,1,nearest,fully_staffed_frac_severe,0.17523336604532633,0.16818025300834918,0.18194860918255754,,
summary,S10,1,nearest,wait_gap_severe,-0.6142828302135169,-0.8621980428541258,-0.3557455577293788,,
summary,S10,1,nearest,invalid_claim_frac,0.7526627414136542,0.7505690754227511,0.7548384480570701,,
summary,S10,1,nearest,gini,0.8731455494262816,0.8721944604459921,0.874048565387509,,
summary,S10,1,nearest,mean_commute_min,7.821304642424137,7.4312709161205115,8.210554484076898,,
summary,S10,1,nearest,median_wait_nonvulnerable,65.05760916267226,64.95994187686316,65.15406687899953,,
summary,S10,1,nearest,unserved_frac_nonvulnerable,0.8237863529113809,0.8216576921985818,0.8258621208157018,,
summary,S10,1,nearest,fully_staffed_frac_all,0.17186666666666658,0.17073333333333326,0.17311666666666667,,
summary,S10,1,attention,median_wait_vulnerable,23.023358478699613,22.345510665388215,23.772946262424863,,
summary,S10,1,attention,unserved_frac_vulnerable,0.28337318279881973,0.27719861422424147,0.2898191813834655,,
summary,S10,1,attention,fully_staffed_frac_vulnerable,0.48599985925896777,0.47938286737487695,0.4921008001769161,,
summary,S10,1,attention,wait_gap_vulnerable,11.137300011109588,10.440997256542259,11.93082579140585,,
summary,S10,1,attention,median_wait_severe,14.911571640465967,14.374436334242892,15.438042014510174,,
summary,S10,1,attention,unserved_frac_severe,0.1891577337758002,0.1817218186206941,0.1963804277399056,,
summary,S10,1,attention,fully_staffed_frac_severe,0.6173309863857046,0.608564978629516,0.6259770554210874,,
summary,S10,1,attention,wait_gap_severe,1.1320824482995975,0.5516230497160295,1.6851918665069618,,
summary,S10,1,attention,invalid_claim_frac,0.03183508308144743,0.030603460478269853,0.033066280239674194,,
summary,S10,1,attention,gini,0.4038561617402526,0.40161081965615375,0.40614912411105164,,
summary,S10,1,attention,mean_commute_min,19.833510131320516,19.487691299968468,20.15802924170086,,
summary,S10,1,attention,median_wait_nonvulnerable,11.886058467590006,11.71014876478566,12.060238514323512,,
summary,S10,1,attention,unserved_frac_nonvulnerable,0.13718248104051595,0.13440724681757366,0.13993005626945,,
summary,S10,1,attention,fully_staffed_frac_all,0.6304833333333328,0.6281833333333334,0.6326833333333332,,
summary,S10,1,random,median_wait_vulnerable,12.138240412581911,11.860299505991854,12.428277975951305,,
summary,S10,1,random,unserved_frac_vulnerable,0.10698328779741068,0.10271658788447076,0.11143493055611596,,
summary,S10,1,random,fully_staffed_frac_vulnerable,0.6203978212601329,0.6135815668814993,0.6267148379146864,,
summary,S10,1,random,wait_gap_vulnerable,0.14903714766372356,-0.16439042269876497,0.4825957299291314,,
summary,S10,1,random,median_wait_severe,12.193327682384185,11.860962705645775,12.530594483588779,,
summary,S10,1,random,unserved_frac_severe,0.10382200245465881,0.09736269146536028,0.11026707173665275,,
summary,S10,1,random,fully_staffed_frac_severe,0.6269130810565916,0.6178222207008738,0.6364171371299108,,
summary,S10,1,random,wait_gap_severe,0.2079798180197538,-0.16682091899971907,0.5901510851887175,,
summary,S10,1,random,invalid_claim_frac,0.004358140877279888,0.0039260897215511025,0.004787981846371255,,
summary,S10,1,random,gini,0.3261280432674882,0.32417658359581014,0.32802118380981876,,
summary,S10,1,random,mean_commute_min,19.87559377893315,19.53125207771857,20.199336913977987,,
summary,S10,1,random,median_wait_nonvulnerable,11.989203264918181,11.823106838164414,12.15012907186426,,
summary,S10,1,random,unserved_frac_nonvulnerable,0.09817556232720642,0.09548599136919239,0.1007126478540379,,
summary,S10,1,random,fully_staffed_frac_all,0.6277999999999996,0.6253833333333335,0.630233333333333,,
summary,S10,1,care_score,median_wait_vulnerable,9.47703017999183,9.21841730777094,9.73970375849466,,
summary,S10,1,care_score,unserved_frac_vulnerable,0.06734140187478953,0.06328618755749289,0.07155156734800865,,
summary,S10,1,care_score,fully_staffed_frac_vulnerable,0.9197716134541629,0.9152387872826404,0.9241621037485857,,
summary,S10,1,care_score,wait_gap_vulnerable,-32.84308729249003,-33.54348990186472,-32.15145965469066,,
summary,S10,1,care_score,median_wait_severe,10.738437591859114,10.422564695745692,11.070956167701597,,
summary,S10,1,care_score,unserved_frac_severe,0.0710096686756947,0.0662109589043669,0.07575009497850103,,
summary,S10,1,care_score,fully_staffed_frac_severe,0.9198035496271405,0.914664904750245,0.9250961392151711,,
summary,S10,1,care_score,wait_gap_severe,-22.649282660591876,-23.39085469030524,-21.924428623819384,,
summary,S10,1,care_score,invalid_claim_frac,0,0,0,,
summary,S10,1,care_score,gini,0.49465348841896173,0.4929794372969884,0.49628099074122994,,
summary,S10,1,care_score,mean_commute_min,18.07496871788701,17.72944194081924,18.41116246046295,,
summary,S10,1,care_score,median_wait_nonvulnerable,42.320117472481854,41.65547299962203,42.996616119637025,,
summary,S10,1,care_score,unserved_frac_nonvulnerable,0.38029450253032054,0.37741673312587537,0.38320292108115966,,
summary,S10,1,care_score,fully_staffed_frac_all,0.6839500000000002,0.6820999999999998,0.6858000000000004,,
summary,S10,1,coordinated_latest,median_wait_vulnerable,10.309272642980682,9.272953230651005,11.325978350470695,,
summary,S10,1,coordinated_latest,unserved_frac_vulnerable,0.2339941178607166,0.2284951521889812,0.2396463447060895,,
summary,S10,1,coordinated_latest,fully_staffed_frac_vulnerable,0.7478624871966739,0.7419117701333632,0.7539296217772539,,
summary,S10,1,coordinated_latest,wait_gap_vulnerable,-14.394782055656433,-15.753843855963842,-13.001976604966227,,
summary,S10,1,coordinated_latest,median_wait_severe,20.086726806078705,18.525801165811398,21.764328018371238,,
summary,S10,1,coordinated_latest,unserved_frac_severe,0.27484514310103736,0.2661764426519722,0.28346571667234305,,
summary,S10,1,coordinated_latest,fully_staffed_frac_severe,0.7035634545239441,0.6949980564877204,0.7123674366545794,,
summary,S10,1,coordinated_latest,wait_gap_severe,-0.9406262572815155,-2.7295743043743093,0.8835165446722675,,
summary,S10,1,coordinated_latest,invalid_claim_frac,0,0,0,,
summary,S10,1,coordinated_latest,gini,0.4909526049641199,0.4891236395398252,0.49280771187588085,,
summary,S10,1,coordinated_latest,mean_commute_min,19.846496811223016,19.495167879820567,20.182884027413184,,
summary,S10,1,coordinated_latest,median_wait_nonvulnerable,24.704054698637105,24.045861951517757,25.404302225086074,,
summary,S10,1,coordinated_latest,unserved_frac_nonvulnerable,0.3037853679113666,0.3008527092479474,0.30684611384360927,,
summary,S10,1,coordinated_latest,fully_staffed_frac_all,0.6942166666666665,0.6922666666666669,0.6962166666666663,,
summary,S10,1,coordinated_nearest,median_wait_vulnerable,27.239020967722375,26.425276914127267,28.07528699820342,,
summary,S10,1,coordinated_nearest,unserved_frac_vulnerable,0.3017685137381923,0.29558739147666435,0.3080226207461095,,
summary,S10,1,coordinated_nearest,fully_staffed_frac_vulnerable,0.6954174668893667,0.6891500399241681,0.701527362890679,,
summary,S10,1,coordinated_nearest,wait_gap_vulnerable,-0.5229613226018873,-1.5756788944844766,0.5368148576959426,,
summary,S10,1,coordinated_nearest,median_wait_severe,29.266264376740693,28.13159685102157,30.448358790061786,,
summary,S10,1,coordinated_nearest,unserved_frac_severe,0.30970460034547365,0.30176267345646307,0.3172988235620135,,
summary,S10,1,coordinated_nearest,fully_staffed_frac_severe,0.6872594680533859,0.6797855276817958,0.6951382928748359,,
summary,S10,1,coordinated_nearest,wait_gap_severe,2.1690521651208687,0.8870737577056288,3.486642642246723,,
summary,S10,1,coordinated_nearest,invalid_claim_frac,0,0,0,,
summary,S10,1,coordinated_nearest,gini,0.4992687207456972,0.4976788966372619,0.5008715055777501,,
summary,S10,1,coordinated_nearest,mean_commute_min,15.778168716816435,15.397698588998066,16.134674896745956,,
summary,S10,1,coordinated_nearest,median_wait_nonvulnerable,27.76198229032427,27.278994833663123,28.295475091152717,,
summary,S10,1,coordinated_nearest,unserved_frac_nonvulnerable,0.30149708082587695,0.2982957480616603,0.30471573736941315,,
summary,S10,1,coordinated_nearest,fully_staffed_frac_all,0.69565,0.6937500000000006,0.6976999999999999,,
summary,S10,1,care_score_uncoordinated,median_wait_vulnerable,40.88727770976228,39.19637109140319,42.62035377024358,,
summary,S10,1,care_score_uncoordinated,unserved_frac_vulnerable,0.4990464529311303,0.4923989190488635,0.5056556156584467,,
summary,S10,1,care_score_uncoordinated,fully_staffed_frac_vulnerable,0.46946347077317235,0.4627190507542784,0.4761822832266976,,
summary,S10,1,care_score_uncoordinated,wait_gap_vulnerable,-25.114759299500296,-26.798381441445656,-23.404439090148045,,
summary,S10,1,care_score_uncoordinated,median_wait_severe,47.012887981637995,45.18853345481544,48.725520507242614,,
summary,S10,1,care_score_uncoordinated,unserved_frac_severe,0.5401183638623781,0.5315711501190371,0.5492751681494511,,
summary,S10,1,care_score_uncoordinated,fully_staffed_frac_severe,0.4287457076665701,0.4196952465996756,0.43738695844157066,,
summary,S10,1,care_score_uncoordinated,wait_gap_severe,-17.98636982303001,-19.813209569913308,-16.264365010681782,,
summary,S10,1,care_score_uncoordinated,invalid_claim_frac,0.7234049181596155,0.720923542861008,0.7260102091908383,,
summary,S10,1,care_score_uncoordinated,gini,0.8560101132995138,0.8548565741863047,0.8571902979923798,,
summary,S10,1,care_score_uncoordinated,mean_commute_min,19.867499562317274,19.511314557672147,20.230965397986196,,
summary,S10,1,care_score_uncoordinated,median_wait_nonvulnerable,66.00203700926258,65.92019229621863,66.07872883559047,,
summary,S10,1,care_score_uncoordinated,unserved_frac_nonvulnerable,0.9126930903423494,0.9103922369146064,0.9149542560027865,,
summary,S10,1,care_score_uncoordinated,fully_staffed_frac_all,0.1834666666666665,0.18209999999999985,0.18474999999999983,,
summary,S10,1,care_score_full_compliance,median_wait_vulnerable,7.69904212543596,7.473464654960955,7.9301089091459165,,
summary,S10,1,care_score_full_compliance,unserved_frac_vulnerable,0.038442858685348955,0.03562959587961274,0.04139235019482078,,
summary,S10,1,care_score_full_compliance,fully_staffed_frac_vulnerable,0.9558697061533644,0.9528141106454296,0.9588939275399702,,
summary,S10,1,care_score_full_compliance,wait_gap_vulnerable,-38.50490587049172,-39.106883412754094,-37.898428511026346,,
summary,S10,1,care_score_full_compliance,median_wait_severe,9.046596346422591,8.767491229020813,9.330863709483648,,
summary,S10,1,care_score_full_compliance,unserved_frac_severe,0.046552323014609764,0.042207182925908186,0.05085045473841642,,
summary,S10,1,care_score_full_compliance,fully_staffed_frac_severe,0.9449148639541659,0.9400344764669795,0.9496527897211384,,
summary,S10,1,care_score_full_compliance,wait_gap_severe,-24.935834258647642,-25.755390893239078,-24.14875064247595,,
summary,S10,1,care_score_full_compliance,invalid_claim_frac,0,0,0,,
summary,S10,1,care_score_full_compliance,gini,0.49343172002857716,0.4917299272166252,0.49521397209005724,,
summary,S10,1,care_score_full_compliance,mean_commute_min,19.860203572050168,19.50544450590288,20.201900292867265,,
summary,S10,1,care_score_full_compliance,median_wait_nonvulnerable,46.203947995927635,45.62973629315009,46.8061111029715,,
summary,S10,1,care_score_full_compliance,unserved_frac_nonvulnerable,0.3898051128319468,0.3864580290040282,0.3930997910049839,,
summary,S10,1,care_score_full_compliance,fully_staffed_frac_all,0.679416666666667,0.677283333333333,0.6815166666666664,,
paired_diff,S10,1,coordinated_latest,median_wait_vulnerable,-0.8322424629888447,-1.841087752001667,0.16167690287375597,9.47703017999183,10.309272642980682
paired_diff,S10,1,coordinated_latest,unserved_frac_vulnerable,-0.16665271598592696,-0.1735722406943426,-0.15952026412748926,0.06734140187478953,0.2339941178607166
paired_diff,S10,1,coordinated_latest,fully_staffed_frac_vulnerable,0.17190912625749008,0.16430641852939337,0.17960040112501224,0.9197716134541629,0.7478624871966739
paired_diff,S10,1,coordinated_latest,wait_gap_vulnerable,-18.448305236833598,-19.935059025096123,-16.928850194504662,-32.84308729249003,-14.394782055656433
paired_diff,S10,1,coordinated_latest,median_wait_severe,-9.348289214219582,-10.95936916605477,-7.7581156556568995,10.738437591859114,20.086726806078705
paired_diff,S10,1,coordinated_latest,unserved_frac_severe,-0.20383547442534267,-0.2138660563819747,-0.1942981969899755,0.0710096686756947,0.27484514310103736
paired_diff,S10,1,coordinated_latest,fully_staffed_frac_severe,0.21624009510319595,0.20654312451958914,0.22671659070164926,0.9198035496271405,0.7035634545239441
paired_diff,S10,1,coordinated_latest,wait_gap_severe,-21.708656403310354,-23.663789364126483,-19.779418674411517,-22.649282660591876,-0.9406262572815155
paired_diff,S10,1,coordinated_latest,invalid_claim_frac,0,0,0,0,0
paired_diff,S10,1,coordinated_latest,gini,0.0037008834548417926,0.0017891716741137728,0.0056361935021762765,0.49465348841896173,0.4909526049641199
paired_diff,S10,1,coordinated_latest,mean_commute_min,-1.7715280933359987,-1.849708442967181,-1.698253271327233,18.07496871788701,19.846496811223016
paired_diff,S10,1,coordinated_latest,median_wait_nonvulnerable,17.61606277384475,16.732911393287697,18.460186057689363,42.320117472481854,24.704054698637105
paired_diff,S10,1,coordinated_latest,unserved_frac_nonvulnerable,0.07650913461895358,0.07268140989678767,0.08043682009085637,0.38029450253032054,0.3037853679113666
paired_diff,S10,1,coordinated_latest,fully_staffed_frac_all,-0.010266666666666646,-0.012849999999999983,-0.007766666666666657,0.6839500000000002,0.6942166666666665
paired_diff,S10,1,random,median_wait_vulnerable,-2.6612102325900717,-3.015845951913063,-2.3031973528572878,9.47703017999183,12.138240412581911
paired_diff,S10,1,random,unserved_frac_vulnerable,-0.03964188592262105,-0.04598357657376655,-0.03296429430812075,0.06734140187478953,0.10698328779741068
paired_diff,S10,1,random,fully_staffed_frac_vulnerable,0.2993737921940302,0.29134407426869896,0.30745489242320834,0.9197716134541629,0.6203978212601329
paired_diff,S10,1,random,wait_gap_vulnerable,-32.992124440153745,-33.76926352494711,-32.248550573356276,-32.84308729249003,0.14903714766372356
paired_diff,S10,1,random,median_wait_severe,-1.4548900905250692,-1.9050388410397878,-1.0002122947668584,10.738437591859114,12.193327682384185
paired_diff,S10,1,random,unserved_frac_severe,-0.032812333778964135,-0.04101670307143562,-0.02469911946681066,0.0710096686756947,0.10382200245465881
paired_diff,S10,1,random,fully_staffed_frac_severe,0.29289046857054846,0.28251300993524037,0.30304900975324844,0.9198035496271405,0.6269130810565916
paired_diff,S10,1,random,wait_gap_severe,-22.857262478611617,-23.65815770825535,-22.056199947675097,-22.649282660591876,0.2079798180197538
paired_diff,S10,1,random,invalid_claim_frac,-0.004358140877279888,-0.004787981846371255,-0.0039260897215511025,0,0.004358140877279888
paired_diff,S10,1,random,gini,0.1685254451514734,0.1661339469939287,0.1710547567798648,0.49465348841896173,0.3261280432674882
paired_diff,S10,1,random,mean_commute_min,-1.800625061046109,-1.8696267137664886,-1.7316535855443953,18.07496871788701,19.87559377893315
paired_diff,S10,1,random,median_wait_nonvulnerable,30.33091420756371,29.66780833709179,31.03040474110854,42.320117472481854,11.989203264918181
paired_diff,S10,1,random,unserved_frac_nonvulnerable,0.2821189402031138,0.2782751756117419,0.2861510789066107,0.38029450253032054,0.09817556232720642
paired_diff,S10,1,random,fully_staffed_frac_all,0.056150000000000005,0.05326666666666664,0.059116666666666665,0.6839500000000002,0.6277999999999996
paired_diff,S10,1,latest,median_wait_vulnerable,-25.95690149432991,-29.32659173571094,-22.616868329797416,9.47703017999183,35.43393167432175
paired_diff,S10,1,latest,unserved_frac_vulnerable,-0.4372278897299674,-0.44657362190905353,-0.4280511721145832,0.06734140187478953,0.5045692916047568
paired_diff,S10,1,latest,fully_staffed_frac_vulnerable,0.5195626785512398,0.5105055109128854,0.5288201516174809,0.9197716134541629,0.40020893490292364
paired_diff,S10,1,latest,wait_gap_vulnerable,-3.413901562066216,-6.976228887379783,0.22032736403396935,-32.84308729249003,-29.429185730423804
paired_diff,S10,1,latest,median_wait_severe,-39.87803810315587,-42.69876766772129,-37.001980738787665,10.738437591859114,50.61647569501497
paired_diff,S10,1,latest,unserved_frac_severe,-0.48862793594239096,-0.49922416272298165,-0.4785464062526055,0.0710096686756947,0.5596376046180851
paired_diff,S10,1,latest,fully_staffed_frac_severe,0.5757729617503112,0.5657959803053345,0.5862805636382147,0.9198035496271405,0.3440305878768281
paired_diff,S10,1,latest,wait_gap_severe,-9.967141906254565,-13.10163965684373,-6.800476495189438,-22.649282660591876,-12.682140754337306
paired_diff,S10,1,latest,invalid_claim_frac,-0.49749594609463826,-0.5016626376513663,-0.4933565612255535,0,0.49749594609463826
paired_diff,S10,1,latest,gini,-0.19800641666662128,-0.2010087086405042,-0.19507949693375146,0.49465348841896173,0.6926599050855828
paired_diff,S10,1,latest,mean_commute_min,-1.8263508943633988,-1.938647806326804,-1.721539538675354,18.07496871788701,19.90131961225041
paired_diff,S10,1,latest,median_wait_nonvulnerable,-22.542999932263697,-23.427238593354932,-21.617331068047783,42.320117472481854,64.86311740474558
paired_diff,S10,1,latest,unserved_frac_nonvulnerable,-0.21433111638064484,-0.21926376920887777,-0.20940043554156954,0.38029450253032054,0.5946256189109644
paired_diff,S10,1,latest,fully_staffed_frac_all,0.34971666666666656,0.34611666666666663,0.35314999999999963,0.6839500000000002,0.3342333333333335
paired_diff,S10,1,nearest,median_wait_vulnerable,-53.46240185893277,-53.759496412292286,-53.172031517774535,9.47703017999183,62.93943203892464
paired_diff,S10,1,nearest,unserved_frac_vulnerable,-0.7569461829310676,-0.7628189778438556,-0.7507381792892821,0.06734140187478953,0.8242875848058576
paired_diff,S10,1,nearest,fully_staffed_frac_vulnerable,0.7471363750790349,0.7406442041530222,0.7534011664674636,0.9197716134541629,0.1726352383751283
paired_diff,S10,1,nearest,wait_gap_vulnerable,-30.7249101687424,-31.426531528460025,-30.040213946196435,-32.84308729249003,-2.1181771237476554
paired_diff,S10,1,nearest,median_wait_severe,-53.274448577023264,-53.62056311576867,-52.92108463279519,10.738437591859114,64.01288616888247
paired_diff,S10,1,nearest,unserved_frac_severe,-0.750473072330624,-0.758423009102282,-0.7425411911145968,0.0710096686756947,0.8214827410063182
paired_diff,S10,1,nearest,fully_staffed_frac_severe,0.7445701835818136,0.736402389232455,0.7526544822880681,0.9198035496271405,0.17523336604532633
paired_diff,S10,1,nearest,wait_gap_severe,-22.034999830378357,-22.77164354538028,-21.32327498116908,-22.649282660591876,-0.6142828302135169
paired_diff,S10,1,nearest,invalid_claim_frac,-0.7526627414136542,-0.7548384480570701,-0.7505690754227511,0,0.7526627414136542
paired_diff,S10,1,nearest,gini,-0.37849206100732014,-0.3801267999742401,-0.37677940714367575,0.49465348841896173,0.8731455494262816
paired_diff,S10,1,nearest,mean_commute_min,10.253664075462874,9.995966247366866,10.512538748704305,18.07496871788701,7.821304642424137
paired_diff,S10,1,nearest,median_wait_nonvulnerable,-22.737491690190375,-23.385235735843843,-22.058594644325943,42.320117472481854,65.05760916267226
paired_diff,S10,1,nearest,unserved_frac_nonvulnerable,-0.44349185038106026,-0.44689894549146403,-0.4401227314710763,0.38029450253032054,0.8237863529113809
paired_diff,S10,1,nearest,fully_staffed_frac_all,0.5120833333333332,0.5099333333333335,0.5141500000000001,0.6839500000000002,0.17186666666666658
ablation_diff,S10,1,care_score_uncoordinated_minus_latest,median_wait_vulnerable,5.453346035440507,1.6295024935300606,9.167396948812733,40.88727770976228,35.43393167432175
ablation_diff,S10,1,care_score_uncoordinated_minus_latest,unserved_frac_vulnerable,-0.0055228386736267685,-0.01593961058319765,0.004338472206696974,0.4990464529311303,0.5045692916047568
ablation_diff,S10,1,care_score_uncoordinated_minus_latest,fully_staffed_frac_vulnerable,0.06925453587024838,0.05936858866066621,0.07909645442921615,0.46946347077317235,0.40020893490292364
ablation_diff,S10,1,care_score_uncoordinated_minus_latest,wait_gap_vulnerable,4.314426430923527,0.3773927668652029,8.158508027453239,-25.114759299500296,-29.429185730423804
ablation_diff,S10,1,care_score_uncoordinated_minus_latest,median_wait_severe,-3.603587713376997,-6.996950497210925,-0.25645209620531473,47.012887981637995,50.61647569501497
ablation_diff,S10,1,care_score_uncoordinated_minus_latest,unserved_frac_severe,-0.01951924075570692,-0.03206162900918131,-0.006331064400687676,0.5401183638623781,0.5596376046180851
ablation_diff,S10,1,care_score_uncoordinated_minus_latest,fully_staffed_frac_severe,0.0847151197897423,0.07206270036671099,0.09682939482292008,0.4287457076665701,0.3440305878768281
ablation_diff,S10,1,care_score_uncoordinated_minus_latest,wait_gap_severe,-5.3042290686927105,-8.886408157535111,-1.7795578717731935,-17.98636982303001,-12.682140754337306
ablation_diff,S10,1,care_score_uncoordinated_minus_latest,invalid_claim_frac,0.2259089720649774,0.2212679972720945,0.23027925188657297,0.7234049181596155,0.49749594609463826
ablation_diff,S10,1,care_score_uncoordinated_minus_latest,gini,0.16335020821393129,0.1607851183267453,0.16587026489549078,0.8560101132995138,0.6926599050855828
ablation_diff,S10,1,care_score_uncoordinated_minus_latest,mean_commute_min,-0.03382004993314825,-0.2071545911499893,0.13084203111577655,19.867499562317274,19.90131961225041
ablation_diff,S10,1,care_score_uncoordinated_minus_latest,median_wait_nonvulnerable,1.13891960451698,0.6251152533391172,1.8062797271001827,66.00203700926258,64.86311740474558
ablation_diff,S10,1,care_score_uncoordinated_minus_latest,unserved_frac_nonvulnerable,0.3180674714313849,0.3137429652295965,0.3226765719248054,0.9126930903423494,0.5946256189109644
ablation_diff,S10,1,care_score_uncoordinated_minus_latest,fully_staffed_frac_all,-0.15076666666666672,-0.1538333333333333,-0.14788333333333345,0.1834666666666665,0.3342333333333335
ablation_diff,S10,1,care_score_uncoordinated_minus_nearest,median_wait_vulnerable,-22.052154329162352,-23.753774959924957,-20.305106711659153,40.88727770976228,62.93943203892464
ablation_diff,S10,1,care_score_uncoordinated_minus_nearest,unserved_frac_vulnerable,-0.3252411318747277,-0.3332018942228779,-0.31663160155329256,0.4990464529311303,0.8242875848058576
ablation_diff,S10,1,care_score_uncoordinated_minus_nearest,fully_staffed_frac_vulnerable,0.29682823239804396,0.28840618484277303,0.30477486151113536,0.46946347077317235,0.1726352383751283
ablation_diff,S10,1,care_score_uncoordinated_minus_nearest,wait_gap_vulnerable,-22.996582175752636,-24.70087186133574,-21.25097822841007,-25.114759299500296,-2.1181771237476554
ablation_diff,S10,1,care_score_uncoordinated_minus_nearest,median_wait_severe,-16.999998187244408,-18.82227979621932,-15.30650864527554,47.012887981637995,64.01288616888247
ablation_diff,S10,1,care_score_uncoordinated_minus_nearest,unserved_frac_severe,-0.28136437714394064,-0.2925553873641782,-0.2705554551987066,0.5401183638623781,0.8214827410063182
ablation_diff,S10,1,care_score_uncoordinated_minus_nearest,fully_staffed_frac_severe,0.2535123416212442,0.24302421685044165,0.2646650741377672,0.4287457076665701,0.17523336604532633
ablation_diff,S10,1,care_score_uncoordinated_minus_nearest,wait_gap_severe,-17.372086992816502,-19.206007258418104,-15.661588603045097,-17.98636982303001,-0.6142828302135169
ablation_diff,S10,1,care_score_uncoordinated_minus_nearest,invalid_claim_frac,-0.029257823254038258,-0.03249774529763811,-0.02601653964707488,0.7234049181596155,0.7526627414136542
ablation_diff,S10,1,care_score_uncoordinated_minus_nearest,gini,-0.017135436126767475,-0.018485653650685704,-0.015704567559100213,0.8560101132995138,0.8731455494262816
ablation_diff,S10,1,care_score_uncoordinated_minus_nearest,mean_commute_min,12.046194919893132,11.717771664075826,12.385051459651885,19.867499562317274,7.821304642424137
ablation_diff,S10,1,care_score_uncoordinated_minus_nearest,median_wait_nonvulnerable,0.9444278465903017,0.883388582927953,1.0030809975085866,66.00203700926258,65.05760916267226
ablation_diff,S10,1,care_score_uncoordinated_minus_nearest,unserved_frac_nonvulnerable,0.08890673743096915,0.0859145156304938,0.09192915591106932,0.9126930903423494,0.8237863529113809
ablation_diff,S10,1,care_score_uncoordinated_minus_nearest,fully_staffed_frac_all,0.011599999999999997,0.009866666666666664,0.01324999999999998,0.1834666666666665,0.17186666666666658
summary,S10,5,latest,median_wait_vulnerable,30.623516695161786,27.228465135218514,34.038011401694824,,
summary,S10,5,latest,unserved_frac_vulnerable,0.49218229188864815,0.48433638080164987,0.49970615271590646,,
summary,S10,5,latest,fully_staffed_frac_vulnerable,0.42358248521185504,0.41593347209965287,0.43125427877984646,,
summary,S10,5,latest,wait_gap_vulnerable,-33.94448802645748,-37.51314590326383,-30.401808854567673,,
summary,S10,5,latest,median_wait_severe,48.35519297985107,45.36259488561836,51.354947068222216,,
summary,S10,5,latest,unserved_frac_severe,0.5475770029843842,0.5382392222189128,0.5572287798737445,,
summary,S10,5,latest,fully_staffed_frac_severe,0.36529642325521944,0.3555598375913559,0.3748131506766083,,
summary,S10,5,latest,wait_gap_severe,-14.042041767072567,-17.38333352153126,-10.652968830626348,,
summary,S10,5,latest,invalid_claim_frac,0.46866612387323264,0.4642753613734543,0.4728305150038357,,
summary,S10,5,latest,gini,0.6851463047683424,0.682669558717356,0.6875951295478574,,
summary,S10,5,latest,mean_commute_min,19.901283482346543,19.5323017045827,20.24534109309213,,
summary,S10,5,latest,median_wait_nonvulnerable,64.5680047216193,63.65361730793932,65.27024081180656,,
summary,S10,5,latest,unserved_frac_nonvulnerable,0.5821055878039267,0.5780387405148787,0.5860649584500712,,
summary,S10,5,latest,fully_staffed_frac_all,0.356383333333333,0.3534999999999996,0.3594333333333333,,
summary,S10,5,nearest,median_wait_vulnerable,61.90692702427978,61.665536484075695,62.13968088964071,,
summary,S10,5,nearest,unserved_frac_vulnerable,0.7699345672541331,0.7643133864092914,0.775015381102308,,
summary,S10,5,nearest,fully_staffed_frac_vulnerable,0.22680282498585033,0.22157996990071135,0.23243928449715326,,
summary,S10,5,nearest,wait_gap_vulnerable,-2.331718196026781,-2.599719361710341,-2.0589986902767516,,
summary,S10,5,nearest,median_wait_severe,62.989550274815095,62.67780131527345,63.287977938087884,,
summary,S10,5,nearest,unserved_frac_severe,0.7647222460366004,0.7570537255853569,0.7727081750385064,,
summary,S10,5,nearest,fully_staffed_frac_severe,0.2319580228897642,0.22412501310563906,0.239685589684567,,
summary,S10,5,nearest,wait_gap_severe,-0.8001311508725001,-1.1220826340096441,-0.47461321504105664,,
summary,S10,5,nearest,invalid_claim_frac,0.6723963531667161,0.6701477446100776,0.6746521449886071,,
summary,S10,5,nearest,gini,0.8339509513325045,0.8328935787670326,0.8348821029621203,,
summary,S10,5,nearest,mean_commute_min,8.881102298074815,8.495267531672111,9.269617728785029,,
summary,S10,5,nearest,median_wait_nonvulnerable,64.23864522030654,64.12710507326572,64.35318614026907,,
summary,S10,5,nearest,unserved_frac_nonvulnerable,0.7688592929821713,0.7664772306462578,0.7711828758543625,,
summary,S10,5,nearest,fully_staffed_frac_all,0.2271,0.22598333333333323,0.2283333333333332,,
summary,S10,5,attention,median_wait_vulnerable,22.379095561760646,21.68438117151635,23.11808505273822,,
summary,S10,5,attention,unserved_frac_vulnerable,0.26132806570975575,0.25524928160028587,0.2679178301854305,,
summary,S10,5,attention,fully_staffed_frac_vulnerable,0.509783868550484,0.5032387927624452,0.5161161006627583,,
summary,S10,5,attention,wait_gap_vulnerable,10.522944929713494,9.81226612081201,11.297253522232173,,
summary,S10,5,attention,median_wait_severe,15.002985132977967,14.430384496432938,15.552933623629645,,
summary,S10,5,attention,unserved_frac_severe,0.17288997549979485,0.16575232274393906,0.17988288372287664,,
summary,S10,5,attention,fully_staffed_frac_severe,0.6389465216930339,0.6299442092816621,0.6480217934267052,,
summary,S10,5,attention,wait_gap_severe,1.3244120045635734,0.7120464511478436,1.9442879354255123,,
summary,S10,5,attention,invalid_claim_frac,0.0003467962753852718,0.0002297138258630485,0.00047191204838446853,,
summary,S10,5,attention,gini,0.39361167406722175,0.39161583202665795,0.39558078921531586,,
summary,S10,5,attention,mean_commute_min,19.853360944094707,19.512620140203513,20.17960730754737,,
summary,S10,5,attention,median_wait_nonvulnerable,11.856150632047108,11.682739452194866,12.019006649535694,,
summary,S10,5,attention,unserved_frac_nonvulnerable,0.123878345163431,0.12112001249108194,0.12655026952562587,,
summary,S10,5,attention,fully_staffed_frac_all,0.6539999999999998,0.6518000000000002,0.6562833333333332,,
summary,S10,5,random,median_wait_vulnerable,12.034112506573928,11.765734482984657,12.308773787681424,,
summary,S10,5,random,unserved_frac_vulnerable,0.10280958435441856,0.09847609727247944,0.10720191701360134,,
summary,S10,5,random,fully_staffed_frac_vulnerable,0.62268579034839,0.6156930732389418,0.6297143535089715,,
summary,S10,5,random,wait_gap_vulnerable,0.03878600174120558,-0.26829156167346613,0.3557391302389041,,
summary,S10,5,random,median_wait_severe,12.170584384146698,11.837397986793999,12.499665151369063,,
summary,S10,5,random,unserved_frac_severe,0.10168208520518605,0.09554134378532911,0.10780884990540752,,
summary,S10,5,random,fully_staffed_frac_severe,0.6287180541798213,0.61991082702495,0.6376435208125025,,
summary,S10,5,random,wait_gap_severe,0.20182454664850857,-0.1727173550756218,0.5706387661556572,,
summary,S10,5,random,invalid_claim_frac,0,0,0,,
summary,S10,5,random,gini,0.3252591517128882,0.32332581027143364,0.3271650371658424,,
summary,S10,5,random,mean_commute_min,19.85961218699043,19.519885960832255,20.178539958223087,,
summary,S10,5,random,median_wait_nonvulnerable,11.995326504832727,11.832154590939366,12.155275782803626,,
summary,S10,5,random,unserved_frac_nonvulnerable,0.09692229615372058,0.09432507156342185,0.09942536873286577,,
summary,S10,5,random,fully_staffed_frac_all,0.6321333333333333,0.6295333333333332,0.6345166666666657,,
summary,S10,5,care_score,median_wait_vulnerable,9.47703017999183,9.21841730777094,9.73970375849466,,
summary,S10,5,care_score,unserved_frac_vulnerable,0.06734140187478953,0.06328618755749289,0.07155156734800865,,
summary,S10,5,care_score,fully_staffed_frac_vulnerable,0.9197716134541629,0.9152387872826404,0.9241621037485857,,
summary,S10,5,care_score,wait_gap_vulnerable,-32.84308729249003,-33.54348990186472,-32.15145965469066,,
summary,S10,5,care_score,median_wait_severe,10.738437591859114,10.422564695745692,11.070956167701597,,
summary,S10,5,care_score,unserved_frac_severe,0.0710096686756947,0.0662109589043669,0.07575009497850103,,
summary,S10,5,care_score,fully_staffed_frac_severe,0.9198035496271405,0.914664904750245,0.9250961392151711,,
summary,S10,5,care_score,wait_gap_severe,-22.649282660591876,-23.39085469030524,-21.924428623819384,,
summary,S10,5,care_score,invalid_claim_frac,0,0,0,,
summary,S10,5,care_score,gini,0.49465348841896173,0.4929794372969884,0.49628099074122994,,
summary,S10,5,care_score,mean_commute_min,18.07496871788701,17.72944194081924,18.41116246046295,,
summary,S10,5,care_score,median_wait_nonvulnerable,42.320117472481854,41.65547299962203,42.996616119637025,,
summary,S10,5,care_score,unserved_frac_nonvulnerable,0.38029450253032054,0.37741673312587537,0.38320292108115966,,
summary,S10,5,care_score,fully_staffed_frac_all,0.6839500000000002,0.6820999999999998,0.6858000000000004,,
summary,S10,5,coordinated_latest,median_wait_vulnerable,10.309272642980682,9.272953230651005,11.325978350470695,,
summary,S10,5,coordinated_latest,unserved_frac_vulnerable,0.2339941178607166,0.2284951521889812,0.2396463447060895,,
summary,S10,5,coordinated_latest,fully_staffed_frac_vulnerable,0.7478624871966739,0.7419117701333632,0.7539296217772539,,
summary,S10,5,coordinated_latest,wait_gap_vulnerable,-14.394782055656433,-15.753843855963842,-13.001976604966227,,
summary,S10,5,coordinated_latest,median_wait_severe,20.086726806078705,18.525801165811398,21.764328018371238,,
summary,S10,5,coordinated_latest,unserved_frac_severe,0.27484514310103736,0.2661764426519722,0.28346571667234305,,
summary,S10,5,coordinated_latest,fully_staffed_frac_severe,0.7035634545239441,0.6949980564877204,0.7123674366545794,,
summary,S10,5,coordinated_latest,wait_gap_severe,-0.9406262572815155,-2.7295743043743093,0.8835165446722675,,
summary,S10,5,coordinated_latest,invalid_claim_frac,0,0,0,,
summary,S10,5,coordinated_latest,gini,0.4909526049641199,0.4891236395398252,0.49280771187588085,,
summary,S10,5,coordinated_latest,mean_commute_min,19.846496811223016,19.495167879820567,20.182884027413184,,
summary,S10,5,coordinated_latest,median_wait_nonvulnerable,24.704054698637105,24.045861951517757,25.404302225086074,,
summary,S10,5,coordinated_latest,unserved_frac_nonvulnerable,0.3037853679113666,0.3008527092479474,0.30684611384360927,,
summary,S10,5,coordinated_latest,fully_staffed_frac_all,0.6942166666666665,0.6922666666666669,0.6962166666666663,,
summary,S10,5,coordinated_nearest,median_wait_vulnerable,27.239020967722375,26.425276914127267,28.07528699820342,,
summary,S10,5,coordinated_nearest,unserved_frac_vulnerable,0.3017685137381923,0.29558739147666435,0.3080226207461095,,
summary,S10,5,coordinated_nearest,fully_staffed_frac_vulnerable,0.6954174668893667,0.6891500399241681,0.701527362890679,,
summary,S10,5,coordinated_nearest,wait_gap_vulnerable,-0.5229613226018873,-1.5756788944844766,0.5368148576959426,,
summary,S10,5,coordinated_nearest,median_wait_severe,29.266264376740693,28.13159685102157,30.448358790061786,,
summary,S10,5,coordinated_nearest,unserved_frac_severe,0.30970460034547365,0.30176267345646307,0.3172988235620135,,
summary,S10,5,coordinated_nearest,fully_staffed_frac_severe,0.6872594680533859,0.6797855276817958,0.6951382928748359,,
summary,S10,5,coordinated_nearest,wait_gap_severe,2.1690521651208687,0.8870737577056288,3.486642642246723,,
summary,S10,5,coordinated_nearest,invalid_claim_frac,0,0,0,,
summary,S10,5,coordinated_nearest,gini,0.4992687207456972,0.4976788966372619,0.5008715055777501,,
summary,S10,5,coordinated_nearest,mean_commute_min,15.778168716816435,15.397698588998066,16.134674896745956,,
summary,S10,5,coordinated_nearest,median_wait_nonvulnerable,27.76198229032427,27.278994833663123,28.295475091152717,,
summary,S10,5,coordinated_nearest,unserved_frac_nonvulnerable,0.30149708082587695,0.2982957480616603,0.30471573736941315,,
summary,S10,5,coordinated_nearest,fully_staffed_frac_all,0.69565,0.6937500000000006,0.6976999999999999,,
summary,S10,5,care_score_uncoordinated,median_wait_vulnerable,17.256013191438836,16.372784895761253,18.234280957339116,,
summary,S10,5,care_score_uncoordinated,unserved_frac_vulnerable,0.3963995348329879,0.3904790965870757,0.4027849984230536,,
summary,S10,5,care_score_uncoordinated,fully_staffed_frac_vulnerable,0.5781469463294566,0.5716620985551955,0.5842930607696178,,
summary,S10,5,care_score_uncoordinated,wait_gap_vulnerable,-48.16224647286333,-49.0789867113438,-47.180419676270944,,
summary,S10,5,care_score_uncoordinated,median_wait_severe,23.623378824293866,21.9373454201239,25.418461084185548,,
summary,S10,5,care_score_uncoordinated,unserved_frac_severe,0.4221737225908488,0.4134690950783652,0.43101993330763966,,
summary,S10,5,care_score_uncoordinated,fully_staffed_frac_severe,0.5434553272275928,0.5347992583196023,0.5525030474634266,,
summary,S10,5,care_score_uncoordinated,wait_gap_severe,-40.70464546195595,-42.38931927781362,-38.91289289275332,,
summary,S10,5,care_score_uncoordinated,invalid_claim_frac,0.63249242490504,0.629792459415885,0.635223487783368,,
summary,S10,5,care_score_uncoordinated,gini,0.8097820725029417,0.8086009837091093,0.8110212457769799,,
summary,S10,5,care_score_uncoordinated,mean_commute_min,19.88823769954821,19.524107288638717,20.237171049859594,,
summary,S10,5,care_score_uncoordinated,median_wait_nonvulnerable,65.41825966430218,65.32595220214819,65.50736666484366,,
summary,S10,5,care_score_uncoordinated,unserved_frac_nonvulnerable,0.8628994648238398,0.8600083070278297,0.8657442684537174,,
summary,S10,5,care_score_uncoordinated,fully_staffed_frac_all,0.24588333333333323,0.24453333333333319,0.24726666666666655,,
summary,S10,5,care_score_full_compliance,median_wait_vulnerable,7.69904212543596,7.473464654960955,7.9301089091459165,,
summary,S10,5,care_score_full_compliance,unserved_frac_vulnerable,0.038442858685348955,0.03562959587961274,0.04139235019482078,,
summary,S10,5,care_score_full_compliance,fully_staffed_frac_vulnerable,0.9558697061533644,0.9528141106454296,0.9588939275399702,,
summary,S10,5,care_score_full_compliance,wait_gap_vulnerable,-38.50490587049172,-39.106883412754094,-37.898428511026346,,
summary,S10,5,care_score_full_compliance,median_wait_severe,9.046596346422591,8.767491229020813,9.330863709483648,,
summary,S10,5,care_score_full_compliance,unserved_frac_severe,0.046552323014609764,0.042207182925908186,0.05085045473841642,,
summary,S10,5,care_score_full_compliance,fully_staffed_frac_severe,0.9449148639541659,0.9400344764669795,0.9496527897211384,,
summary,S10,5,care_score_full_compliance,wait_gap_severe,-24.935834258647642,-25.755390893239078,-24.14875064247595,,
summary,S10,5,care_score_full_compliance,invalid_claim_frac,0,0,0,,
summary,S10,5,care_score_full_compliance,gini,0.49343172002857716,0.4917299272166252,0.49521397209005724,,
summary,S10,5,care_score_full_compliance,mean_commute_min,19.860203572050168,19.50544450590288,20.201900292867265,,
summary,S10,5,care_score_full_compliance,median_wait_nonvulnerable,46.203947995927635,45.62973629315009,46.8061111029715,,
summary,S10,5,care_score_full_compliance,unserved_frac_nonvulnerable,0.3898051128319468,0.3864580290040282,0.3930997910049839,,
summary,S10,5,care_score_full_compliance,fully_staffed_frac_all,0.679416666666667,0.677283333333333,0.6815166666666664,,
paired_diff,S10,5,coordinated_latest,median_wait_vulnerable,-0.8322424629888447,-1.841087752001667,0.16167690287375597,9.47703017999183,10.309272642980682
paired_diff,S10,5,coordinated_latest,unserved_frac_vulnerable,-0.16665271598592696,-0.1735722406943426,-0.15952026412748926,0.06734140187478953,0.2339941178607166
paired_diff,S10,5,coordinated_latest,fully_staffed_frac_vulnerable,0.17190912625749008,0.16430641852939337,0.17960040112501224,0.9197716134541629,0.7478624871966739
paired_diff,S10,5,coordinated_latest,wait_gap_vulnerable,-18.448305236833598,-19.935059025096123,-16.928850194504662,-32.84308729249003,-14.394782055656433
paired_diff,S10,5,coordinated_latest,median_wait_severe,-9.348289214219582,-10.95936916605477,-7.7581156556568995,10.738437591859114,20.086726806078705
paired_diff,S10,5,coordinated_latest,unserved_frac_severe,-0.20383547442534267,-0.2138660563819747,-0.1942981969899755,0.0710096686756947,0.27484514310103736
paired_diff,S10,5,coordinated_latest,fully_staffed_frac_severe,0.21624009510319595,0.20654312451958914,0.22671659070164926,0.9198035496271405,0.7035634545239441
paired_diff,S10,5,coordinated_latest,wait_gap_severe,-21.708656403310354,-23.663789364126483,-19.779418674411517,-22.649282660591876,-0.9406262572815155
paired_diff,S10,5,coordinated_latest,invalid_claim_frac,0,0,0,0,0
paired_diff,S10,5,coordinated_latest,gini,0.0037008834548417926,0.0017891716741137728,0.0056361935021762765,0.49465348841896173,0.4909526049641199
paired_diff,S10,5,coordinated_latest,mean_commute_min,-1.7715280933359987,-1.849708442967181,-1.698253271327233,18.07496871788701,19.846496811223016
paired_diff,S10,5,coordinated_latest,median_wait_nonvulnerable,17.61606277384475,16.732911393287697,18.460186057689363,42.320117472481854,24.704054698637105
paired_diff,S10,5,coordinated_latest,unserved_frac_nonvulnerable,0.07650913461895358,0.07268140989678767,0.08043682009085637,0.38029450253032054,0.3037853679113666
paired_diff,S10,5,coordinated_latest,fully_staffed_frac_all,-0.010266666666666646,-0.012849999999999983,-0.007766666666666657,0.6839500000000002,0.6942166666666665
paired_diff,S10,5,random,median_wait_vulnerable,-2.5570823265820954,-2.9117731217683387,-2.217316800486268,9.47703017999183,12.034112506573928
paired_diff,S10,5,random,unserved_frac_vulnerable,-0.035468182479628886,-0.04182099252940774,-0.02926111769345664,0.06734140187478953,0.10280958435441856
paired_diff,S10,5,random,fully_staffed_frac_vulnerable,0.2970858231057727,0.2889717133646688,0.3051883354063464,0.9197716134541629,0.62268579034839
paired_diff,S10,5,random,wait_gap_vulnerable,-32.88187329423125,-33.660427070556544,-32.13752421420933,-32.84308729249003,0.03878600174120558
paired_diff,S10,5,random,median_wait_severe,-1.4321467922875828,-1.8710167218540625,-0.9768731972954993,10.738437591859114,12.170584384146698
paired_diff,S10,5,random,unserved_frac_severe,-0.0306724165294914,-0.03811718318367823,-0.02307495715452597,0.0710096686756947,0.10168208520518605
paired_diff,S10,5,random,fully_staffed_frac_severe,0.29108549544731915,0.2815391933581721,0.30098015093834507,0.9198035496271405,0.6287180541798213
paired_diff,S10,5,random,wait_gap_severe,-22.851107207240364,-23.669229550705182,-22.03944544052922,-22.649282660591876,0.20182454664850857
paired_diff,S10,5,random,invalid_claim_frac,0,0,0,0,0
paired_diff,S10,5,random,gini,0.1693943367060734,0.16699302590775672,0.17193536206015483,0.49465348841896173,0.3252591517128882
paired_diff,S10,5,random,mean_commute_min,-1.7846434691034043,-1.8561321378545297,-1.7151678542953164,18.07496871788701,19.85961218699043
paired_diff,S10,5,random,median_wait_nonvulnerable,30.324790967649168,29.656163609643997,31.032041613090616,42.320117472481854,11.995326504832727
paired_diff,S10,5,random,unserved_frac_nonvulnerable,0.2833722063765997,0.27976994535150224,0.2873342719051907,0.38029450253032054,0.09692229615372058
paired_diff,S10,5,random,fully_staffed_frac_all,0.05181666666666667,0.048866666666666635,0.054949999999999985,0.6839500000000002,0.6321333333333333
paired_diff,S10,5,latest,median_wait_vulnerable,-21.146486515169954,-24.56547359339307,-17.7927999021582,9.47703017999183,30.623516695161786
paired_diff,S10,5,latest,unserved_frac_vulnerable,-0.4248408900138585,-0.4340471366149874,-0.41598773966195096,0.06734140187478953,0.49218229188864815
paired_diff,S10,5,latest,fully_staffed_frac_vulnerable,0.4961891282423082,0.48705578033674357,0.5053070746287602,0.9197716134541629,0.42358248521185504
paired_diff,S10,5,latest,wait_gap_vulnerable,1.101400733967454,-2.5400923741601575,4.788056598214915,-32.84308729249003,-33.94448802645748
paired_diff,S10,5,latest,median_wait_severe,-37.61675538799197,-40.56333695419252,-34.681066446972984,10.738437591859114,48.35519297985107
paired_diff,S10,5,latest,unserved_frac_severe,-0.47656733430868997,-0.48702885496939086,-0.4661669884932827,0.0710096686756947,0.5475770029843842
paired_diff,S10,5,latest,fully_staffed_frac_severe,0.5545071263719197,0.5440681794499354,0.5653263723594963,0.9198035496271405,0.36529642325521944
paired_diff,S10,5,latest,wait_gap_severe,-8.607240893519311,-11.97082536109272,-5.167563062377345,-22.649282660591876,-14.042041767072567
paired_diff,S10,5,latest,invalid_claim_frac,-0.46866612387323264,-0.4728305150038357,-0.4642753613734543,0,0.46866612387323264
paired_diff,S10,5,latest,gini,-0.19049281634938048,-0.19337060668069753,-0.18764081734713378,0.49465348841896173,0.6851463047683424
paired_diff,S10,5,latest,mean_commute_min,-1.8263147644595115,-1.9325651044560197,-1.7281201056155218,18.07496871788701,19.901283482346543
paired_diff,S10,5,latest,median_wait_nonvulnerable,-22.24788724913741,-23.255870465493206,-21.161586561488424,42.320117472481854,64.5680047216193
paired_diff,S10,5,latest,unserved_frac_nonvulnerable,-0.20181108527360644,-0.20661770516914693,-0.19696028788554126,0.38029450253032054,0.5821055878039267
paired_diff,S10,5,latest,fully_staffed_frac_all,0.32756666666666645,0.32406666666666684,0.33089999999999964,0.6839500000000002,0.356383333333333
paired_diff,S10,5,nearest,median_wait_vulnerable,-52.42989684428796,-52.73852246862638,-52.1171874969551,9.47703017999183,61.90692702427978
paired_diff,S10,5,nearest,unserved_frac_vulnerable,-0.7025931653793434,-0.7087470530734091,-0.6961293255824385,0.06734140187478953,0.7699345672541331
paired_diff,S10,5,nearest,fully_staffed_frac_vulnerable,0.692968788468313,0.6862905682693157,0.6991850601132369,0.9197716134541629,0.22680282498585033
paired_diff,S10,5,nearest,wait_gap_vulnerable,-30.511369096463227,-31.222626374547307,-29.81149372919703,-32.84308729249003,-2.331718196026781
paired_diff,S10,5,nearest,median_wait_severe,-52.25111268295599,-52.639390455302774,-51.874861053449564,10.738437591859114,62.989550274815095
paired_diff,S10,5,nearest,unserved_frac_severe,-0.6937125773609059,-0.7026987144963294,-0.6852169571529332,0.0710096686756947,0.7647222460366004
paired_diff,S10,5,nearest,fully_staffed_frac_severe,0.6878455267373753,0.6791974964369812,0.6968936966042142,0.9198035496271405,0.2319580228897642
paired_diff,S10,5,nearest,wait_gap_severe,-21.849151509719388,-22.63193037993027,-21.128954628357697,-22.649282660591876,-0.8001311508725001
paired_diff,S10,5,nearest,invalid_claim_frac,-0.6723963531667161,-0.6746521449886071,-0.6701477446100776,0,0.6723963531667161
paired_diff,S10,5,nearest,gini,-0.339297462913543,-0.3409123310158833,-0.3376827277705612,0.49465348841896173,0.8339509513325045
paired_diff,S10,5,nearest,mean_commute_min,9.193866419812206,8.96001676465636,9.421786776715814,18.07496871788701,8.881102298074815
paired_diff,S10,5,nearest,median_wait_nonvulnerable,-21.918527747824648,-22.57767389339327,-21.23947836925023,42.320117472481854,64.23864522030654
paired_diff,S10,5,nearest,unserved_frac_nonvulnerable,-0.38856479045185,-0.39194420109739087,-0.38517648007792843,0.38029450253032054,0.7688592929821713
paired_diff,S10,5,nearest,fully_staffed_frac_all,0.4568499999999998,0.4548333333333328,0.45884999999999915,0.6839500000000002,0.2271
ablation_diff,S10,5,care_score_uncoordinated_minus_latest,median_wait_vulnerable,-13.367503503722956,-16.826491869144864,-9.874701218691508,17.256013191438836,30.623516695161786
ablation_diff,S10,5,care_score_uncoordinated_minus_latest,unserved_frac_vulnerable,-0.09578275705565999,-0.10591543338443153,-0.08592072065395422,0.3963995348329879,0.49218229188864815
ablation_diff,S10,5,care_score_uncoordinated_minus_latest,fully_staffed_frac_vulnerable,0.1545644611176014,0.1448855586543993,0.16496869229582456,0.5781469463294566,0.42358248521185504
ablation_diff,S10,5,care_score_uncoordinated_minus_latest,wait_gap_vulnerable,-14.217758446405872,-17.945735866298428,-10.512152932085348,-48.16224647286333,-33.94448802645748
ablation_diff,S10,5,care_score_uncoordinated_minus_latest,median_wait_severe,-24.731814155557235,-28.108288093866463,-21.2741853889713,23.623378824293866,48.35519297985107
ablation_diff,S10,5,care_score_uncoordinated_minus_latest,unserved_frac_severe,-0.12540328039353493,-0.13787553903291627,-0.11237171164708956,0.4221737225908488,0.5475770029843842
ablation_diff,S10,5,care_score_uncoordinated_minus_latest,fully_staffed_frac_severe,0.17815890397237322,0.1653228901744491,0.1910295501570714,0.5434553272275928,0.36529642325521944
ablation_diff,S10,5,care_score_uncoordinated_minus_latest,wait_gap_severe,-26.662603694883387,-30.310974496240092,-22.879746014700714,-40.70464546195595,-14.042041767072567
ablation_diff,S10,5,care_score_uncoordinated_minus_latest,invalid_claim_frac,0.16382630103180723,0.15915518510302473,0.16863352004775278,0.63249242490504,0.46866612387323264
ablation_diff,S10,5,care_score_uncoordinated_minus_latest,gini,0.12463576773459963,0.12202169278896868,0.12719209550353067,0.8097820725029417,0.6851463047683424
ablation_diff,S10,5,care_score_uncoordinated_minus_latest,mean_commute_min,-0.013045782798319016,-0.15673102128081154,0.12942879640595142,19.88823769954821,19.901283482346543
ablation_diff,S10,5,care_score_uncoordinated_minus_latest,median_wait_nonvulnerable,0.8502549426829002,0.15660902924704273,1.7150827597146598,65.41825966430218,64.5680047216193
ablation_diff,S10,5,care_score_uncoordinated_minus_latest,unserved_frac_nonvulnerable,0.2807938770199127,0.275730618294984,0.2856327992730917,0.8628994648238398,0.5821055878039267
ablation_diff,S10,5,care_score_uncoordinated_minus_latest,fully_staffed_frac_all,-0.11049999999999992,-0.11354999999999997,-0.10750000000000005,0.24588333333333323,0.356383333333333
ablation_diff,S10,5,care_score_uncoordinated_minus_nearest,median_wait_vulnerable,-44.65091383284093,-45.576811502043086,-43.64668085859118,17.256013191438836,61.90692702427978
ablation_diff,S10,5,care_score_uncoordinated_minus_nearest,unserved_frac_vulnerable,-0.3735350324211452,-0.3817667621871978,-0.3651146720276542,0.3963995348329879,0.7699345672541331
ablation_diff,S10,5,care_score_uncoordinated_minus_nearest,fully_staffed_frac_vulnerable,0.3513441213436067,0.34279429771946385,0.35973304359102,0.5781469463294566,0.22680282498585033
ablation_diff,S10,5,care_score_uncoordinated_minus_nearest,wait_gap_vulnerable,-45.83052827683661,-46.76598526581114,-44.80814657087764,-48.16224647286333,-2.331718196026781
ablation_diff,S10,5,care_score_uncoordinated_minus_nearest,median_wait_severe,-39.366171450521236,-41.09103117392365,-37.57119457232293,23.623378824293866,62.989550274815095
ablation_diff,S10,5,care_score_uncoordinated_minus_nearest,unserved_frac_severe,-0.34254852344575176,-0.3544468149809583,-0.3308916651817879,0.4221737225908488,0.7647222460366004
ablation_diff,S10,5,care_score_uncoordinated_minus_nearest,fully_staffed_frac_severe,0.3114973043378286,0.2995216776650823,0.323339291232453,0.5434553272275928,0.2319580228897642
ablation_diff,S10,5,care_score_uncoordinated_minus_nearest,wait_gap_severe,-39.90451431108344,-41.65265245668912,-38.08439003187335,-40.70464546195595,-0.8001311508725001
ablation_diff,S10,5,care_score_uncoordinated_minus_nearest,invalid_claim_frac,-0.039903928261676706,-0.043496974083010446,-0.03642918733726977,0.63249242490504,0.6723963531667161
ablation_diff,S10,5,care_score_uncoordinated_minus_nearest,gini,-0.0241688788295628,-0.025609668253613712,-0.02261924533781743,0.8097820725029417,0.8339509513325045
ablation_diff,S10,5,care_score_uncoordinated_minus_nearest,mean_commute_min,11.007135401473391,10.700493702582357,11.322240622713995,19.88823769954821,8.881102298074815
ablation_diff,S10,5,care_score_uncoordinated_minus_nearest,median_wait_nonvulnerable,1.1796144439956486,1.0971538383524604,1.261294968726503,65.41825966430218,64.23864522030654
ablation_diff,S10,5,care_score_uncoordinated_minus_nearest,unserved_frac_nonvulnerable,0.09404017184166949,0.09044131283158122,0.09771669959612722,0.8628994648238398,0.7688592929821713
ablation_diff,S10,5,care_score_uncoordinated_minus_nearest,fully_staffed_frac_all,0.018783333333333332,0.016999999999999994,0.020499999999999977,0.24588333333333323,0.2271
