scenario,policy,metric,mean,ci_low,ci_high
S1,latest,median_wait_vulnerable,53.727256794708325,51.454284438302224,55.899417369749536
S1,latest,unserved_frac_vulnerable,0.5743703239471253,0.566450358213539,0.5815043860289476
S1,latest,fully_staffed_frac_vulnerable,0.28952471195497137,0.28282921107583975,0.2964103773611095
S1,latest,wait_gap_vulnerable,-11.789960668759482,-14.088110409543548,-9.53910308858939
S1,latest,median_wait_severe,59.20534809275204,57.29095504303686,61.00615495517998
S1,latest,unserved_frac_severe,0.6173079922640287,0.6080083716900476,0.6264670091497834
S1,latest,fully_staffed_frac_severe,0.2530194437910547,0.24451798621561077,0.26125271416196605
S1,latest,wait_gap_severe,-5.615493769738878,-7.538160118592708,-3.777552573915137
S1,latest,invalid_claim_frac,0.6181276415063863,0.6147833116236201,0.6215557010661173
S1,latest,gini,0.7230810281441622,0.7206130655534746,0.7257686846244673
S1,latest,mean_commute_min,19.870248764297695,19.511124121428235,20.208352403362152
S1,nearest,median_wait_vulnerable,64.6459214087344,64.48710511999911,64.79914651936609
S1,nearest,unserved_frac_vulnerable,0.9535269848045899,0.9505099497027103,0.9565466208362333
S1,nearest,fully_staffed_frac_vulnerable,0.041014582526825036,0.0381548444051155,0.04389099514269005
S1,nearest,wait_gap_vulnerable,-1.696622589687375,-1.8723939072553715,-1.518979400858805
S1,nearest,median_wait_severe,65.62587309646047,65.4514150268501,65.81569395399057
S1,nearest,unserved_frac_severe,0.9484601835120636,0.9445678404347371,0.952352226068805
S1,nearest,fully_staffed_frac_severe,0.046335580777983186,0.04272528492460294,0.04996103960533202
S1,nearest,wait_gap_severe,-0.3150220645678971,-0.5106739367119489,-0.10957225816856597
S1,nearest,invalid_claim_frac,0.9360401896893639,0.9346895219609261,0.9374173378904453
S1,nearest,gini,0.9631143634195413,0.9623356062429457,0.963851081004355
S1,nearest,mean_commute_min,5.188064609472453,4.819401019348855,5.568595072756642
S1,attention,median_wait_vulnerable,44.977083837969055,43.739329783105774,46.30887180366157
S1,attention,unserved_frac_vulnerable,0.4834876554387797,0.4760002675471168,0.49140136727732225
S1,attention,fully_staffed_frac_vulnerable,0.29998115392426955,0.2927605658959494,0.3069726358496859
S1,attention,wait_gap_vulnerable,29.003463411523263,27.695896625165222,30.317338988300175
S1,attention,median_wait_severe,25.582845701229797,24.213887484625197,26.947268258164474
S1,attention,unserved_frac_severe,0.3604541973300626,0.3517181469016207,0.36942187599826853
S1,attention,fully_staffed_frac_severe,0.4138217961585228,0.4045638644450712,0.4229773724561399
S1,attention,wait_gap_severe,5.9173255008814,4.45214148476903,7.442654991190204
S1,attention,invalid_claim_frac,0.3173683277916501,0.3137478235975155,0.3212168292304663
S1,attention,gini,0.5120180862651984,0.509472387709545,0.5145674811652104
S1,attention,mean_commute_min,19.796216679044267,19.461917248111952,20.121929082666618
S1,random,median_wait_vulnerable,13.485730044975634,13.174307854056197,13.807858085434491
S1,random,unserved_frac_vulnerable,0.1894164959416962,0.1841640409255746,0.19489168623117317
S1,random,fully_staffed_frac_vulnerable,0.5015493319213756,0.4941839836458099,0.5086361151647995
S1,random,wait_gap_vulnerable,0.1855809281347683,-0.1717354107457693,0.5567268985201792
S1,random,median_wait_severe,13.978911725629771,13.57159189505079,14.41102761332774
S1,random,unserved_frac_severe,0.1782878618982627,0.170598538002932,0.18552458615907072
S1,random,fully_staffed_frac_severe,0.5096569666953877,0.4999330220533626,0.5199557224259004
S1,random,wait_gap_severe,0.7809520584235349,0.31461563374577134,1.2555575792024933
S1,random,invalid_claim_frac,0.16571937937796385,0.16335901609370382,0.16794950335807632
S1,random,gini,0.3699441029870357,0.36760901387845624,0.37235749552571024
S1,random,mean_commute_min,19.828057883994678,19.499069952964845,20.15168095394149
S1,care_score,median_wait_vulnerable,9.47703017999183,9.21841730777094,9.73970375849466
S1,care_score,unserved_frac_vulnerable,0.06734140187478953,0.06328618755749289,0.07155156734800865
S1,care_score,fully_staffed_frac_vulnerable,0.9197716134541629,0.9152387872826404,0.9241621037485857
S1,care_score,wait_gap_vulnerable,-32.84308729249003,-33.54348990186472,-32.15145965469066
S1,care_score,median_wait_severe,10.738437591859114,10.422564695745692,11.070956167701597
S1,care_score,unserved_frac_severe,0.0710096686756947,0.0662109589043669,0.07575009497850103
S1,care_score,fully_staffed_frac_severe,0.9198035496271405,0.914664904750245,0.9250961392151711
S1,care_score,wait_gap_severe,-22.649282660591876,-23.39085469030524,-21.924428623819384
S1,care_score,invalid_claim_frac,0,0,0
S1,care_score,gini,0.49465348841896173,0.4929794372969884,0.49628099074122994
S1,care_score,mean_commute_min,18.07496871788701,17.72944194081924,18.41116246046295
S1,coordinated_latest,median_wait_vulnerable,10.309272642980682,9.272953230651005,11.325978350470695
S1,coordinated_latest,unserved_frac_vulnerable,0.2339941178607166,0.2284951521889812,0.2396463447060895
S1,coordinated_latest,fully_staffed_frac_vulnerable,0.7478624871966739,0.7419117701333632,0.7539296217772539
S1,coordinated_latest,wait_gap_vulnerable,-14.394782055656433,-15.753843855963842,-13.001976604966227
S1,coordinated_latest,median_wait_severe,20.086726806078705,18.525801165811398,21.764328018371238
S1,coordinated_latest,unserved_frac_severe,0.27484514310103736,0.2661764426519722,0.28346571667234305
S1,coordinated_latest,fully_staffed_frac_severe,0.7035634545239441,0.6949980564877204,0.7123674366545794
S1,coordinated_latest,wait_gap_severe,-0.9406262572815155,-2.7295743043743093,0.8835165446722675
S1,coordinated_latest,invalid_claim_frac,0,0,0
S1,coordinated_latest,gini,0.4909526049641199,0.4891236395398252,0.49280771187588085
S1,coordinated_latest,mean_commute_min,19.846496811223016,19.495167879820567,20.182884027413184
S1,coordinated_nearest,median_wait_vulnerable,27.239020967722375,26.425276914127267,28.07528699820342
S1,coordinated_nearest,unserved_frac_vulnerable,0.3017685137381923,0.29558739147666435,0.3080226207461095
S1,coordinated_nearest,fully_staffed_frac_vulnerable,0.6954174668893667,0.6891500399241681,0.701527362890679
S1,coordinated_nearest,wait_gap_vulnerable,-0.5229613226018873,-1.5756788944844766,0.5368148576959426
S1,coordinated_nearest,median_wait_severe,29.266264376740693,28.13159685102157,30.448358790061786
S1,coordinated_nearest,unserved_frac_severe,0.30970460034547365,0.30176267345646307,0.3172988235620135
S1,coordinated_nearest,fully_staffed_frac_severe,0.6872594680533859,0.6797855276817958,0.6951382928748359
S1,coordinated_nearest,wait_gap_severe,2.1690521651208687,0.8870737577056288,3.486642642246723
S1,coordinated_nearest,invalid_claim_frac,0,0,0
S1,coordinated_nearest,gini,0.4992687207456972,0.4976788966372619,0.5008715055777501
S1,coordinated_nearest,mean_commute_min,15.778168716816435,15.397698588998066,16.134674896745956
S1,care_score_uncoordinated,median_wait_vulnerable,62.8483043322376,62.6547845850457,63.03473103687302
S1,care_score_uncoordinated,unserved_frac_vulnerable,0.836984557483753,0.8330506440556877,0.8409757612228752
S1,care_score_uncoordinated,fully_staffed_frac_vulnerable,0.14134572301705978,0.13791584275822816,0.1448721734665443
S1,care_score_uncoordinated,wait_gap_vulnerable,-3.7920503677948463,-3.997925543454396,-3.6012661405446047
S1,care_score_uncoordinated,median_wait_severe,64.12336100761003,63.89913593055309,64.33689741928698
S1,care_score_uncoordinated,unserved_frac_severe,0.8381528026527494,0.8325933151334267,0.8438996149074531
S1,care_score_uncoordinated,fully_staffed_frac_severe,0.1406383873829721,0.1355179955486977,0.14555639924117975
S1,care_score_uncoordinated,wait_gap_severe,-1.9793015993396308,-2.2124338842232754,-1.7457412881883825
S1,care_score_uncoordinated,invalid_claim_frac,0.9270990389092496,0.9255604359468111,0.9287319735254234
S1,care_score_uncoordinated,gini,0.9592330507334875,0.9585030409129235,0.9599827385657485
S1,care_score_uncoordinated,mean_commute_min,19.992145567581648,19.534811206299494,20.461523134657387
S1,care_score_full_compliance,median_wait_vulnerable,7.69904212543596,7.473464654960955,7.9301089091459165
S1,care_score_full_compliance,unserved_frac_vulnerable,0.038442858685348955,0.03562959587961274,0.04139235019482078
S1,care_score_full_compliance,fully_staffed_frac_vulnerable,0.9558697061533644,0.9528141106454296,0.9588939275399702
S1,care_score_full_compliance,wait_gap_vulnerable,-38.50490587049172,-39.106883412754094,-37.898428511026346
S1,care_score_full_compliance,median_wait_severe,9.046596346422591,8.767491229020813,9.330863709483648
S1,care_score_full_compliance,unserved_frac_severe,0.046552323014609764,0.042207182925908186,0.05085045473841642
S1,care_score_full_compliance,fully_staffed_frac_severe,0.9449148639541659,0.9400344764669795,0.9496527897211384
S1,care_score_full_compliance,wait_gap_severe,-24.935834258647642,-25.755390893239078,-24.14875064247595
S1,care_score_full_compliance,invalid_claim_frac,0,0,0
S1,care_score_full_compliance,gini,0.49343172002857716,0.4917299272166252,0.49521397209005724
S1,care_score_full_compliance,mean_commute_min,19.860203572050168,19.50544450590288,20.201900292867265
S2,latest,median_wait_vulnerable,61.80316083625693,60.78736459620423,62.610193402102254
S2,latest,unserved_frac_vulnerable,0.6357185943258549,0.628918530056062,0.6430493771304362
S2,latest,fully_staffed_frac_vulnerable,0.23364384633633578,0.22727426180054175,0.2394274903770838
S2,latest,wait_gap_vulnerable,-4.215131891717851,-5.235505097448587,-3.38729130708056
S2,latest,median_wait_severe,64.480718098937,64.0746931206788,64.86402890664739
S2,latest,unserved_frac_severe,0.6784461427964983,0.6700072795847267,0.6871004563482455
S2,latest,fully_staffed_frac_severe,0.19934535623636404,0.1914076728605797,0.20777779284546072
S2,latest,wait_gap_severe,-0.9547395987532186,-1.3899148518731186,-0.5629639500516506
S2,latest,invalid_claim_frac,0.5700914015897379,0.5662148448068722,0.5739297179414325
S2,latest,gini,0.7623924663632647,0.7599270058275117,0.764858094321294
S2,latest,mean_commute_min,19.900581525985714,19.539145236383646,20.24853397444478
S2,nearest,median_wait_vulnerable,64.72626167269097,64.56755480777053,64.87357828936862
S2,nearest,unserved_frac_vulnerable,0.9582545588188109,0.9554819665054796,0.9609845613024696
S2,nearest,fully_staffed_frac_vulnerable,0.03657148808738204,0.03391568398687229,0.039236049179383045
S2,nearest,wait_gap_vulnerable,-1.6590137606696416,-1.8350199632292583,-1.4857190753303564
S2,nearest,median_wait_severe,65.67086685877338,65.50105755704296,65.8540627643761
S2,nearest,unserved_frac_severe,0.9515485599281784,0.9476737394500492,0.9552891658260155
S2,nearest,fully_staffed_frac_severe,0.04313703713371712,0.03952272392536172,0.04681900148096456
S2,nearest,wait_gap_severe,-0.3266098629590052,-0.5194703333972164,-0.12447860968295023
S2,nearest,invalid_claim_frac,0.9189028679845679,0.9170263292308893,0.9207188535555091
S2,nearest,gini,0.9664141945932347,0.9657240140420019,0.9671498651096476
S2,nearest,mean_commute_min,4.972637492163262,4.60930704600843,5.3387921699751635
S2,attention,median_wait_vulnerable,55.051121706949296,54.496214890828135,55.5722012939346
S2,attention,unserved_frac_vulnerable,0.5767438452839395,0.5696963822277419,0.584020439950317
S2,attention,fully_staffed_frac_vulnerable,0.2236816604194623,0.21775642037653087,0.2292894535281243
S2,attention,wait_gap_vulnerable,28.45388849471077,27.373229775565772,29.489689794491422
S2,attention,median_wait_severe,41.47873926593384,39.98898360025059,42.937548957676704
S2,attention,unserved_frac_severe,0.4578880655282403,0.4491035796273396,0.4663031708669857
S2,attention,fully_staffed_frac_severe,0.32342976301179704,0.31542665303408823,0.3315468557822398
S2,attention,wait_gap_severe,3.836846967645315,1.9406064919096018,5.748714223204002
S2,attention,invalid_claim_frac,0.24112004448673266,0.2372232294697964,0.24509194996351663
S2,attention,gini,0.5751431577023485,0.5723265557564148,0.5780073507100881
S2,attention,mean_commute_min,19.840489414175853,19.493286276323133,20.17313600537583
S2,random,median_wait_vulnerable,22.104117064891206,21.355370065555686,22.931941688986722
S2,random,unserved_frac_vulnerable,0.31376668984086653,0.3069302441184533,0.3202196024371914
S2,random,fully_staffed_frac_vulnerable,0.3692683980634846,0.3623842397116348,0.37629884383017637
S2,random,wait_gap_vulnerable,2.0141611658361898,1.1667922037166891,2.9356951381822602
S2,random,median_wait_severe,22.30620967436077,21.396464787212924,23.319274382755637
S2,random,unserved_frac_severe,0.30188031281746097,0.2924539635700654,0.31123490756574035
S2,random,fully_staffed_frac_severe,0.3809952519826627,0.37147230787326607,0.3907942944062369
S2,random,wait_gap_severe,2.0778983755651907,1.0766644846215616,3.1898405791593714
S2,random,invalid_claim_frac,0.11464826210305105,0.11225802771874735,0.11720762747790413
S2,random,gini,0.44483067829108874,0.44214740700606325,0.4474602252270959
S2,random,mean_commute_min,19.841773895362223,19.506546170678398,20.157914955357864
S2,care_score,median_wait_vulnerable,13.984707594536761,13.652025332653325,14.309790248006175
S2,care_score,unserved_frac_vulnerable,0.20852464385378822,0.20260947453968667,0.21449146666455082
S2,care_score,fully_staffed_frac_vulnerable,0.7714823699603782,0.7651475581417019,0.7775406060236385
S2,care_score,wait_gap_vulnerable,-46.50482587170166,-46.91065754230197,-46.096841734235596
S2,care_score,median_wait_severe,15.68218572283376,15.225654617556122,16.20289244905783
S2,care_score,unserved_frac_severe,0.17531772519914043,0.1677614325899089,0.18306599008488494
S2,care_score,fully_staffed_frac_severe,0.8030275874830459,0.795110729686815,0.8109888850189687
S2,care_score,wait_gap_severe,-42.47254022316844,-43.01380146900111,-41.86640983322627
S2,care_score,invalid_claim_frac,0,0,0
S2,care_score,gini,0.6361009567590817,0.634344047046315,0.6378471554312354
S2,care_score,mean_commute_min,17.167405737123666,16.829153894406737,17.494790474853623
S2,coordinated_latest,median_wait_vulnerable,31.034382241409325,28.964726679497126,33.137909402712744
S2,coordinated_latest,unserved_frac_vulnerable,0.40811227452041715,0.4017095806674035,0.41473147217067047
S2,coordinated_latest,fully_staffed_frac_vulnerable,0.5630832215135636,0.5561883977341294,0.5696630306190087
S2,coordinated_latest,wait_gap_vulnerable,-30.347054031335823,-32.812855187563066,-27.820493192764285
S2,coordinated_latest,median_wait_severe,47.20487642179156,44.91066335174306,49.56197365627332
S2,coordinated_latest,unserved_frac_severe,0.46388297266337875,0.45486147821924194,0.4732386870621619
S2,coordinated_latest,fully_staffed_frac_severe,0.5038331018193218,0.4941928436317902,0.513066784524135
S2,coordinated_latest,wait_gap_severe,-8.272843559351072,-11.07047153523464,-5.395467440469515
S2,coordinated_latest,invalid_claim_frac,0,0,0
S2,coordinated_latest,gini,0.6262938062642011,0.6245364730330506,0.6280223383203516
S2,coordinated_latest,mean_commute_min,19.86307128498065,19.50012660235854,20.194160702986498
S2,coordinated_nearest,median_wait_vulnerable,51.344951286546156,50.56557002455894,52.10721761584808
S2,coordinated_nearest,unserved_frac_vulnerable,0.49933424901639695,0.4924259094295641,0.5061137661862674
S2,coordinated_nearest,fully_staffed_frac_vulnerable,0.49745470913213646,0.4908211770116164,0.5042420205421935
S2,coordinated_nearest,wait_gap_vulnerable,-3.3252869618634793,-4.300308440401697,-2.4008159899745967
S2,coordinated_nearest,median_wait_severe,50.616506608497815,49.448466331071586,51.7498418044552
S2,coordinated_nearest,unserved_frac_severe,0.4992483218002759,0.4898729970249527,0.5083284909882719
S2,coordinated_nearest,fully_staffed_frac_severe,0.4987322235922778,0.4895663166494961,0.5080827330294728
S2,coordinated_nearest,wait_gap_severe,-3.668753331934308,-4.942456592393407,-2.456258991387229
S2,coordinated_nearest,invalid_claim_frac,0,0,0
S2,coordinated_nearest,gini,0.6424618552391118,0.6408122500547148,0.644080192618061
S2,coordinated_nearest,mean_commute_min,13.1115394301225,12.73212898924723,13.489423542598155
S2,care_score_uncoordinated,median_wait_vulnerable,63.01994101117724,62.82781577407345,63.20379636599205
S2,care_score_uncoordinated,unserved_frac_vulnerable,0.8478135427499756,0.8440225834748629,0.8515423287803198
S2,care_score_uncoordinated,fully_staffed_frac_vulnerable,0.13021991598734817,0.1268709098724728,0.13365345239192986
S2,care_score_uncoordinated,wait_gap_vulnerable,-3.642021044708008,-3.8462421888129423,-3.4575099321877514
S2,care_score_uncoordinated,median_wait_severe,64.34358212154156,64.12993697410096,64.55506980506765
S2,care_score_uncoordinated,unserved_frac_severe,0.8494621638411461,0.8440658768893079,0.8551162350136521
S2,care_score_uncoordinated,fully_staffed_frac_severe,0.13056173853211536,0.12527696970430122,0.13558599222160883
S2,care_score_uncoordinated,wait_gap_severe,-1.7919885259918555,-2.02440232313262,-1.573142695608051
S2,care_score_uncoordinated,invalid_claim_frac,0.9070295011644174,0.9050169321565152,0.9090838127229479
S2,care_score_uncoordinated,gini,0.9625187100937003,0.9618189254715954,0.9632231100395978
S2,care_score_uncoordinated,mean_commute_min,19.941503979239144,19.482781112933203,20.414049912218932
S2,care_score_full_compliance,median_wait_vulnerable,11.46363329312305,11.187001096986686,11.731672383477072
S2,care_score_full_compliance,unserved_frac_vulnerable,0.14731466844079294,0.1419670932862587,0.1528717714454175
S2,care_score_full_compliance,fully_staffed_frac_vulnerable,0.831057067130497,0.8249021616304465,0.8368487658819784
S2,care_score_full_compliance,wait_gap_vulnerable,-49.805708386719324,-50.13321006738752,-49.476402494827546
S2,care_score_full_compliance,median_wait_severe,13.002404134586264,12.651555224044094,13.358246107891167
S2,care_score_full_compliance,unserved_frac_severe,0.1299811038309055,0.12322186536887296,0.13682814160907678
S2,care_score_full_compliance,fully_staffed_frac_severe,0.8578557411020724,0.8502452799614252,0.8652405271092746
S2,care_score_full_compliance,wait_gap_severe,-45.837614354854374,-46.23996642471124,-45.43810467584463
S2,care_score_full_compliance,invalid_claim_frac,0,0,0
S2,care_score_full_compliance,gini,0.6358045447982971,0.6341860785680719,0.6374488319862551
S2,care_score_full_compliance,mean_commute_min,19.907213551486873,19.548774090581986,20.252509662953578
S3,latest,median_wait_vulnerable,33.012062061703745,29.762477519170552,36.46882367764476
S3,latest,unserved_frac_vulnerable,0.5081858125931732,0.50039703984085,0.516030627496237
S3,latest,fully_staffed_frac_vulnerable,0.35790473331399925,0.3505884758692662,0.3652913568900883
S3,latest,wait_gap_vulnerable,-29.53471860001825,-33.15079580137239,-25.840826980571926
S3,latest,median_wait_severe,48.39669975622909,45.28190107239344,51.42958141057837
S3,latest,unserved_frac_severe,0.5581384874593457,0.548284557744999,0.5677757196414119
S3,latest,fully_staffed_frac_severe,0.30914637839256803,0.30064385483840866,0.3183987407366924
S3,latest,wait_gap_severe,-12.265406409581031,-15.58180273895338,-8.939244545480072
S3,latest,invalid_claim_frac,0.6701098778066423,0.6673151221482704,0.6728729864918958
S3,latest,gini,0.6781119867966249,0.6751265959302447,0.680910986187402
S3,latest,mean_commute_min,19.902443789760408,19.54195232847506,20.247373038849897
S3,nearest,median_wait_vulnerable,64.59072107378695,64.42545641041542,64.74363937970323
S3,nearest,unserved_frac_vulnerable,0.9487743733600873,0.9457465359093746,0.9517855202368352
S3,nearest,fully_staffed_frac_vulnerable,0.04388850982703279,0.041228963792412456,0.046783398459253014
S3,nearest,wait_gap_vulnerable,-1.671410182976283,-1.8484058041955074,-1.4865599577156483
S3,nearest,median_wait_severe,65.51880358324537,65.34305315988202,65.70602379083658
S3,nearest,unserved_frac_severe,0.9416182156934987,0.9375616439151514,0.9459988768066756
S3,nearest,fully_staffed_frac_severe,0.0516197321754267,0.047480978423859906,0.05551187190157023
S3,nearest,wait_gap_severe,-0.3607727749155618,-0.5523259236197213,-0.15165930020895563
S3,nearest,invalid_claim_frac,0.9504858300988798,0.9494688910614415,0.9515031092410139
S3,nearest,gini,0.9593131219148059,0.9584990906431405,0.9601089171194039
S3,nearest,mean_commute_min,5.379716983780457,5.013129637128329,5.760904962682489
S3,attention,median_wait_vulnerable,25.448490316807696,24.316759978321315,26.568852691488132
S3,attention,unserved_frac_vulnerable,0.3717067225811327,0.3646141283230243,0.378651502292294
S3,attention,fully_staffed_frac_vulnerable,0.39755865604066365,0.3902979233514747,0.4046078765256213
S3,attention,wait_gap_vulnerable,14.784938878148528,13.644359399485223,15.923624875779566
S3,attention,median_wait_severe,14.76628993515821,14.100810673907791,15.507313415062894
S3,attention,unserved_frac_severe,0.25700802173181936,0.24803634311303527,0.2659010772991151
S3,attention,fully_staffed_frac_severe,0.5291238724718503,0.5194891426786387,0.5386928169430079
S3,attention,wait_gap_severe,2.1100191014908556,1.410929522583401,2.8483462833997506
S3,attention,invalid_claim_frac,0.4120678003033345,0.40934631104568936,0.41500756260782673
S3,attention,gini,0.44936766641302067,0.4468839904687013,0.45165850132267366
S3,attention,mean_commute_min,19.810116374985046,19.466169952066764,20.1367556825161
S3,random,median_wait_vulnerable,9.103408531537452,8.89197830537102,9.310038486883327
S3,random,unserved_frac_vulnerable,0.08033791075981825,0.07638094457839255,0.0843907144361467
S3,random,fully_staffed_frac_vulnerable,0.6738785113220755,0.6666344080795349,0.6813844054794448
S3,random,wait_gap_vulnerable,0.1607787626790557,-0.08315293943329405,0.3913527621720738
S3,random,median_wait_severe,9.327801120498808,9.084460919191804,9.581134390882726
S3,random,unserved_frac_severe,0.0764864460556211,0.0714388289515155,0.0818809004728462
S3,random,fully_staffed_frac_severe,0.681467069488046,0.6728512813432617,0.6897620597983005
S3,random,wait_gap_severe,0.40321098140465045,0.15256671440188943,0.6566829463495135
S3,random,invalid_claim_frac,0.2505074200020388,0.2485336775218108,0.25245208255399154
S3,random,gini,0.31238479080041964,0.31058522472764977,0.3142245057219457
S3,random,mean_commute_min,19.831072602119754,19.4997577914415,20.155073008344946
S3,care_score,median_wait_vulnerable,5.675051921092932,5.478416513848544,5.876078406686259
S3,care_score,unserved_frac_vulnerable,0.000470994471833353,0.00017117958294428882,0.0008105432457457029
S3,care_score,fully_staffed_frac_vulnerable,0.9990551401226302,0.9985774640106513,0.9994826938726633
S3,care_score,wait_gap_vulnerable,-12.729543305454477,-12.942154941257549,-12.511723445119623
S3,care_score,median_wait_severe,6.751585375519198,6.508068244039417,7.011682098298807
S3,care_score,unserved_frac_severe,0.0004223416965352449,0.00009259259259259259,0.0008596176821983274
S3,care_score,fully_staffed_frac_severe,0.9986031403672532,0.9978205376713439,0.9992794312169313
S3,care_score,wait_gap_severe,-10.191665240696379,-10.456447021955576,-9.918151403967656
S3,care_score,invalid_claim_frac,0,0,0
S3,care_score,gini,0.28639272504633195,0.285165275764914,0.28771643241136463
S3,care_score,mean_commute_min,19.833804476498152,19.49314753684001,20.161735725621337
S3,coordinated_latest,median_wait_vulnerable,3.1841901524897382,2.648796523475048,3.755487893970694
S3,coordinated_latest,unserved_frac_vulnerable,0.001352994243034023,0.0008577808015320661,0.001916489529571089
S3,coordinated_latest,fully_staffed_frac_vulnerable,0.9967431153722295,0.9958507418199535,0.9975771336802641
S3,coordinated_latest,wait_gap_vulnerable,-6.419521819733412,-7.30921186718469,-5.496603659654254
S3,coordinated_latest,median_wait_severe,8.045354101771881,7.129164180402287,8.967243486033954
S3,coordinated_latest,unserved_frac_severe,0.0019621721967857334,0.0010996375364569558,0.002947378565993117
S3,coordinated_latest,fully_staffed_frac_severe,0.9964540958041954,0.9953213392810528,0.9975551138041463
S3,coordinated_latest,wait_gap_severe,1.6409937686233698,0.5003568156883279,2.813851892492706
S3,coordinated_latest,invalid_claim_frac,0,0,0
S3,coordinated_latest,gini,0.28592796919262536,0.28470282056288454,0.2872096603974097
S3,coordinated_latest,mean_commute_min,19.837264829341272,19.49757941827336,20.166290266350963
S3,coordinated_nearest,median_wait_vulnerable,14.324072782624548,14.009296489328996,14.64781406749086
S3,coordinated_nearest,unserved_frac_vulnerable,0.004086029399091158,0.003125423178705285,0.0050790068584673125
S3,coordinated_nearest,fully_staffed_frac_vulnerable,0.9936333766025064,0.9924492864942734,0.994763563565705
S3,coordinated_nearest,wait_gap_vulnerable,-1.4489182602100195,-1.8310457315703392,-1.0383630566599777
S3,coordinated_nearest,median_wait_severe,15.142386087426218,14.682495220795275,15.584521101255644
S3,coordinated_nearest,unserved_frac_severe,0.005002713766922016,0.0035990305396906537,0.006425093924663089
S3,coordinated_nearest,fully_staffed_frac_severe,0.9916298370198302,0.9898341798436966,0.9933224467228264
S3,coordinated_nearest,wait_gap_severe,-0.22258483376141386,-0.6970693053784871,0.2611210976021105
S3,coordinated_nearest,invalid_claim_frac,0,0,0
S3,coordinated_nearest,gini,0.2872207393776442,0.2859970285108636,0.2885077230003528
S3,coordinated_nearest,mean_commute_min,19.83159612138056,19.491028684809947,20.15972690629018
S3,care_score_uncoordinated,median_wait_vulnerable,62.56337198991912,62.35770000742947,62.7583337830898
S3,care_score_uncoordinated,unserved_frac_vulnerable,0.8217933095502868,0.8176572767498361,0.8259305623935193
S3,care_score_uncoordinated,fully_staffed_frac_vulnerable,0.15464908977690286,0.1509563262453792,0.15846696496840437
S3,care_score_uncoordinated,wait_gap_vulnerable,-4.046456418703974,-4.261918701985439,-3.8439440697025264
S3,care_score_uncoordinated,median_wait_severe,63.919681806620744,63.678882806923674,64.1520627927315
S3,care_score_uncoordinated,unserved_frac_severe,0.8253441805301007,0.8192646554958272,0.8312539971659444
S3,care_score_uncoordinated,fully_staffed_frac_severe,0.1525967390931282,0.14701016212660728,0.1579372338179246
S3,care_score_uncoordinated,wait_gap_severe,-2.1304934455895745,-2.379238642057832,-1.887977711372698
S3,care_score_uncoordinated,invalid_claim_frac,0.9437007584963396,0.9425756834095993,0.9448497872233276
S3,care_score_uncoordinated,gini,0.9548297397396998,0.9540621871392093,0.9556133471369249
S3,care_score_uncoordinated,mean_commute_min,19.89640301419551,19.46567135004334,20.34515514701729
S3,care_score_full_compliance,median_wait_vulnerable,4.575621139708467,4.397368323404507,4.757206737396869
S3,care_score_full_compliance,unserved_frac_vulnerable,0.00041773350770371706,0.00012470862470862471,0.0007424305192162335
S3,care_score_full_compliance,fully_staffed_frac_vulnerable,0.9989486458111522,0.9984610184407523,0.9994074825024597
S3,care_score_full_compliance,wait_gap_vulnerable,-13.977288757459347,-14.175829676276313,-13.783292313604903
S3,care_score_full_compliance,median_wait_severe,5.57049405597839,5.348411288024354,5.795564944794706
S3,care_score_full_compliance,unserved_frac_severe,0.0004487967229902714,0.00010752688172043011,0.0009055299539170507
S3,care_score_full_compliance,fully_staffed_frac_severe,0.9983957655892262,0.997537758212986,0.9990938980455107
S3,care_score_full_compliance,wait_gap_severe,-11.261387012472845,-11.479673355537408,-11.037410078387591
S3,care_score_full_compliance,invalid_claim_frac,0,0,0
S3,care_score_full_compliance,gini,0.2859078708538675,0.28469085970463426,0.2872159214415445
S3,care_score_full_compliance,mean_commute_min,19.836568515209912,19.496069118688663,20.16508107541564
S4,latest,median_wait_vulnerable,2.9007790490932,1.6603747561596003,4.208821491795626
S4,latest,unserved_frac_vulnerable,0.3819860752742835,0.37455821269855716,0.3894039657133535
S4,latest,fully_staffed_frac_vulnerable,0.4941837973556314,0.4866101461505743,0.5014059883998458
S4,latest,wait_gap_vulnerable,-2.9728303288046156,-5.462771500259545,-0.6434365075410227
S4,latest,median_wait_severe,10.903311456371636,8.498578176314362,13.419408917548942
S4,latest,unserved_frac_severe,0.4253051771931876,0.41624659891978877,0.4345504939623956
S4,latest,fully_staffed_frac_severe,0.44415239947886015,0.43495271323117246,0.4537439434889647
S4,latest,wait_gap_severe,8.604006747530024,5.871954167995079,11.40726745159719
S4,latest,invalid_claim_frac,0.7688186908493626,0.7670212445355673,0.7707067276851135
S4,latest,gini,0.5890848104114325,0.5860905111614924,0.5919974735482699
S4,latest,mean_commute_min,19.87273688861959,19.509931542753574,20.211801671331013
S4,nearest,median_wait_vulnerable,64.41491975270628,64.24610507884859,64.57574618302802
S4,nearest,unserved_frac_vulnerable,0.9380910885841113,0.9347916695754149,0.9412892895301966
S4,nearest,fully_staffed_frac_vulnerable,0.05455980307576511,0.05150244116400333,0.05761726011376411
S4,nearest,wait_gap_vulnerable,-1.665430305158803,-1.848707736281289,-1.4830628073755399
S4,nearest,median_wait_severe,65.34919572740812,65.17328913624941,65.53988384345139
S4,nearest,unserved_frac_severe,0.9307461183666703,0.926022801868075,0.9353032844090567
S4,nearest,fully_staffed_frac_severe,0.06239641887623231,0.05783235033233201,0.06703782857697897
S4,nearest,wait_gap_severe,-0.3382699847697767,-0.5333435309063442,-0.12826832690762568
S4,nearest,invalid_claim_frac,0.9692895453213922,0.9686544357051847,0.9699368117531816
S4,nearest,gini,0.9503303422537596,0.9494466186524949,0.9512478765759058
S4,nearest,mean_commute_min,5.894059751935789,5.52519806560949,6.281239252346057
S4,attention,median_wait_vulnerable,9.54965688127832,9.285725961515139,9.827815264376275
S4,attention,unserved_frac_vulnerable,0.18210090856384872,0.176135065914516,0.18809893299180483
S4,attention,fully_staffed_frac_vulnerable,0.6170342004660984,0.6098029339365775,0.6243437348213887
S4,attention,wait_gap_vulnerable,4.261828709531729,3.9786137682448808,4.545891291392611
S4,attention,median_wait_severe,6.520274574162898,6.303305872252721,6.748535219176727
S4,attention,unserved_frac_severe,0.11562504779245268,0.10921779396840416,0.12228784623585286
S4,attention,fully_staffed_frac_severe,0.7350334469644524,0.7267098089360107,0.7430521709302912
S4,attention,wait_gap_severe,0.4624611651765603,0.22535299669535983,0.7015321635604556
S4,attention,invalid_claim_frac,0.606123102282701,0.6046078244012982,0.6076519694926934
S4,attention,gini,0.35606564847380073,0.35409484630270704,0.3580551354497651
S4,attention,mean_commute_min,19.840201879290042,19.496607468355762,20.16351294994953
S4,random,median_wait_vulnerable,4.477501219978112,4.388806822951182,4.572405511101306
S4,random,unserved_frac_vulnerable,0.003207681896172172,0.0024028983577946907,0.0040855030279362756
S4,random,fully_staffed_frac_vulnerable,0.9524565118866472,0.9490978084898074,0.9558823632194503
S4,random,wait_gap_vulnerable,-0.0541086237017691,-0.1536645287985464,0.054353536932595335
S4,random,median_wait_severe,4.528922040742176,4.422542288702119,4.6432139390826155
S4,random,unserved_frac_severe,0.0022506646977911346,0.0013472939277536981,0.003216352704858452
S4,random,fully_staffed_frac_severe,0.9606818691716282,0.9567625058441149,0.9644527976162979
S4,random,wait_gap_severe,0.01578253197454589,-0.09633322848263615,0.13252682709005784
S4,random,invalid_claim_frac,0.5134823759126176,0.5128977764252374,0.514043179430903
S4,random,gini,0.2814645450512293,0.2802419124215785,0.28272522923263116
S4,random,mean_commute_min,19.832122029596476,19.493729732201746,20.157196634036602
S4,care_score,median_wait_vulnerable,1.1602669684361466,1.0881451901545578,1.2337073920004737
S4,care_score,unserved_frac_vulnerable,0,0,0
S4,care_score,fully_staffed_frac_vulnerable,1,1,1
S4,care_score,wait_gap_vulnerable,-6.11342474560252,-6.226040088174339,-5.998019852957273
S4,care_score,median_wait_severe,1.6724985029615034,1.5523484332427655,1.7984444475419676
S4,care_score,unserved_frac_severe,0,0,0
S4,care_score,fully_staffed_frac_severe,1,1,1
S4,care_score,wait_gap_severe,-4.668415093772453,-4.819115281493916,-4.517640733153639
S4,care_score,invalid_claim_frac,0,0,0
S4,care_score,gini,0.28450407117898585,0.2832972690482125,0.2857979854906404
S4,care_score,mean_commute_min,19.837053147716045,19.497173822968424,20.165424036350146
S4,coordinated_latest,median_wait_vulnerable,0.5354203182007751,0.5102688361587737,0.5713873940067606
S4,coordinated_latest,unserved_frac_vulnerable,0,0,0
S4,coordinated_latest,fully_staffed_frac_vulnerable,1,1,1
S4,coordinated_latest,wait_gap_vulnerable,-0.0715459563726486,-0.12924266460688705,-0.02158339503014695
S4,coordinated_latest,median_wait_severe,0.8776765815115711,0.7290802580099417,1.0430261775918988
S4,coordinated_latest,unserved_frac_severe,0,0,0
S4,coordinated_latest,fully_staffed_frac_severe,1,1,1
S4,coordinated_latest,wait_gap_severe,0.3303304609978391,0.18322797244806585,0.49410942895998744
S4,coordinated_latest,invalid_claim_frac,0,0,0
S4,coordinated_latest,gini,0.28450407117898585,0.2832972690482125,0.2857979854906404
S4,coordinated_latest,mean_commute_min,19.83705314771604,19.497173822968428,20.165424036350146
S4,coordinated_nearest,median_wait_vulnerable,3.996010075655463,3.815995135648477,4.1914079673511635
S4,coordinated_nearest,unserved_frac_vulnerable,0,0,0
S4,coordinated_nearest,fully_staffed_frac_vulnerable,1,1,1
S4,coordinated_nearest,wait_gap_vulnerable,-1.5013647265317398,-1.714425001326027,-1.2880155897461334
S4,coordinated_nearest,median_wait_severe,4.892757728337134,4.654577621293589,5.123886761612278
S4,coordinated_nearest,unserved_frac_severe,0,0,0
S4,coordinated_nearest,fully_staffed_frac_severe,1,1,1
S4,coordinated_nearest,wait_gap_severe,-0.24104753058804704,-0.4987320601039274,0.0012376985375159514
S4,coordinated_nearest,invalid_claim_frac,0,0,0
S4,coordinated_nearest,gini,0.28450407117898585,0.2832972690482125,0.2857979854906404
S4,coordinated_nearest,mean_commute_min,19.837053147716038,19.497173822968435,20.165424036350153
S4,care_score_uncoordinated,median_wait_vulnerable,61.95274254233087,61.737794346214805,62.169725014187385
S4,care_score_uncoordinated,unserved_frac_vulnerable,0.7962854672521966,0.7914679927449325,0.8010419901011849
S4,care_score_uncoordinated,fully_staffed_frac_vulnerable,0.17827161922952278,0.17434318609501748,0.1822798304752798
S4,care_score_uncoordinated,wait_gap_vulnerable,-4.559719901024918,-4.784819948620413,-4.347376314915019
S4,care_score_uncoordinated,median_wait_severe,63.30516490101554,63.04306379755607,63.56323605364711
S4,care_score_uncoordinated,unserved_frac_severe,0.7996649141418886,0.7929555698185256,0.8061065566375863
S4,care_score_uncoordinated,fully_staffed_frac_severe,0.1760520768401044,0.16974119560585121,0.18228670014897305
S4,care_score_uncoordinated,wait_gap_severe,-2.6058618248971617,-2.8832149382289347,-2.3271120287283527
S4,care_score_uncoordinated,invalid_claim_frac,0.9662694223109825,0.9656169643021278,0.9669319856926125
S4,care_score_uncoordinated,gini,0.9459891674402049,0.9449560813944752,0.9470795657110981
S4,care_score_uncoordinated,mean_commute_min,19.814500761433017,19.410212657852405,20.24200286602779
S4,care_score_full_compliance,median_wait_vulnerable,0.873990745940693,0.8254472940147098,0.930327147791308
S4,care_score_full_compliance,unserved_frac_vulnerable,0,0,0
S4,care_score_full_compliance,fully_staffed_frac_vulnerable,1,1,1
S4,care_score_full_compliance,wait_gap_vulnerable,-6.87884406875844,-6.975856790841169,-6.772343148551559
S4,care_score_full_compliance,median_wait_severe,1.2526433261792058,1.1568822717340148,1.3589407107130786
S4,care_score_full_compliance,unserved_frac_severe,0,0,0
S4,care_score_full_compliance,fully_staffed_frac_severe,1,1,1
S4,care_score_full_compliance,wait_gap_severe,-5.601765620777166,-5.729320161409028,-5.474191938962323
S4,care_score_full_compliance,invalid_claim_frac,0,0,0
S4,care_score_full_compliance,gini,0.28450407117898585,0.2832972690482125,0.2857979854906404
S4,care_score_full_compliance,mean_commute_min,19.83705314771605,19.49717382296842,20.16542403635015
S5,latest,median_wait_vulnerable,53.72173999305817,51.44506306003881,55.89454803072195
S5,latest,unserved_frac_vulnerable,0.5743703239471253,0.566450358213539,0.5815043860289476
S5,latest,fully_staffed_frac_vulnerable,0.28952471195497137,0.28282921107583975,0.2964103773611095
S5,latest,wait_gap_vulnerable,-11.795477470409637,-14.092359142664323,-9.544716841081788
S5,latest,median_wait_severe,59.20704474297833,57.293457983719065,61.00845987826947
S5,latest,unserved_frac_severe,0.6173079922640287,0.6080083716900476,0.6264670091497834
S5,latest,fully_staffed_frac_severe,0.2530194437910547,0.24451798621561077,0.26125271416196605
S5,latest,wait_gap_severe,-5.613797119512574,-7.538965444212881,-3.7752894503962695
S5,latest,invalid_claim_frac,0.6181276415063863,0.6147833116236201,0.6215557010661173
S5,latest,gini,0.7230810281441622,0.7206130655534746,0.7257686846244673
S5,latest,mean_commute_min,19.339575860606733,19.202664876863963,19.480931736105003
S5,nearest,median_wait_vulnerable,31.65844762544034,30.1349799120105,33.243285187745514
S5,nearest,unserved_frac_vulnerable,0.41670165107607493,0.4084919371296487,0.42549401199603787
S5,nearest,fully_staffed_frac_vulnerable,0.3723544160737212,0.3646822134823519,0.37985930315743277
S5,nearest,wait_gap_vulnerable,2.554116358492431,0.7564876596000106,4.378754799584452
S5,nearest,median_wait_severe,31.17987447616272,29.40255138475392,32.910339616896664
S5,nearest,unserved_frac_severe,0.40902144530231654,0.398318844215863,0.4194574271152968
S5,nearest,fully_staffed_frac_severe,0.379723237884154,0.36972056086728455,0.38980351713267264
S5,nearest,wait_gap_severe,1.4037087596482218,-0.604066400188256,3.408353937801094
S5,nearest,invalid_claim_frac,0.39212302198367077,0.3860576937126217,0.3979304079558964
S5,nearest,gini,0.56096860645074,0.5569931252488264,0.5651344797002624
S5,nearest,mean_commute_min,2.967192848415144,2.9256064077976123,3.010475325798854
S5,attention,median_wait_vulnerable,44.972920526321644,43.73032147568555,46.31140407083408
S5,attention,unserved_frac_vulnerable,0.48355672250028864,0.47614470122901015,0.4914414194654237
S5,attention,fully_staffed_frac_vulnerable,0.2999889230209526,0.2927868771349935,0.30698657204576385
S5,attention,wait_gap_vulnerable,29.009040108693867,27.701016531604104,30.32596950738045
S5,attention,median_wait_severe,25.587970848284417,24.208816170554307,26.956920905281812
S5,attention,unserved_frac_severe,0.3604053985312638,0.3516122480340976,0.3692953053534065
S5,attention,fully_staffed_frac_severe,0.41402007202059177,0.40475412817291495,0.42327785796312456
S5,attention,wait_gap_severe,5.9572931340575215,4.4886369754441855,7.478051024483264
S5,attention,invalid_claim_frac,0.3173683277916501,0.3137478235975155,0.3212168292304663
S5,attention,gini,0.5121206173508498,0.5095139814576071,0.5147091453600278
S5,attention,mean_commute_min,19.336082997953465,19.222975538318483,19.448655748315637
S5,random,median_wait_vulnerable,13.4871449901705,13.173914454917275,13.807343798347372
S5,random,unserved_frac_vulnerable,0.1893668413863008,0.18408399032916276,0.19476334811857865
S5,random,fully_staffed_frac_vulnerable,0.5015122034593725,0.4942383016012128,0.5086023219636447
S5,random,wait_gap_vulnerable,0.1925927093549402,-0.16080647121143982,0.5628672267806913
S5,random,median_wait_severe,13.98187238651262,13.577411630333762,14.414540395756166
S5,random,unserved_frac_severe,0.1784326147251013,0.17071348053166763,0.18574243468133056
S5,random,fully_staffed_frac_severe,0.5099900681673173,0.5001718308395717,0.5202816686284407
S5,random,wait_gap_severe,0.7922813163219236,0.33031872789955297,1.2640627358609715
S5,random,invalid_claim_frac,0.16571937937796385,0.16335901609370382,0.16794950335807632
S5,random,gini,0.3699919579375209,0.36767469026744537,0.37243356196583616
S5,random,mean_commute_min,19.325237211840715,19.21625130727264,19.43416081400431
S5,care_score,median_wait_vulnerable,8.708120680091653,8.496505304692926,8.933634727276342
S5,care_score,unserved_frac_vulnerable,0.05255780518830936,0.04897416999655105,0.05620750269260251
S5,care_score,fully_staffed_frac_vulnerable,0.9167399730058187,0.912369534073352,0.9214037557147771
S5,care_score,wait_gap_vulnerable,-17.512791629419585,-18.081457390495352,-16.9407280133217
S5,care_score,median_wait_severe,9.662572483100504,9.37489375023292,9.94005547826672
S5,care_score,unserved_frac_severe,0.05458716055814605,0.05013112136659813,0.059112407287941336
S5,care_score,fully_staffed_frac_severe,0.9206718031762472,0.9154086653801001,0.9261218363995706
S5,care_score,wait_gap_severe,-12.464443574701116,-12.920197834914717,-12.040571153322972
S5,care_score,invalid_claim_frac,0,0,0
S5,care_score,gini,0.4563559798924926,0.4544362748581102,0.45832783334409744
S5,care_score,mean_commute_min,14.79819864695956,14.703241319031735,14.893435374397798
S5,coordinated_latest,median_wait_vulnerable,10.287128607200879,9.251451702118834,11.312490252518126
S5,coordinated_latest,unserved_frac_vulnerable,0.23413267113965305,0.22849700277053558,0.23980662171856107
S5,coordinated_latest,fully_staffed_frac_vulnerable,0.7478824753478799,0.7419892235271167,0.7538091134624765
S5,coordinated_latest,wait_gap_vulnerable,-14.380952345025687,-15.743081397392155,-12.980943666756655
S5,coordinated_latest,median_wait_severe,20.059752553836116,18.491971219125922,21.74481211857393
S5,coordinated_latest,unserved_frac_severe,0.27451650984357856,0.2658560525677849,0.2830777100877867
S5,coordinated_latest,fully_staffed_frac_severe,0.703843451967474,0.6953769657507075,0.7126556124943756
S5,coordinated_latest,wait_gap_severe,-0.9199564435563139,-2.7112190847329183,0.9162323560311793
S5,coordinated_latest,invalid_claim_frac,0,0,0
S5,coordinated_latest,gini,0.4909279905802826,0.489082687904128,0.49275238734789933
S5,coordinated_latest,mean_commute_min,19.325124227830212,19.211166123994904,19.441510471104927
S5,coordinated_nearest,median_wait_vulnerable,15.532715776730493,15.054238104063783,16.03520991896758
S5,coordinated_nearest,unserved_frac_vulnerable,0.2137405744832778,0.20785766299410374,0.21996771725442263
S5,coordinated_nearest,fully_staffed_frac_vulnerable,0.6661573559218842,0.6597917768890702,0.6724097510199174
S5,coordinated_nearest,wait_gap_vulnerable,-0.024451768320174476,-0.5801542657148786,0.5542918445188424
S5,coordinated_nearest,median_wait_severe,16.30542698482199,15.648455793145098,17.016632353512016
S5,coordinated_nearest,unserved_frac_severe,0.20915985469923185,0.20075871528556608,0.21746900433161712
S5,coordinated_nearest,fully_staffed_frac_severe,0.6725881033271417,0.6637311733492206,0.6819706354770201
S5,coordinated_nearest,wait_gap_severe,0.8528896142693759,0.13537967278607166,1.6242331080322938
S5,coordinated_nearest,invalid_claim_frac,0,0,0
S5,coordinated_nearest,gini,0.43619169750818154,0.4337731139302149,0.438503440798693
S5,coordinated_nearest,mean_commute_min,5.75318352352551,5.614717440128042,5.894814528216058
S5,care_score_uncoordinated,median_wait_vulnerable,62.84875476107411,62.6547845850457,63.034955638254225
S5,care_score_uncoordinated,unserved_frac_vulnerable,0.8370410546588942,0.8331017987087279,0.8410576894364642
S5,care_score_uncoordinated,fully_staffed_frac_vulnerable,0.14128922584191853,0.1378593455830869,0.14481567629140304
S5,care_score_uncoordinated,wait_gap_vulnerable,-3.791599938958336,-3.997925543454396,-3.600301007262342
S5,care_score_uncoordinated,median_wait_severe,64.12335824618454,63.89913593055309,64.33688637358506
S5,care_score_uncoordinated,unserved_frac_severe,0.8381528026527494,0.8325933151334267,0.8438996149074531
S5,care_score_uncoordinated,fully_staffed_frac_severe,0.1406383873829721,0.1355179955486977,0.14555639924117975
S5,care_score_uncoordinated,wait_gap_severe,-1.979304360765111,-2.2124366456487548,-1.7457440496138623
S5,care_score_uncoordinated,invalid_claim_frac,0.9270990389092496,0.9255604359468111,0.9287319735254234
S5,care_score_uncoordinated,gini,0.9592348502503956,0.9585085875416415,0.959975154655195
S5,care_score_uncoordinated,mean_commute_min,19.395276925669016,19.122525019788483,19.65378249735142
S5,care_score_full_compliance,median_wait_vulnerable,7.683661662138391,7.463643526602484,7.915477360582695
S5,care_score_full_compliance,unserved_frac_vulnerable,0.03836878461127488,0.03555329107348881,0.04130146882890058
S5,care_score_full_compliance,fully_staffed_frac_vulnerable,0.9558502768880336,0.9527796067927143,0.9588834592458904
S5,care_score_full_compliance,wait_gap_vulnerable,-38.514053876039675,-39.11789200411378,-37.9000897450628
S5,care_score_full_compliance,median_wait_severe,9.014055454199056,8.734842491052431,9.302429277356067
S5,care_score_full_compliance,unserved_frac_severe,0.046457084919371665,0.04211576392609743,0.05072490336005144
S5,care_score_full_compliance,fully_staffed_frac_severe,0.9450025832524115,0.9402107138571025,0.9498222773190397
S5,care_score_full_compliance,wait_gap_severe,-24.97197093039045,-25.792430101989826,-24.184020748147507
S5,care_score_full_compliance,invalid_claim_frac,0,0,0
S5,care_score_full_compliance,gini,0.4932792511682675,0.4915618636032097,0.49510019236198305
S5,care_score_full_compliance,mean_commute_min,19.27698327873079,19.169070211849736,19.3880307158156
S6,latest,median_wait_vulnerable,14.29462012553469,11.510405339614756,17.191108698891508
S6,latest,unserved_frac_vulnerable,0.45179890539510476,0.4437148371924932,0.4594358185369555
S6,latest,fully_staffed_frac_vulnerable,0.42019468731116066,0.4129994038997242,0.4271969326670645
S6,latest,wait_gap_vulnerable,6.736890584489823,3.058559327721033,10.317089558619246
S6,latest,median_wait_severe,20.23136891960024,17.215739664695995,23.478616522131162
S6,latest,unserved_frac_severe,0.45590726062267056,0.44724155270023896,0.46504791529980155
S6,latest,fully_staffed_frac_severe,0.41509346587912344,0.40520322976621376,0.4250440373807728
S6,latest,wait_gap_severe,12.486178553677934,8.537648851974307,16.320012455748305
S6,latest,invalid_claim_frac,0.779302509737004,0.7775075093722394,0.7810249555391467
S6,latest,gini,0.6048879050628215,0.6018419755228054,0.6079281329369135
S6,latest,mean_commute_min,19.849797689255333,19.488956254843057,20.194780776898956
S6,nearest,median_wait_vulnerable,66.16133347545606,66.02135037889428,66.29332057096788
S6,nearest,unserved_frac_vulnerable,0.9356855277979145,0.9323389102823887,0.9390156302873967
S6,nearest,fully_staffed_frac_vulnerable,0.05601986788093099,0.05287710504111497,0.05911574417049907
S6,nearest,wait_gap_vulnerable,0.05044742701201592,-0.10520641398517126,0.2070532556120742
S6,nearest,median_wait_severe,65.9260787265053,65.75510949634602,66.10413272666722
S6,nearest,unserved_frac_severe,0.9323443792471598,0.9278681308644131,0.9368910316662871
S6,nearest,fully_staffed_frac_severe,0.060155395230275084,0.055676749678985546,0.0645814331441166
S6,nearest,wait_gap_severe,-0.24471799529916297,-0.42780642828679677,-0.050611367149502345
S6,nearest,invalid_claim_frac,0.9697405179891644,0.969116305545592,0.9704011156410042
S6,nearest,gini,0.9509579747529151,0.9499534278363998,0.9519478987607349
S6,nearest,mean_commute_min,5.824133785055409,5.454317816493567,6.210771045300276
S6,attention,median_wait_vulnerable,6.166776057044479,6.022980573707389,6.312454691213418
S6,attention,unserved_frac_vulnerable,0.0933793126283133,0.08898931867505236,0.09745405044593182
S6,attention,fully_staffed_frac_vulnerable,0.7681124203846074,0.7616963480751272,0.7739808593151203
S6,attention,wait_gap_vulnerable,0.02329359747036908,-0.14163413538541075,0.20287717365489766
S6,attention,median_wait_severe,6.432437234954809,6.235977989999296,6.629490982187262
S6,attention,unserved_frac_severe,0.09678815179905928,0.09125853558673903,0.10251155854493839
S6,attention,fully_staffed_frac_severe,0.7629270599565198,0.7549984284842236,0.7707907598979524
S6,attention,wait_gap_severe,0.3405032864090603,0.11607525736843238,0.5472559906067492
S6,attention,invalid_claim_frac,0.5989970636594667,0.5973391664022121,0.6005887330228056
S6,attention,gini,0.34672779231092465,0.34478516427659117,0.34875045342220595
S6,attention,mean_commute_min,19.83063638462102,19.48872922148297,20.15559220914312
S6,random,median_wait_vulnerable,4.7904849861852306,4.702276417029992,4.87871534992112
S6,random,unserved_frac_vulnerable,0.0027476757343225713,0.0019807611016382106,0.0035425886207411613
S6,random,fully_staffed_frac_vulnerable,0.9615962428895978,0.9585492527945563,0.9644467344093516
S6,random,wait_gap_vulnerable,0.04880384053224552,-0.058589490905831605,0.15546752324914734
S6,random,median_wait_severe,4.736370953515231,4.6204561244424385,4.8620389074485155
S6,random,unserved_frac_severe,0.0026708509113286196,0.001732644414944924,0.003681725109915042
S6,random,fully_staffed_frac_severe,0.9618108993584059,0.9579095552343434,0.9655060549129292
S6,random,wait_gap_severe,-0.01031996115483107,-0.13509262719802448,0.11918350875626466
S6,random,invalid_claim_frac,0.512936106944508,0.5124276795334076,0.5134753755975873
S6,random,gini,0.281532023594722,0.2803742907222961,0.2827702076166652
S6,random,mean_commute_min,19.84064087589756,19.501363239055923,20.169778765905424
S6,care_score,median_wait_vulnerable,2.0567324620381076,1.948950857702068,2.1729774146632126
S6,care_score,unserved_frac_vulnerable,0,0,0
S6,care_score,fully_staffed_frac_vulnerable,1,1,1
S6,care_score,wait_gap_vulnerable,-5.623250770759889,-5.762465609318794,-5.481482361272949
S6,care_score,median_wait_severe,2.225116203142656,2.0855756423556255,2.3726318822135797
S6,care_score,unserved_frac_severe,0,0,0
S6,care_score,fully_staffed_frac_severe,1,1,1
S6,care_score,wait_gap_severe,-4.712856910290476,-4.879561161388486,-4.545781643545697
S6,care_score,invalid_claim_frac,0,0,0
S6,care_score,gini,0.28450407117898585,0.2832972690482125,0.2857979854906404
S6,care_score,mean_commute_min,19.837053147716045,19.497173822968428,20.165424036350146
S6,coordinated_latest,median_wait_vulnerable,0.9591013344511221,0.8293067259134272,1.1104144393013102
S6,coordinated_latest,unserved_frac_vulnerable,0,0,0
S6,coordinated_latest,fully_staffed_frac_vulnerable,1,1,1
S6,coordinated_latest,wait_gap_vulnerable,0.324391646325384,0.1737904866071171,0.48616889288648196
S6,coordinated_latest,median_wait_severe,1.2017261832860189,1.0143275206652056,1.394391029161075
S6,coordinated_latest,unserved_frac_severe,0,0,0
S6,coordinated_latest,fully_staffed_frac_severe,1,1,1
S6,coordinated_latest,wait_gap_severe,0.6004675418078878,0.4092975245770075,0.7985983814449789
S6,coordinated_latest,invalid_claim_frac,0,0,0
S6,coordinated_latest,gini,0.28450407117898585,0.2832972690482125,0.2857979854906404
S6,coordinated_latest,mean_commute_min,19.83705314771604,19.49717382296843,20.16542403635015
S6,coordinated_nearest,median_wait_vulnerable,5.741907320444917,5.559319100098978,5.9345017454421365
S6,coordinated_nearest,unserved_frac_vulnerable,0,0,0
S6,coordinated_nearest,fully_staffed_frac_vulnerable,1,1,1
S6,coordinated_nearest,wait_gap_vulnerable,-0.014923484760819991,-0.22890258305757252,0.1922575999082573
S6,coordinated_nearest,median_wait_severe,5.586932240943024,5.350927897883148,5.811571471340944
S6,coordinated_nearest,unserved_frac_severe,0,0,0
S6,coordinated_nearest,fully_staffed_frac_severe,1,1,1
S6,coordinated_nearest,wait_gap_severe,-0.17326899412248245,-0.4272518337117113,0.0566895550661971
S6,coordinated_nearest,invalid_claim_frac,0,0,0
S6,coordinated_nearest,gini,0.28450407117898585,0.2832972690482125,0.2857979854906404
S6,coordinated_nearest,mean_commute_min,19.837053147716038,19.497173822968435,20.165424036350153
S6,care_score_uncoordinated,median_wait_vulnerable,64.26815012999398,64.08975441781541,64.43880990654885
S6,care_score_uncoordinated,unserved_frac_vulnerable,0.7986110025510788,0.7942633330379982,0.8029272386373655
S6,care_score_uncoordinated,fully_staffed_frac_vulnerable,0.17477054242973933,0.1710024462791813,0.1786355303732398
S6,care_score_uncoordinated,wait_gap_vulnerable,-2.3012938501466365,-2.4864371314413463,-2.1175262151260785
S6,care_score_uncoordinated,median_wait_severe,64.08941280236549,63.83677131564257,64.3331495470181
S6,care_score_uncoordinated,unserved_frac_severe,0.8084620544268645,0.8018510425040467,0.8149978615842765
S6,care_score_uncoordinated,fully_staffed_frac_severe,0.16736534416937474,0.16144472290468698,0.1732747794094318
S6,care_score_uncoordinated,wait_gap_severe,-2.2702070115985515,-2.5329334358757634,-2.0126947950460794
S6,care_score_uncoordinated,invalid_claim_frac,0.9678950350736094,0.967284042631141,0.9685510468774451
S6,care_score_uncoordinated,gini,0.9485777771618962,0.9476183715234009,0.9495611762676534
S6,care_score_uncoordinated,mean_commute_min,19.82520759078251,19.422249726906262,20.253150322541895
S6,care_score_full_compliance,median_wait_vulnerable,1.5419110103568179,1.4505034279766906,1.6432513962257516
S6,care_score_full_compliance,unserved_frac_vulnerable,0,0,0
S6,care_score_full_compliance,fully_staffed_frac_vulnerable,1,1,1
S6,care_score_full_compliance,wait_gap_vulnerable,-6.614691334479676,-6.726704955738743,-6.490146048307878
S6,care_score_full_compliance,median_wait_severe,1.6904175996685842,1.5715221613950139,1.8220612769901565
S6,care_score_full_compliance,unserved_frac_severe,0,0,0
S6,care_score_full_compliance,fully_staffed_frac_severe,1,1,1
S6,care_score_full_compliance,wait_gap_severe,-5.692797956682401,-5.829292690950097,-5.547463968227698
S6,care_score_full_compliance,invalid_claim_frac,0,0,0
S6,care_score_full_compliance,gini,0.28450407117898585,0.2832972690482125,0.2857979854906404
S6,care_score_full_compliance,mean_commute_min,19.83705314771605,19.49717382296842,20.165424036350146
S7,latest,median_wait_vulnerable,53.727256794708325,51.454284438302224,55.899417369749536
S7,latest,unserved_frac_vulnerable,0.5743703239471253,0.566450358213539,0.5815043860289476
S7,latest,fully_staffed_frac_vulnerable,0.28952471195497137,0.28282921107583975,0.2964103773611095
S7,latest,wait_gap_vulnerable,-11.789960668759482,-14.088110409543548,-9.53910308858939
S7,latest,median_wait_severe,59.20534809275204,57.29095504303686,61.00615495517998
S7,latest,unserved_frac_severe,0.6173079922640287,0.6080083716900476,0.6264670091497834
S7,latest,fully_staffed_frac_severe,0.2530194437910547,0.24451798621561077,0.26125271416196605
S7,latest,wait_gap_severe,-5.615493769738878,-7.538160118592708,-3.777552573915137
S7,latest,invalid_claim_frac,0.6181276415063863,0.6147833116236201,0.6215557010661173
S7,latest,gini,0.7230810281441622,0.7206130655534746,0.7257686846244673
S7,latest,mean_commute_min,19.870248764297695,19.511124121428235,20.208352403362152
S7,nearest,median_wait_vulnerable,64.6459214087344,64.48710511999911,64.79914651936609
S7,nearest,unserved_frac_vulnerable,0.9535269848045899,0.9505099497027103,0.9565466208362333
S7,nearest,fully_staffed_frac_vulnerable,0.041014582526825036,0.0381548444051155,0.04389099514269005
S7,nearest,wait_gap_vulnerable,-1.696622589687375,-1.8723939072553715,-1.518979400858805
S7,nearest,median_wait_severe,65.62587309646047,65.4514150268501,65.81569395399057
S7,nearest,unserved_frac_severe,0.9484601835120636,0.9445678404347371,0.952352226068805
S7,nearest,fully_staffed_frac_severe,0.046335580777983186,0.04272528492460294,0.04996103960533202
S7,nearest,wait_gap_severe,-0.3150220645678971,-0.5106739367119489,-0.10957225816856597
S7,nearest,invalid_claim_frac,0.9360401896893639,0.9346895219609261,0.9374173378904453
S7,nearest,gini,0.9631143634195413,0.9623356062429457,0.963851081004355
S7,nearest,mean_commute_min,5.188064609472453,4.819401019348855,5.568595072756642
S7,attention,median_wait_vulnerable,44.977083837969055,43.739329783105774,46.30887180366157
S7,attention,unserved_frac_vulnerable,0.4834876554387797,0.4760002675471168,0.49140136727732225
S7,attention,fully_staffed_frac_vulnerable,0.29998115392426955,0.2927605658959494,0.3069726358496859
S7,attention,wait_gap_vulnerable,29.003463411523263,27.695896625165222,30.317338988300175
S7,attention,median_wait_severe,25.582845701229797,24.213887484625197,26.947268258164474
S7,attention,unserved_frac_severe,0.3604541973300626,0.3517181469016207,0.36942187599826853
S7,attention,fully_staffed_frac_severe,0.4138217961585228,0.4045638644450712,0.4229773724561399
S7,attention,wait_gap_severe,5.9173255008814,4.45214148476903,7.442654991190204
S7,attention,invalid_claim_frac,0.3173683277916501,0.3137478235975155,0.3212168292304663
S7,attention,gini,0.5120180862651984,0.509472387709545,0.5145674811652104
S7,attention,mean_commute_min,19.796216679044267,19.461917248111952,20.121929082666618
S7,random,median_wait_vulnerable,13.485730044975634,13.174307854056197,13.807858085434491
S7,random,unserved_frac_vulnerable,0.1894164959416962,0.1841640409255746,0.19489168623117317
S7,random,fully_staffed_frac_vulnerable,0.5015493319213756,0.4941839836458099,0.5086361151647995
S7,random,wait_gap_vulnerable,0.1855809281347683,-0.1717354107457693,0.5567268985201792
S7,random,median_wait_severe,13.978911725629771,13.57159189505079,14.41102761332774
S7,random,unserved_frac_severe,0.1782878618982627,0.170598538002932,0.18552458615907072
S7,random,fully_staffed_frac_severe,0.5096569666953877,0.4999330220533626,0.5199557224259004
S7,random,wait_gap_severe,0.7809520584235349,0.31461563374577134,1.2555575792024933
S7,random,invalid_claim_frac,0.16571937937796385,0.16335901609370382,0.16794950335807632
S7,random,gini,0.3699441029870357,0.36760901387845624,0.37235749552571024
S7,random,mean_commute_min,19.828057883994678,19.499069952964845,20.15168095394149
S7,care_score,median_wait_vulnerable,12.743515785553363,12.450746517757214,13.042603297062135
S7,care_score,unserved_frac_vulnerable,0.12711852720446634,0.12181795055769577,0.13271010996492918
S7,care_score,fully_staffed_frac_vulnerable,0.8611036009704858,0.8554554714470082,0.8665643751075457
S7,care_score,wait_gap_vulnerable,-26.154760274968947,-26.951750882110023,-25.399939063197856
S7,care_score,median_wait_severe,14.021119341383619,13.587566849476925,14.469295665669382
S7,care_score,unserved_frac_severe,0.11050765403832796,0.10441439049879946,0.11689650815999793
S7,care_score,fully_staffed_frac_severe,0.8732319705637298,0.8662336526349375,0.8794249482514522
S7,care_score,wait_gap_severe,-16.66693840378841,-17.473323128027594,-15.85757237379139
S7,care_score,invalid_claim_frac,0,0,0
S7,care_score,gini,0.4969196077190918,0.4953820803470475,0.49842637089790714
S7,care_score,mean_commute_min,16.900408271011955,16.539037843236642,17.235293132381965
S7,coordinated_latest,median_wait_vulnerable,10.309272642980682,9.272953230651005,11.325978350470695
S7,coordinated_latest,unserved_frac_vulnerable,0.2339941178607166,0.2284951521889812,0.2396463447060895
S7,coordinated_latest,fully_staffed_frac_vulnerable,0.7478624871966739,0.7419117701333632,0.7539296217772539
S7,coordinated_latest,wait_gap_vulnerable,-14.394782055656433,-15.753843855963842,-13.001976604966227
S7,coordinated_latest,median_wait_severe,20.086726806078705,18.525801165811398,21.764328018371238
S7,coordinated_latest,unserved_frac_severe,0.27484514310103736,0.2661764426519722,0.28346571667234305
S7,coordinated_latest,fully_staffed_frac_severe,0.7035634545239441,0.6949980564877204,0.7123674366545794
S7,coordinated_latest,wait_gap_severe,-0.9406262572815155,-2.7295743043743093,0.8835165446722675
S7,coordinated_latest,invalid_claim_frac,0,0,0
S7,coordinated_latest,gini,0.4909526049641199,0.4891236395398252,0.49280771187588085
S7,coordinated_latest,mean_commute_min,19.846496811223016,19.495167879820567,20.182884027413184
S7,coordinated_nearest,median_wait_vulnerable,27.239020967722375,26.425276914127267,28.07528699820342
S7,coordinated_nearest,unserved_frac_vulnerable,0.3017685137381923,0.29558739147666435,0.3080226207461095
S7,coordinated_nearest,fully_staffed_frac_vulnerable,0.6954174668893667,0.6891500399241681,0.701527362890679
S7,coordinated_nearest,wait_gap_vulnerable,-0.5229613226018873,-1.5756788944844766,0.5368148576959426
S7,coordinated_nearest,median_wait_severe,29.266264376740693,28.13159685102157,30.448358790061786
S7,coordinated_nearest,unserved_frac_severe,0.30970460034547365,0.30176267345646307,0.3172988235620135
S7,coordinated_nearest,fully_staffed_frac_severe,0.6872594680533859,0.6797855276817958,0.6951382928748359
S7,coordinated_nearest,wait_gap_severe,2.1690521651208687,0.8870737577056288,3.486642642246723
S7,coordinated_nearest,invalid_claim_frac,0,0,0
S7,coordinated_nearest,gini,0.4992687207456972,0.4976788966372619,0.5008715055777501
S7,coordinated_nearest,mean_commute_min,15.778168716816435,15.397698588998066,16.134674896745956
S7,care_score_uncoordinated,median_wait_vulnerable,62.8483043322376,62.6547845850457,63.03473103687302
S7,care_score_uncoordinated,unserved_frac_vulnerable,0.836984557483753,0.8330506440556877,0.8409757612228752
S7,care_score_uncoordinated,fully_staffed_frac_vulnerable,0.14134572301705978,0.13791584275822816,0.1448721734665443
S7,care_score_uncoordinated,wait_gap_vulnerable,-3.7920503677948463,-3.997925543454396,-3.6012661405446047
S7,care_score_uncoordinated,median_wait_severe,64.12336100761003,63.89913593055309,64.33689741928698
S7,care_score_uncoordinated,unserved_frac_severe,0.8381528026527494,0.8325933151334267,0.8438996149074531
S7,care_score_uncoordinated,fully_staffed_frac_severe,0.1406383873829721,0.1355179955486977,0.14555639924117975
S7,care_score_uncoordinated,wait_gap_severe,-1.9793015993396308,-2.2124338842232754,-1.7457412881883825
S7,care_score_uncoordinated,invalid_claim_frac,0.9270990389092496,0.9255604359468111,0.9287319735254234
S7,care_score_uncoordinated,gini,0.9592330507334875,0.9585030409129235,0.9599827385657485
S7,care_score_uncoordinated,mean_commute_min,19.992145567581648,19.534811206299494,20.461523134657387
S7,care_score_full_compliance,median_wait_vulnerable,7.69904212543596,7.473464654960955,7.9301089091459165
S7,care_score_full_compliance,unserved_frac_vulnerable,0.038442858685348955,0.03562959587961274,0.04139235019482078
S7,care_score_full_compliance,fully_staffed_frac_vulnerable,0.9558697061533644,0.9528141106454296,0.9588939275399702
S7,care_score_full_compliance,wait_gap_vulnerable,-38.50490587049172,-39.106883412754094,-37.898428511026346
S7,care_score_full_compliance,median_wait_severe,9.046596346422591,8.767491229020813,9.330863709483648
S7,care_score_full_compliance,unserved_frac_severe,0.046552323014609764,0.042207182925908186,0.05085045473841642
S7,care_score_full_compliance,fully_staffed_frac_severe,0.9449148639541659,0.9400344764669795,0.9496527897211384
S7,care_score_full_compliance,wait_gap_severe,-24.935834258647642,-25.755390893239078,-24.14875064247595
S7,care_score_full_compliance,invalid_claim_frac,0,0,0
S7,care_score_full_compliance,gini,0.49343172002857716,0.4917299272166252,0.49521397209005724
S7,care_score_full_compliance,mean_commute_min,19.860203572050168,19.50544450590288,20.201900292867265
S8,latest,median_wait_vulnerable,53.727256794708325,51.454284438302224,55.899417369749536
S8,latest,unserved_frac_vulnerable,0.5743703239471253,0.566450358213539,0.5815043860289476
S8,latest,fully_staffed_frac_vulnerable,0.28952471195497137,0.28282921107583975,0.2964103773611095
S8,latest,wait_gap_vulnerable,-11.789960668759482,-14.088110409543548,-9.53910308858939
S8,latest,median_wait_severe,59.20534809275204,57.29095504303686,61.00615495517998
S8,latest,unserved_frac_severe,0.6173079922640287,0.6080083716900476,0.6264670091497834
S8,latest,fully_staffed_frac_severe,0.2530194437910547,0.24451798621561077,0.26125271416196605
S8,latest,wait_gap_severe,-5.615493769738878,-7.538160118592708,-3.777552573915137
S8,latest,invalid_claim_frac,0.6181276415063863,0.6147833116236201,0.6215557010661173
S8,latest,gini,0.7230810281441622,0.7206130655534746,0.7257686846244673
S8,latest,mean_commute_min,19.870248764297695,19.511124121428235,20.208352403362152
S8,nearest,median_wait_vulnerable,64.6459214087344,64.48710511999911,64.79914651936609
S8,nearest,unserved_frac_vulnerable,0.9535269848045899,0.9505099497027103,0.9565466208362333
S8,nearest,fully_staffed_frac_vulnerable,0.041014582526825036,0.0381548444051155,0.04389099514269005
S8,nearest,wait_gap_vulnerable,-1.696622589687375,-1.8723939072553715,-1.518979400858805
S8,nearest,median_wait_severe,65.62587309646047,65.4514150268501,65.81569395399057
S8,nearest,unserved_frac_severe,0.9484601835120636,0.9445678404347371,0.952352226068805
S8,nearest,fully_staffed_frac_severe,0.046335580777983186,0.04272528492460294,0.04996103960533202
S8,nearest,wait_gap_severe,-0.3150220645678971,-0.5106739367119489,-0.10957225816856597
S8,nearest,invalid_claim_frac,0.9360401896893639,0.9346895219609261,0.9374173378904453
S8,nearest,gini,0.9631143634195413,0.9623356062429457,0.963851081004355
S8,nearest,mean_commute_min,5.188064609472453,4.819401019348855,5.568595072756642
S8,attention,median_wait_vulnerable,44.977083837969055,43.739329783105774,46.30887180366157
S8,attention,unserved_frac_vulnerable,0.4834876554387797,0.4760002675471168,0.49140136727732225
S8,attention,fully_staffed_frac_vulnerable,0.29998115392426955,0.2927605658959494,0.3069726358496859
S8,attention,wait_gap_vulnerable,29.003463411523263,27.695896625165222,30.317338988300175
S8,attention,median_wait_severe,25.582845701229797,24.213887484625197,26.947268258164474
S8,attention,unserved_frac_severe,0.3604541973300626,0.3517181469016207,0.36942187599826853
S8,attention,fully_staffed_frac_severe,0.4138217961585228,0.4045638644450712,0.4229773724561399
S8,attention,wait_gap_severe,5.9173255008814,4.45214148476903,7.442654991190204
S8,attention,invalid_claim_frac,0.3173683277916501,0.3137478235975155,0.3212168292304663
S8,attention,gini,0.5120180862651984,0.509472387709545,0.5145674811652104
S8,attention,mean_commute_min,19.796216679044267,19.461917248111952,20.121929082666618
S8,random,median_wait_vulnerable,13.485730044975634,13.174307854056197,13.807858085434491
S8,random,unserved_frac_vulnerable,0.1894164959416962,0.1841640409255746,0.19489168623117317
S8,random,fully_staffed_frac_vulnerable,0.5015493319213756,0.4941839836458099,0.5086361151647995
S8,random,wait_gap_vulnerable,0.1855809281347683,-0.1717354107457693,0.5567268985201792
S8,random,median_wait_severe,13.978911725629771,13.57159189505079,14.41102761332774
S8,random,unserved_frac_severe,0.1782878618982627,0.170598538002932,0.18552458615907072
S8,random,fully_staffed_frac_severe,0.5096569666953877,0.4999330220533626,0.5199557224259004
S8,random,wait_gap_severe,0.7809520584235349,0.31461563374577134,1.2555575792024933
S8,random,invalid_claim_frac,0.16571937937796385,0.16335901609370382,0.16794950335807632
S8,random,gini,0.3699441029870357,0.36760901387845624,0.37235749552571024
S8,random,mean_commute_min,19.828057883994678,19.499069952964845,20.15168095394149
S8,care_score,median_wait_vulnerable,14.974284619647067,14.700570575461864,15.246343564189258
S8,care_score,unserved_frac_vulnerable,0.15031395373507356,0.1454262217761869,0.1554411144398202
S8,care_score,fully_staffed_frac_vulnerable,0.8370562679986188,0.8318472420026479,0.8419558301570962
S8,care_score,wait_gap_vulnerable,-20.073969136449694,-20.981854983342114,-19.1666155808978
S8,care_score,median_wait_severe,10.357585129562663,10.066637229579328,10.666913008255229
S8,care_score,unserved_frac_severe,0.09235737572591003,0.0867107567468871,0.09785598592458573
S8,care_score,fully_staffed_frac_severe,0.8891690855546128,0.8823999740848476,0.8960566598621982
S8,care_score,wait_gap_severe,-19.224213882374265,-19.92332286310043,-18.53189058077662
S8,care_score,invalid_claim_frac,0,0,0
S8,care_score,gini,0.49388529518512503,0.4921549247888164,0.49558253493935883
S8,care_score,mean_commute_min,18.06215851533046,17.71282154091644,18.391475629077547
S8,coordinated_latest,median_wait_vulnerable,10.309272642980682,9.272953230651005,11.325978350470695
S8,coordinated_latest,unserved_frac_vulnerable,0.2339941178607166,0.2284951521889812,0.2396463447060895
S8,coordinated_latest,fully_staffed_frac_vulnerable,0.7478624871966739,0.7419117701333632,0.7539296217772539
S8,coordinated_latest,wait_gap_vulnerable,-14.394782055656433,-15.753843855963842,-13.001976604966227
S8,coordinated_latest,median_wait_severe,20.086726806078705,18.525801165811398,21.764328018371238
S8,coordinated_latest,unserved_frac_severe,0.27484514310103736,0.2661764426519722,0.28346571667234305
S8,coordinated_latest,fully_staffed_frac_severe,0.7035634545239441,0.6949980564877204,0.7123674366545794
S8,coordinated_latest,wait_gap_severe,-0.9406262572815155,-2.7295743043743093,0.8835165446722675
S8,coordinated_latest,invalid_claim_frac,0,0,0
S8,coordinated_latest,gini,0.4909526049641199,0.4891236395398252,0.49280771187588085
S8,coordinated_latest,mean_commute_min,19.846496811223016,19.495167879820567,20.182884027413184
S8,coordinated_nearest,median_wait_vulnerable,27.239020967722375,26.425276914127267,28.07528699820342
S8,coordinated_nearest,unserved_frac_vulnerable,0.3017685137381923,0.29558739147666435,0.3080226207461095
S8,coordinated_nearest,fully_staffed_frac_vulnerable,0.6954174668893667,0.6891500399241681,0.701527362890679
S8,coordinated_nearest,wait_gap_vulnerable,-0.5229613226018873,-1.5756788944844766,0.5368148576959426
S8,coordinated_nearest,median_wait_severe,29.266264376740693,28.13159685102157,30.448358790061786
S8,coordinated_nearest,unserved_frac_severe,0.30970460034547365,0.30176267345646307,0.3172988235620135
S8,coordinated_nearest,fully_staffed_frac_severe,0.6872594680533859,0.6797855276817958,0.6951382928748359
S8,coordinated_nearest,wait_gap_severe,2.1690521651208687,0.8870737577056288,3.486642642246723
S8,coordinated_nearest,invalid_claim_frac,0,0,0
S8,coordinated_nearest,gini,0.4992687207456972,0.4976788966372619,0.5008715055777501
S8,coordinated_nearest,mean_commute_min,15.778168716816435,15.397698588998066,16.134674896745956
S8,care_score_uncoordinated,median_wait_vulnerable,63.55779364530043,63.37612496208965,63.72946988204543
S8,care_score_uncoordinated,unserved_frac_vulnerable,0.877685641884499,0.8734335862632822,0.8820354509341627
S8,care_score_uncoordinated,fully_staffed_frac_vulnerable,0.10404494819423635,0.10020597834417012,0.10790003804903454
S8,care_score_uncoordinated,wait_gap_vulnerable,-2.9215425698475714,-3.1225085756635402,-2.730253331695368
S8,care_score_uncoordinated,median_wait_severe,63.829969760449686,63.57298939450628,64.07974995766246
S8,care_score_uncoordinated,unserved_frac_severe,0.8189638623875583,0.8125440068131827,0.825327696975268
S8,care_score_uncoordinated,fully_staffed_frac_severe,0.15626444037917195,0.15057477295355742,0.16210414866035452
S8,care_score_uncoordinated,wait_gap_severe,-2.271398619556309,-2.5432296130911043,-2.012999733013015
S8,care_score_uncoordinated,invalid_claim_frac,0.9243452551025071,0.9226634105385716,0.9259666171675602
S8,care_score_uncoordinated,gini,0.9576249790248547,0.9567670766250598,0.9584825230801406
S8,care_score_uncoordinated,mean_commute_min,19.745163421645234,19.29991642944338,20.196760639914732
S8,care_score_full_compliance,median_wait_vulnerable,13.531546731840054,13.304039414623663,13.758472452887096
S8,care_score_full_compliance,unserved_frac_vulnerable,0.15243235495229782,0.14749935626051033,0.1576601223974499
S8,care_score_full_compliance,fully_staffed_frac_vulnerable,0.8313144912681539,0.8260416108700493,0.8365111296498731
S8,care_score_full_compliance,wait_gap_vulnerable,-23.473024123587397,-24.41139355614167,-22.576480544136096
S8,care_score_full_compliance,median_wait_severe,8.596107227302888,8.333797453643946,8.889084800502507
S8,care_score_full_compliance,unserved_frac_severe,0.08217427827105216,0.076912979285352,0.08761832159899173
S8,care_score_full_compliance,fully_staffed_frac_severe,0.9010019270912343,0.8950595053034076,0.9070494447115675
S8,care_score_full_compliance,wait_gap_severe,-23.161781073869477,-24.06466941913411,-22.32066856884094
S8,care_score_full_compliance,invalid_claim_frac,0,0,0
S8,care_score_full_compliance,gini,0.4922618685700122,0.490591791411446,0.4939186685352455
S8,care_score_full_compliance,mean_commute_min,19.850007252936507,19.50606646560028,20.186647188793017
S9,latest,median_wait_vulnerable,53.727256794708325,51.454284438302224,55.899417369749536
S9,latest,unserved_frac_vulnerable,0.5743703239471253,0.566450358213539,0.5815043860289476
S9,latest,fully_staffed_frac_vulnerable,0.28952471195497137,0.28282921107583975,0.2964103773611095
S9,latest,wait_gap_vulnerable,-11.789960668759482,-14.088110409543548,-9.53910308858939
S9,latest,median_wait_severe,59.20534809275204,57.29095504303686,61.00615495517998
S9,latest,unserved_frac_severe,0.6173079922640287,0.6080083716900476,0.6264670091497834
S9,latest,fully_staffed_frac_severe,0.2530194437910547,0.24451798621561077,0.26125271416196605
S9,latest,wait_gap_severe,-5.615493769738878,-7.538160118592708,-3.777552573915137
S9,latest,invalid_claim_frac,0.6181276415063863,0.6147833116236201,0.6215557010661173
S9,latest,gini,0.7230810281441622,0.7206130655534746,0.7257686846244673
S9,latest,mean_commute_min,19.870248764297695,19.511124121428235,20.208352403362152
S9,nearest,median_wait_vulnerable,64.6459214087344,64.48710511999911,64.79914651936609
S9,nearest,unserved_frac_vulnerable,0.9535269848045899,0.9505099497027103,0.9565466208362333
S9,nearest,fully_staffed_frac_vulnerable,0.041014582526825036,0.0381548444051155,0.04389099514269005
S9,nearest,wait_gap_vulnerable,-1.696622589687375,-1.8723939072553715,-1.518979400858805
S9,nearest,median_wait_severe,65.62587309646047,65.4514150268501,65.81569395399057
S9,nearest,unserved_frac_severe,0.9484601835120636,0.9445678404347371,0.952352226068805
S9,nearest,fully_staffed_frac_severe,0.046335580777983186,0.04272528492460294,0.04996103960533202
S9,nearest,wait_gap_severe,-0.3150220645678971,-0.5106739367119489,-0.10957225816856597
S9,nearest,invalid_claim_frac,0.9360401896893639,0.9346895219609261,0.9374173378904453
S9,nearest,gini,0.9631143634195413,0.9623356062429457,0.963851081004355
S9,nearest,mean_commute_min,5.188064609472453,4.819401019348855,5.568595072756642
S9,attention,median_wait_vulnerable,44.977083837969055,43.739329783105774,46.30887180366157
S9,attention,unserved_frac_vulnerable,0.4834876554387797,0.4760002675471168,0.49140136727732225
S9,attention,fully_staffed_frac_vulnerable,0.29998115392426955,0.2927605658959494,0.3069726358496859
S9,attention,wait_gap_vulnerable,29.003463411523263,27.695896625165222,30.317338988300175
S9,attention,median_wait_severe,25.582845701229797,24.213887484625197,26.947268258164474
S9,attention,unserved_frac_severe,0.3604541973300626,0.3517181469016207,0.36942187599826853
S9,attention,fully_staffed_frac_severe,0.4138217961585228,0.4045638644450712,0.4229773724561399
S9,attention,wait_gap_severe,5.9173255008814,4.45214148476903,7.442654991190204
S9,attention,invalid_claim_frac,0.3173683277916501,0.3137478235975155,0.3212168292304663
S9,attention,gini,0.5120180862651984,0.509472387709545,0.5145674811652104
S9,attention,mean_commute_min,19.796216679044267,19.461917248111952,20.121929082666618
S9,random,median_wait_vulnerable,13.485730044975634,13.174307854056197,13.807858085434491
S9,random,unserved_frac_vulnerable,0.1894164959416962,0.1841640409255746,0.19489168623117317
S9,random,fully_staffed_frac_vulnerable,0.5015493319213756,0.4941839836458099,0.5086361151647995
S9,random,wait_gap_vulnerable,0.1855809281347683,-0.1717354107457693,0.5567268985201792
S9,random,median_wait_severe,13.978911725629771,13.57159189505079,14.41102761332774
S9,random,unserved_frac_severe,0.1782878618982627,0.170598538002932,0.18552458615907072
S9,random,fully_staffed_frac_severe,0.5096569666953877,0.4999330220533626,0.5199557224259004
S9,random,wait_gap_severe,0.7809520584235349,0.31461563374577134,1.2555575792024933
S9,random,invalid_claim_frac,0.16571937937796385,0.16335901609370382,0.16794950335807632
S9,random,gini,0.3699441029870357,0.36760901387845624,0.37235749552571024
S9,random,mean_commute_min,19.828057883994678,19.499069952964845,20.15168095394149
S9,care_score,median_wait_vulnerable,9.899587982499387,9.594292042172118,10.198080606425
S9,care_score,unserved_frac_vulnerable,0.07019774241771067,0.06607215770856202,0.0744939557165037
S9,care_score,fully_staffed_frac_vulnerable,0.9167128847392209,0.911944582897844,0.9213034454545241
S9,care_score,wait_gap_vulnerable,-31.784519566478988,-32.57583046239953,-31.006139257238708
S9,care_score,median_wait_severe,10.808293962699276,10.402086726298162,11.227154787215483
S9,care_score,unserved_frac_severe,0.07203559303872134,0.06678431975917692,0.0772554446500856
S9,care_score,fully_staffed_frac_severe,0.9178173485095408,0.9122023888119268,0.9235019168616586
S9,care_score,wait_gap_severe,-21.85913064020196,-22.71020363192461,-21.02329052041143
S9,care_score,invalid_claim_frac,0,0,0
S9,care_score,gini,0.495556342971733,0.4939281750125189,0.49716575253967704
S9,care_score,mean_commute_min,18.06723616102368,17.72593209586582,18.399570649762083
S9,coordinated_latest,median_wait_vulnerable,10.309272642980682,9.272953230651005,11.325978350470695
S9,coordinated_latest,unserved_frac_vulnerable,0.2339941178607166,0.2284951521889812,0.2396463447060895
S9,coordinated_latest,fully_staffed_frac_vulnerable,0.7478624871966739,0.7419117701333632,0.7539296217772539
S9,coordinated_latest,wait_gap_vulnerable,-14.394782055656433,-15.753843855963842,-13.001976604966227
S9,coordinated_latest,median_wait_severe,20.086726806078705,18.525801165811398,21.764328018371238
S9,coordinated_latest,unserved_frac_severe,0.27484514310103736,0.2661764426519722,0.28346571667234305
S9,coordinated_latest,fully_staffed_frac_severe,0.7035634545239441,0.6949980564877204,0.7123674366545794
S9,coordinated_latest,wait_gap_severe,-0.9406262572815155,-2.7295743043743093,0.8835165446722675
S9,coordinated_latest,invalid_claim_frac,0,0,0
S9,coordinated_latest,gini,0.4909526049641199,0.4891236395398252,0.49280771187588085
S9,coordinated_latest,mean_commute_min,19.846496811223016,19.495167879820567,20.182884027413184
S9,coordinated_nearest,median_wait_vulnerable,27.239020967722375,26.425276914127267,28.07528699820342
S9,coordinated_nearest,unserved_frac_vulnerable,0.3017685137381923,0.29558739147666435,0.3080226207461095
S9,coordinated_nearest,fully_staffed_frac_vulnerable,0.6954174668893667,0.6891500399241681,0.701527362890679
S9,coordinated_nearest,wait_gap_vulnerable,-0.5229613226018873,-1.5756788944844766,0.5368148576959426
S9,coordinated_nearest,median_wait_severe,29.266264376740693,28.13159685102157,30.448358790061786
S9,coordinated_nearest,unserved_frac_severe,0.30970460034547365,0.30176267345646307,0.3172988235620135
S9,coordinated_nearest,fully_staffed_frac_severe,0.6872594680533859,0.6797855276817958,0.6951382928748359
S9,coordinated_nearest,wait_gap_severe,2.1690521651208687,0.8870737577056288,3.486642642246723
S9,coordinated_nearest,invalid_claim_frac,0,0,0
S9,coordinated_nearest,gini,0.4992687207456972,0.4976788966372619,0.5008715055777501
S9,coordinated_nearest,mean_commute_min,15.778168716816435,15.397698588998066,16.134674896745956
S9,care_score_uncoordinated,median_wait_vulnerable,62.85607733229044,62.65012188546597,63.04492285664835
S9,care_score_uncoordinated,unserved_frac_vulnerable,0.8388761987337158,0.8346172531579651,0.8432238056933061
S9,care_score_uncoordinated,fully_staffed_frac_vulnerable,0.13838242243588364,0.13449887870390775,0.1419919352419431
S9,care_score_uncoordinated,wait_gap_vulnerable,-3.7663131816021207,-3.9758960275416158,-3.5676292831485648
S9,care_score_uncoordinated,median_wait_severe,64.0161415098505,63.76419234318628,64.26095508946483
S9,care_score_uncoordinated,unserved_frac_severe,0.8316270284647613,0.8243633240658684,0.8386754493059071
S9,care_score_uncoordinated,fully_staffed_frac_severe,0.1446473808242376,0.13826802781175596,0.15105113777312584
S9,care_score_uncoordinated,wait_gap_severe,-2.0842592595568434,-2.3540352428205207,-1.8183369452596916
S9,care_score_uncoordinated,invalid_claim_frac,0.9268214132023358,0.9253588503441974,0.928351086972238
S9,care_score_uncoordinated,gini,0.9589318786657901,0.9580911615281373,0.9597589796329987
S9,care_score_uncoordinated,mean_commute_min,19.920663922388453,19.47295365602214,20.37996227494877
S9,care_score_full_compliance,median_wait_vulnerable,8.19621127642967,7.910264213562068,8.473084223363799
S9,care_score_full_compliance,unserved_frac_vulnerable,0.0419773555549299,0.03893428399560562,0.044917179838827315
S9,care_score_full_compliance,fully_staffed_frac_vulnerable,0.9502905980881027,0.9468583023927224,0.9536865057834863
S9,care_score_full_compliance,wait_gap_vulnerable,-37.13503053513862,-37.80368500726793,-36.42401520381795
S9,care_score_full_compliance,median_wait_severe,9.08641261434944,8.719097785782925,9.456305085260754
S9,care_score_full_compliance,unserved_frac_severe,0.048395179615371986,0.04375156409267015,0.05301271551616942
S9,care_score_full_compliance,fully_staffed_frac_severe,0.9434215602215748,0.9385185292744236,0.9484250351100281
S9,care_score_full_compliance,wait_gap_severe,-24.246748486966453,-25.12301750406352,-23.37714455358452
S9,care_score_full_compliance,invalid_claim_frac,0,0,0
S9,care_score_full_compliance,gini,0.4931082584472976,0.4913889884418548,0.49480794623990476
S9,care_score_full_compliance,mean_commute_min,19.86426395983516,19.50634746476206,20.20290410400483
S10,latest,median_wait_vulnerable,40.49105612504041,37.32648876034872,43.68992061312819
S10,latest,unserved_frac_vulnerable,0.5190650370690355,0.5113564559260084,0.526443548157288
S10,latest,fully_staffed_frac_vulnerable,0.3787571009834544,0.37149187022537383,0.38587277885462756
S10,latest,wait_gap_vulnerable,-24.672563022880283,-27.885476336667914,-21.36999441698044
S10,latest,median_wait_severe,53.321520808938004,50.69034225707779,55.975994406130646
S10,latest,unserved_frac_severe,0.5731255183760204,0.5639265726700234,0.5825493257950529
S10,latest,fully_staffed_frac_severe,0.3245040723356329,0.31473287193169946,0.33420127006784656
S10,latest,wait_gap_severe,-10.927231024217653,-13.618758710536003,-8.267332322732361
S10,latest,invalid_claim_frac,0.5235591811676023,0.5195449830359696,0.5276650150112596
S10,latest,gini,0.700675829321836,0.6981629805766412,0.7032648056328906
S10,latest,mean_commute_min,19.8988269329679,19.532118553211347,20.246357148858795
S10,nearest,median_wait_vulnerable,63.47698931413683,63.290319757705355,63.654717531735784
S10,nearest,unserved_frac_vulnerable,0.8550453502200105,0.8503040446676821,0.8593107290831997
S10,nearest,fully_staffed_frac_vulnerable,0.1408178033064395,0.1365437534785892,0.1455118173019266
S10,nearest,wait_gap_vulnerable,-1.9539235702001443,-2.1561067555260127,-1.7588782691971059
S10,nearest,median_wait_severe,64.52625410611972,64.3092976740562,64.74789911717218
S10,nearest,unserved_frac_severe,0.852632518468819,0.8464135465487167,0.8590407711509912
S10,nearest,fully_staffed_frac_severe,0.1440589410016515,0.13794227442352763,0.15012460135886146
S10,nearest,wait_gap_severe,-0.4943047133202657,-0.7189558872149909,-0.2538911667086873
S10,nearest,invalid_claim_frac,0.7966243479301482,0.7947739586719331,0.798486831835668
S10,nearest,gini,0.8951537285260891,0.894218613833734,0.8960436809162526
S10,nearest,mean_commute_min,7.198749336806134,6.809356245100363,7.59254533950947
S10,attention,median_wait_vulnerable,27.3658919874375,26.305197561997733,28.479752740338864
S10,attention,unserved_frac_vulnerable,0.34835173650624235,0.3412265210033647,0.3556188414276144
S10,attention,fully_staffed_frac_vulnerable,0.4232643453427935,0.4160938711349575,0.4301653872504328
S10,attention,wait_gap_vulnerable,14.623204409049613,13.530409102921292,15.768280884837207
S10,attention,median_wait_severe,16.73661322732466,16.086934121273533,17.449734425437793
S10,attention,unserved_frac_severe,0.2409703754685438,0.23312485124880103,0.24903811880912735
S10,attention,fully_staffed_frac_severe,0.547543794469944,0.5381822318910524,0.5568513839384718
S10,attention,wait_gap_severe,1.9923191210082087,1.261291743902982,2.745484529214897
S10,attention,invalid_claim_frac,0.12654804183291474,0.12437454266761554,0.12893761101430265
S10,attention,gini,0.43658421796242247,0.4343171758307874,0.43880634805646046
S10,attention,mean_commute_min,19.81823028359296,19.471667408419552,20.140672075073827
S10,random,median_wait_vulnerable,12.35775760603473,12.08228068698783,12.640193199118428
S10,random,unserved_frac_vulnerable,0.12638323338117258,0.12140194274131595,0.13124202508886507
S10,random,fully_staffed_frac_vulnerable,0.5882628793172516,0.5809569554986023,0.5953430523952891
S10,random,wait_gap_vulnerable,0.17846313368364555,-0.14012976801976282,0.4991525317088956
S10,random,median_wait_severe,12.683550405886635,12.323216030671007,13.03911177819427
S10,random,unserved_frac_severe,0.12216396879559684,0.11582405227617396,0.12869505773686682
S10,random,fully_staffed_frac_severe,0.593634161446113,0.5843285716612389,0.6028182834297462
S10,random,wait_gap_severe,0.5252512148306105,0.101338335147726,0.9339887117175562
S10,random,invalid_claim_frac,0.04747555678792493,0.04612277663430589,0.048783518599824854
S10,random,gini,0.3350957686751936,0.33308624036243806,0.33708211376946234
S10,random,mean_commute_min,19.86015864690826,19.517304711157948,20.182704639789822
S10,care_score,median_wait_vulnerable,9.47703017999183,9.21841730777094,9.73970375849466
S10,care_score,unserved_frac_vulnerable,0.06734140187478953,0.06328618755749289,0.07155156734800865
S10,care_score,fully_staffed_frac_vulnerable,0.9197716134541629,0.9152387872826404,0.9241621037485857
S10,care_score,wait_gap_vulnerable,-32.84308729249003,-33.54348990186472,-32.15145965469066
S10,care_score,median_wait_severe,10.738437591859114,10.422564695745692,11.070956167701597
S10,care_score,unserved_frac_severe,0.0710096686756947,0.0662109589043669,0.07575009497850103
S10,care_score,fully_staffed_frac_severe,0.9198035496271405,0.914664904750245,0.9250961392151711
S10,care_score,wait_gap_severe,-22.649282660591876,-23.39085469030524,-21.924428623819384
S10,care_score,invalid_claim_frac,0,0,0
S10,care_score,gini,0.49465348841896173,0.4929794372969884,0.49628099074122994
S10,care_score,mean_commute_min,18.07496871788701,17.72944194081924,18.41116246046295
S10,coordinated_latest,median_wait_vulnerable,10.309272642980682,9.272953230651005,11.325978350470695
S10,coordinated_latest,unserved_frac_vulnerable,0.2339941178607166,0.2284951521889812,0.2396463447060895
S10,coordinated_latest,fully_staffed_frac_vulnerable,0.7478624871966739,0.7419117701333632,0.7539296217772539
S10,coordinated_latest,wait_gap_vulnerable,-14.394782055656433,-15.753843855963842,-13.001976604966227
S10,coordinated_latest,median_wait_severe,20.086726806078705,18.525801165811398,21.764328018371238
S10,coordinated_latest,unserved_frac_severe,0.27484514310103736,0.2661764426519722,0.28346571667234305
S10,coordinated_latest,fully_staffed_frac_severe,0.7035634545239441,0.6949980564877204,0.7123674366545794
S10,coordinated_latest,wait_gap_severe,-0.9406262572815155,-2.7295743043743093,0.8835165446722675
S10,coordinated_latest,invalid_claim_frac,0,0,0
S10,coordinated_latest,gini,0.4909526049641199,0.4891236395398252,0.49280771187588085
S10,coordinated_latest,mean_commute_min,19.846496811223016,19.495167879820567,20.182884027413184
S10,coordinated_nearest,median_wait_vulnerable,27.239020967722375,26.425276914127267,28.07528699820342
S10,coordinated_nearest,unserved_frac_vulnerable,0.3017685137381923,0.29558739147666435,0.3080226207461095
S10,coordinated_nearest,fully_staffed_frac_vulnerable,0.6954174668893667,0.6891500399241681,0.701527362890679
S10,coordinated_nearest,wait_gap_vulnerable,-0.5229613226018873,-1.5756788944844766,0.5368148576959426
S10,coordinated_nearest,median_wait_severe,29.266264376740693,28.13159685102157,30.448358790061786
S10,coordinated_nearest,unserved_frac_severe,0.30970460034547365,0.30176267345646307,0.3172988235620135
S10,coordinated_nearest,fully_staffed_frac_severe,0.6872594680533859,0.6797855276817958,0.6951382928748359
S10,coordinated_nearest,wait_gap_severe,2.1690521651208687,0.8870737577056288,3.486642642246723
S10,coordinated_nearest,invalid_claim_frac,0,0,0
S10,coordinated_nearest,gini,0.4992687207456972,0.4976788966372619,0.5008715055777501
S10,coordinated_nearest,mean_commute_min,15.778168716816435,15.397698588998066,16.134674896745956
S10,care_score_uncoordinated,median_wait_vulnerable,53.08049370248293,52.11917536685684,53.963668295843306
S10,care_score_uncoordinated,unserved_frac_vulnerable,0.5673422367277957,0.5610667689042748,0.5736191255912866
S10,care_score_uncoordinated,fully_staffed_frac_vulnerable,0.3986643741160303,0.39237654165702096,0.4048215390671308
S10,care_score_uncoordinated,wait_gap_vulnerable,-13.126381871657172,-14.08262003350325,-12.215898360290653
S10,care_score_uncoordinated,median_wait_severe,55.896860432390675,54.732337122626134,56.99236148315142
S10,care_score_uncoordinated,unserved_frac_severe,0.6051603851904459,0.5963514804380105,0.6138876376103253
S10,care_score_uncoordinated,fully_staffed_frac_severe,0.36702949302196447,0.3580952388206915,0.37588043126612736
S10,care_score_uncoordinated,wait_gap_severe,-9.419828643407342,-10.597031111133427,-8.309599714010197
S10,care_score_uncoordinated,invalid_claim_frac,0.7716551245891268,0.7693380133328376,0.7739914316408972
S10,care_score_uncoordinated,gini,0.8802542130346789,0.8791750785453034,0.8813946279344892
S10,care_score_uncoordinated,mean_commute_min,19.869759415892155,19.511107093296587,20.223376369135096
S10,care_score_full_compliance,median_wait_vulnerable,7.69904212543596,7.473464654960955,7.9301089091459165
S10,care_score_full_compliance,unserved_frac_vulnerable,0.038442858685348955,0.03562959587961274,0.04139235019482078
S10,care_score_full_compliance,fully_staffed_frac_vulnerable,0.9558697061533644,0.9528141106454296,0.9588939275399702
S10,care_score_full_compliance,wait_gap_vulnerable,-38.50490587049172,-39.106883412754094,-37.898428511026346
S10,care_score_full_compliance,median_wait_severe,9.046596346422591,8.767491229020813,9.330863709483648
S10,care_score_full_compliance,unserved_frac_severe,0.046552323014609764,0.042207182925908186,0.05085045473841642
S10,care_score_full_compliance,fully_staffed_frac_severe,0.9449148639541659,0.9400344764669795,0.9496527897211384
S10,care_score_full_compliance,wait_gap_severe,-24.935834258647642,-25.755390893239078,-24.14875064247595
S10,care_score_full_compliance,invalid_claim_frac,0,0,0
S10,care_score_full_compliance,gini,0.49343172002857716,0.4917299272166252,0.49521397209005724
S10,care_score_full_compliance,mean_commute_min,19.860203572050168,19.50544450590288,20.201900292867265
S11,latest,median_wait_vulnerable,67.53543872127827,67.40718007065476,67.66131744652685
S11,latest,unserved_frac_vulnerable,0.7161073228935981,0.7093408736860755,0.7228482598793923
S11,latest,fully_staffed_frac_vulnerable,0.17689854815884498,0.1714297120058552,0.18206327323165786
S11,latest,wait_gap_vulnerable,1.9028809305170031,1.706683880349428,2.091211931396938
S11,latest,median_wait_severe,65.30178920655486,64.5141879436956,65.94437768315676
S11,latest,unserved_frac_severe,0.6635762475930796,0.6546326428609515,0.6722734539624582
S11,latest,fully_staffed_frac_severe,0.2230823624540482,0.21486181693845055,0.2314349128770621
S11,latest,wait_gap_severe,-1.0182659695348018,-1.801055648933257,-0.3502546316265708
S11,latest,invalid_claim_frac,0.6501211783310329,0.6468680283122846,0.6534564412394837
S11,latest,gini,0.7479659870465597,0.7454272028035412,0.7506969333268945
S11,latest,mean_commute_min,19.837178448548705,19.469952155243927,20.181389274993258
S11,nearest,median_wait_vulnerable,67.834966003056,67.7383922228829,67.9281241970607
S11,nearest,unserved_frac_vulnerable,0.9520093049950049,0.9492216453527352,0.9547204103399785
S11,nearest,fully_staffed_frac_vulnerable,0.04138633579807089,0.03870853467101536,0.044111114440629484
S11,nearest,wait_gap_vulnerable,1.4517133328990084,1.3303995100710582,1.5723710690423975
S11,nearest,median_wait_severe,66.7170249817102,66.56519940192506,66.87117949379363
S11,nearest,unserved_frac_severe,0.9501884133101889,0.9463399339283992,0.9540820381359966
S11,nearest,fully_staffed_frac_severe,0.0453095095295492,0.04171848787650696,0.04900170065764299
S11,nearest,wait_gap_severe,-0.11348585780971346,-0.2857757300853629,0.057141693487107265
S11,nearest,invalid_claim_frac,0.9380415166438566,0.9366923531778434,0.9393936701304029
S11,nearest,gini,0.9642508137231603,0.9635073065518317,0.9649767859906471
S11,nearest,mean_commute_min,5.074898161437589,4.7180011549067835,5.455753856591633
S11,attention,median_wait_vulnerable,15.333934835365683,14.855168053777497,15.82248024122923
S11,attention,unserved_frac_vulnerable,0.2570316447905008,0.25059358473418025,0.2636516040505039
S11,attention,fully_staffed_frac_vulnerable,0.5193028627768895,0.5122461378925308,0.5263144412074462
S11,attention,wait_gap_vulnerable,-8.155127361858122,-9.030695920793487,-7.337644956965061
S11,attention,median_wait_severe,22.53169964659135,21.342966839261663,23.783441357470462
S11,attention,unserved_frac_severe,0.3294008506135298,0.3206120289961961,0.33836002167938245
S11,attention,fully_staffed_frac_severe,0.44136493107858477,0.43204927774865826,0.45054970284432777
S11,attention,wait_gap_severe,2.4314092029969943,1.116497618398077,3.818347533425131
S11,attention,invalid_claim_frac,0.3097841039073233,0.3064054256626377,0.31336570246725337
S11,attention,gini,0.5042201570263702,0.5016293570751461,0.506922024955426
S11,attention,mean_commute_min,19.786101682169367,19.449158047629265,20.11869974632948
S11,random,median_wait_vulnerable,13.969376468445,13.670044421674897,14.266279751540466
S11,random,unserved_frac_vulnerable,0.16399878734677975,0.15851772317373217,0.16978224563196107
S11,random,fully_staffed_frac_vulnerable,0.5295493946022197,0.5222958215121442,0.5368438852623246
S11,random,wait_gap_vulnerable,-0.18371664948155988,-0.5496832762730144,0.1857568482542594
S11,random,median_wait_severe,14.545007714797388,14.094009069725223,14.999787054661137
S11,random,unserved_frac_severe,0.17469375436381732,0.16715110533666325,0.18208738129563076
S11,random,fully_staffed_frac_severe,0.5135823150056404,0.503557237353106,0.5230078885836208
S11,random,wait_gap_severe,0.4539444938581187,-0.0433481236169552,0.9723840711686423
S11,random,invalid_claim_frac,0.1638556841714479,0.16152010124070343,0.16620370737168866
S11,random,gini,0.36749313152748647,0.36548378791023156,0.36972411169411346
S11,random,mean_commute_min,19.85423254375305,19.50181098888592,20.1881398998839
S11,care_score,median_wait_vulnerable,11.48394233865283,11.241542957365029,11.724756390179648
S11,care_score,unserved_frac_vulnerable,0.06707442834915249,0.06306440266274661,0.071286375688263
S11,care_score,fully_staffed_frac_vulnerable,0.9206120519329443,0.9159847397099941,0.9249867926476315
S11,care_score,wait_gap_vulnerable,-31.034985011020982,-31.709950910037968,-30.36073649543776
S11,care_score,median_wait_severe,12.274582341487537,11.986301210496332,12.577907530751654
S11,care_score,unserved_frac_severe,0.07118496042757268,0.06630103872909214,0.07590416905577964
S11,care_score,fully_staffed_frac_severe,0.9199154681067059,0.9147751004016229,0.9250239679951977
S11,care_score,wait_gap_severe,-22.270576741008707,-23.006926630922624,-21.593212585194763
S11,care_score,invalid_claim_frac,0,0,0
S11,care_score,gini,0.49474497934031403,0.4930688383517206,0.4963754938508353
S11,care_score,mean_commute_min,18.073885990230092,17.73140760188929,18.409890807621196
S11,coordinated_latest,median_wait_vulnerable,37.210478273681105,35.94073205518094,38.462161251003366
S11,coordinated_latest,unserved_frac_vulnerable,0.34234415717931016,0.335918150722404,0.3487787200111309
S11,coordinated_latest,fully_staffed_frac_vulnerable,0.6348763968586466,0.6283516233457914,0.6413627378495743
S11,coordinated_latest,wait_gap_vulnerable,16.737476410725197,15.296838487041857,18.130674115409057
S11,coordinated_latest,median_wait_severe,25.561320077150338,24.060613306847316,27.211152687104786
S11,coordinated_latest,unserved_frac_severe,0.2856104937715069,0.27707492453535965,0.2944087802176387
S11,coordinated_latest,fully_staffed_frac_severe,0.6956265585647408,0.6865718112671441,0.7040777794351504
S11,coordinated_latest,wait_gap_severe,2.0028014997904315,0.31974503302956814,3.7763320155330176
S11,coordinated_latest,invalid_claim_frac,0,0,0
S11,coordinated_latest,gini,0.49177724607478146,0.48994653338740257,0.49359710160565545
S11,coordinated_latest,mean_commute_min,19.842384615142628,19.489351352328896,20.17475195043527
S11,coordinated_nearest,median_wait_vulnerable,29.743307025760146,28.91644629492623,30.58793968168065
S11,coordinated_nearest,unserved_frac_vulnerable,0.301642682779028,0.2954398002312889,0.3078739059226917
S11,coordinated_nearest,fully_staffed_frac_vulnerable,0.6955432978485309,0.6893799880267808,0.7016765963816606
S11,coordinated_nearest,wait_gap_vulnerable,1.9560183673911853,0.8947529652617031,3.02786493112475
S11,coordinated_nearest,median_wait_severe,30.076119707624645,28.924455752023224,31.251300693770833
S11,coordinated_nearest,unserved_frac_severe,0.30970460034547365,0.30176267345646307,0.3172988235620135
S11,coordinated_nearest,fully_staffed_frac_severe,0.6872594680533859,0.6797855276817958,0.6951382928748359
S11,coordinated_nearest,wait_gap_severe,2.422918488992191,1.1565464486893346,3.7212335858069188
S11,coordinated_nearest,invalid_claim_frac,0,0,0
S11,coordinated_nearest,gini,0.49929281062697933,0.4976910374507679,0.500876375071774
S11,coordinated_nearest,mean_commute_min,15.77809791294469,15.397776580636846,16.13411931802888
S11,care_score_uncoordinated,median_wait_vulnerable,66.82084365861651,66.70007470572898,66.93871672128107
S11,care_score_uncoordinated,unserved_frac_vulnerable,0.8424622738713219,0.8386948489684177,0.8461038449501841
S11,care_score_uncoordinated,fully_staffed_frac_vulnerable,0.13520037508060212,0.13209589452712442,0.13860614939367197
S11,care_score_uncoordinated,wait_gap_vulnerable,0.12812709448503146,-0.00763015635666027,0.25828124422812143
S11,care_score_uncoordinated,median_wait_severe,65.4262447066391,65.21312216710928,65.6252295101565
S11,care_score_uncoordinated,unserved_frac_severe,0.8511319808840878,0.84559221350339,0.8568305437593176
S11,care_score_uncoordinated,fully_staffed_frac_severe,0.13136334933601546,0.12624900944947046,0.13643114034623138
S11,care_score_uncoordinated,wait_gap_severe,-1.5051467457690213,-1.736338988995027,-1.2885978941414695
S11,care_score_uncoordinated,invalid_claim_frac,0.932954951424851,0.9314930011129019,0.9344471568764252
S11,care_score_uncoordinated,gini,0.9625540500621702,0.9618979036974105,0.963260195376504
S11,care_score_uncoordinated,mean_commute_min,19.984092875965324,19.520029847359925,20.459920283489627
S11,care_score_full_compliance,median_wait_vulnerable,9.672447607775092,9.473364990455382,9.874971098156205
S11,care_score_full_compliance,unserved_frac_vulnerable,0.038102519180216086,0.035334209840000325,0.04103518969730066
S11,care_score_full_compliance,fully_staffed_frac_vulnerable,0.956220029131588,0.9532042479674804,0.9591530281325462
S11,care_score_full_compliance,wait_gap_vulnerable,-36.70665410341794,-37.25222551426414,-36.15930988956964
S11,care_score_full_compliance,median_wait_severe,10.48350631763813,10.23288641949162,10.741147229134617
S11,care_score_full_compliance,unserved_frac_severe,0.04656877038303082,0.042169473976738626,0.050755446263482065
S11,care_score_full_compliance,fully_staffed_frac_severe,0.9448984165857449,0.9401221957652252,0.9495699699113773
S11,care_score_full_compliance,wait_gap_severe,-24.795089109002685,-25.553432101413442,-24.06954420808945
S11,care_score_full_compliance,invalid_claim_frac,0,0,0
S11,care_score_full_compliance,gini,0.49344557848174314,0.4917274418870843,0.4952141049451408
S11,care_score_full_compliance,mean_commute_min,19.859891272934522,19.505949151657983,20.200948405995764
